# 维度	实体	状态/事件	边界值	期望表现(出处)	实测	结论	证据
D1	世界武器模型（w_*.mdl）载体与中间数据（同类漏检：#9 的载体侧）	用户本轮报的场景	真实机 / 本片只诊断（修在后续切片）	复现用户描述的现象	未修（登记为允许的差异）	允许的差异(→ 差异登记.tsv)	同类漏检（登记 #9 时顺手查）：原版的"世界里的武器"是 `models/w_*.mdl`（第三人称手持 + 掉落物都用它），本工程的 38 份模型数据里**只有 29 个 `vm_*`（第一人称视模型）**，`w_*` **一份都没有**（`Art/{T,CT}/viewmodel_*.prefab` 亦然）。⇒ 差异 #75/#76 的载体侧根因：**载体没搬**（不是"搬了没接"）。来源 = 与 M-01/M-02 同一份 repack 的 `models/w_*.mdl`（照片AR 的 `codeload` 路径可取回）⇒ 并进 #75（⛔ 不新开号）
D1	角色模型（9 皮肤：T/CT player_*.prefab）	用户本轮报的场景	真实机 / 本片只诊断（修在后续切片）	复现用户描述的现象	未修（登记为允许的差异）	允许的差异(→ 差异登记.tsv)	离线核对结论（**无字节级证据，如实登记**）：① 工程模型数据的**全部来源**是 `原版资源/cs16src/cs16game/app/cstrike/models/player/*/*.mdl`（9 皮肤）经 `cs16_build.py` / `cs16_anim.py` 转成 `*.cs16mdl`（几何/蒙皮）+ `*.cs16anim`（骨骼动画）；② 中间格式头实测 **`C16M`/`C16A` v1 + 角色名 + 贴图名**（`player_T.cs16mdl` 头 = `C16M\x01…player_T…player_T_TERROR.png`），**不记录源 mdl 的 SHA256**（17,743 B 全量扫过）⇒ 本工程**无法自证**这些是原版 mdl；③ 能站得住的证据只有"与那份 mdl 逐值一致"：骨骼 23（M-03）、序列 111（M-04）、`idle1` fps15/61 帧（M-05）… M-12/M-14（对照表逐条"本片重读一致"）；④ 该 mdl 属**社区 repack**（路径 `cs16game/app/cstrike/models/…`，见 `策划/基线图/场景清单.md:20-39` 对这份 repack 的记录）⇒ 用户"感觉是社区版模型"这件事**离线既不能证实也不能证伪**。可执行路径：照片AR 的 `codeload` 路径重新取回同一 repack 的 `models/**`，逐文件 SHA256 与工程中间数据对账 ⇒ 差异 #71
D2	B 点旋转楼梯（几何形态：连续斜面 vs 台阶）	用户本轮报的场景	真实机 / 本片只诊断（修在后续切片）	复现用户描述的现象	未修（登记为允许的差异）	允许的差异(→ 差异登记.tsv)	【片BD 2026-09-22 **实测**，`tools/probes/bstairs-walkline.txt` 的 (B)/(D) 段】形态**已定案**：本工程 B 点那两段**不是多级台阶，是整片斜楔（连续斜面）** —— T 侧自 (-11.5,29.5) 起 10 格 × 1.000 m **连续**抬升、每格 +0.333 m、地面法线 y 恒为 0.949（≈18.4° 斜面）；CT 侧是 3 格 × 1.000 m 每格 −0.125 m 的下坡接平台（法线 0.992/1.000）。⚠️ **仍未做**：与**原版** .bsp 的 brush 形态对账（载体 `client/Assets/ThirdParty/Dust2/de_dust2.bsp` 2,057,288 B 在盘，本片未解析 brush 几何/平面表）⇒ 差异 #66 **降级**为「形态待与原版对账」，可走性本身已判通
D2	MltryCrteSd.png	上场景	in_scene	有几何的组必须上场景并带 MeshCollider	in_scene=True	一致	client/Assets/Scenes/StageDust2.unity
D2	MltryCrteSd.png	几何存在	tris>0	原版 de_dust2 对应贴图的面必须有几何	tris=51	一致	client/Assets/ThirdParty/Dust2/de_dust2_geo.bin
D2	MltryCrteSd2.png	上场景	in_scene	有几何的组必须上场景并带 MeshCollider	in_scene=True	一致	client/Assets/Scenes/StageDust2.unity
D2	MltryCrteSd2.png	几何存在	tris>0	原版 de_dust2 对应贴图的面必须有几何	tris=72	一致	client/Assets/ThirdParty/Dust2/de_dust2_geo.bin
D2	MltryCrteTp.png	上场景	in_scene	有几何的组必须上场景并带 MeshCollider	in_scene=True	一致	client/Assets/Scenes/StageDust2.unity
D2	MltryCrteTp.png	几何存在	tris>0	原版 de_dust2 对应贴图的面必须有几何	tris=54	一致	client/Assets/ThirdParty/Dust2/de_dust2_geo.bin
D2	SandCCrete.png	上场景	in_scene	有几何的组必须上场景并带 MeshCollider	in_scene=True	一致	client/Assets/Scenes/StageDust2.unity
D2	SandCCrete.png	几何存在	tris>0	原版 de_dust2 对应贴图的面必须有几何	tris=796	一致	client/Assets/ThirdParty/Dust2/de_dust2_geo.bin
D2	SandCCrete2.png	上场景	in_scene	有几何的组必须上场景并带 MeshCollider	in_scene=True	一致	client/Assets/Scenes/StageDust2.unity
D2	SandCCrete2.png	几何存在	tris>0	原版 de_dust2 对应贴图的面必须有几何	tris=3	一致	client/Assets/ThirdParty/Dust2/de_dust2_geo.bin
D2	SandCrtLrgSd.png	上场景	in_scene	有几何的组必须上场景并带 MeshCollider	in_scene=True	一致	client/Assets/Scenes/StageDust2.unity
D2	SandCrtLrgSd.png	几何存在	tris>0	原版 de_dust2 对应贴图的面必须有几何	tris=242	一致	client/Assets/ThirdParty/Dust2/de_dust2_geo.bin
D2	SandCrtLrgTp.png	上场景	in_scene	有几何的组必须上场景并带 MeshCollider	in_scene=True	一致	client/Assets/Scenes/StageDust2.unity
D2	SandCrtLrgTp.png	几何存在	tris>0	原版 de_dust2 对应贴图的面必须有几何	tris=91	一致	client/Assets/ThirdParty/Dust2/de_dust2_geo.bin
D2	SandCrtSmSd.png	上场景	in_scene	有几何的组必须上场景并带 MeshCollider	in_scene=True	一致	client/Assets/Scenes/StageDust2.unity
D2	SandCrtSmSd.png	几何存在	tris>0	原版 de_dust2 对应贴图的面必须有几何	tris=236	一致	client/Assets/ThirdParty/Dust2/de_dust2_geo.bin
D2	SandCrtSmTp.png	上场景	in_scene	有几何的组必须上场景并带 MeshCollider	in_scene=True	一致	client/Assets/Scenes/StageDust2.unity
D2	SandCrtSmTp.png	几何存在	tris>0	原版 de_dust2 对应贴图的面必须有几何	tris=85	一致	client/Assets/ThirdParty/Dust2/de_dust2_geo.bin
D2	SandRoad.png	上场景	in_scene	有几何的组必须上场景并带 MeshCollider	in_scene=True	一致	client/Assets/Scenes/StageDust2.unity
D2	SandRoad.png	几何存在	tris>0	原版 de_dust2 对应贴图的面必须有几何	tris=662	一致	client/Assets/ThirdParty/Dust2/de_dust2_geo.bin
D2	SandRoadTgtB.png	上场景	in_scene	有几何的组必须上场景并带 MeshCollider	in_scene=True	一致	client/Assets/Scenes/StageDust2.unity
D2	SandRoadTgtB.png	几何存在	tris>0	原版 de_dust2 对应贴图的面必须有几何	tris=12	一致	client/Assets/ThirdParty/Dust2/de_dust2_geo.bin
D2	SandTrim.png	上场景	in_scene	有几何的组必须上场景并带 MeshCollider	in_scene=True	一致	client/Assets/Scenes/StageDust2.unity
D2	SandTrim.png	几何存在	tris>0	原版 de_dust2 对应贴图的面必须有几何	tris=2120	一致	client/Assets/ThirdParty/Dust2/de_dust2_geo.bin
D2	SandWllDoor.png	上场景	in_scene	有几何的组必须上场景并带 MeshCollider	in_scene=True	一致	client/Assets/Scenes/StageDust2.unity
D2	SandWllDoor.png	几何存在	tris>0	原版 de_dust2 对应贴图的面必须有几何	tris=135	一致	client/Assets/ThirdParty/Dust2/de_dust2_geo.bin
D2	SandWllDoor2.png	上场景	in_scene	有几何的组必须上场景并带 MeshCollider	in_scene=True	一致	client/Assets/Scenes/StageDust2.unity
D2	SandWllDoor2.png	几何存在	tris>0	原版 de_dust2 对应贴图的面必须有几何	tris=11	一致	client/Assets/ThirdParty/Dust2/de_dust2_geo.bin
D2	SandWllDoorBTA.png	上场景	in_scene	有几何的组必须上场景并带 MeshCollider	in_scene=True	一致	client/Assets/Scenes/StageDust2.unity
D2	SandWllDoorBTA.png	几何存在	tris>0	原版 de_dust2 对应贴图的面必须有几何	tris=5	一致	client/Assets/ThirdParty/Dust2/de_dust2_geo.bin
D2	SandWllDoorBTb.png	上场景	in_scene	有几何的组必须上场景并带 MeshCollider	in_scene=True	一致	client/Assets/Scenes/StageDust2.unity
D2	SandWllDoorBTb.png	几何存在	tris>0	原版 de_dust2 对应贴图的面必须有几何	tris=5	一致	client/Assets/ThirdParty/Dust2/de_dust2_geo.bin
D2	SandWllDoorDJ1.png	上场景	in_scene	有几何的组必须上场景并带 MeshCollider	in_scene=True	一致	client/Assets/Scenes/StageDust2.unity
D2	SandWllDoorDJ1.png	几何存在	tris>0	原版 de_dust2 对应贴图的面必须有几何	tris=32	一致	client/Assets/ThirdParty/Dust2/de_dust2_geo.bin
D2	SandWllDoorDJ2.png	上场景	in_scene	有几何的组必须上场景并带 MeshCollider	in_scene=True	一致	client/Assets/Scenes/StageDust2.unity
D2	SandWllDoorDJ2.png	几何存在	tris>0	原版 de_dust2 对应贴图的面必须有几何	tris=18	一致	client/Assets/ThirdParty/Dust2/de_dust2_geo.bin
D2	SandWllWndw.png	上场景	in_scene	有几何的组必须上场景并带 MeshCollider	in_scene=True	一致	client/Assets/Scenes/StageDust2.unity
D2	SandWllWndw.png	几何存在	tris>0	原版 de_dust2 对应贴图的面必须有几何	tris=174	一致	client/Assets/ThirdParty/Dust2/de_dust2_geo.bin
D2	_0Sand.png	上场景	in_scene	有几何的组必须上场景并带 MeshCollider	in_scene=True	一致	client/Assets/Scenes/StageDust2.unity
D2	_0Sand.png	几何存在	tris>0	原版 de_dust2 对应贴图的面必须有几何	tris=320	一致	client/Assets/ThirdParty/Dust2/de_dust2_geo.bin
D2	_0SandRock2.png	上场景	in_scene	有几何的组必须上场景并带 MeshCollider	in_scene=True	一致	client/Assets/Scenes/StageDust2.unity
D2	_0SandRock2.png	几何存在	tris>0	原版 de_dust2 对应贴图的面必须有几何	tris=280	一致	client/Assets/ThirdParty/Dust2/de_dust2_geo.bin
D2	_0csSandWall.png	上场景	in_scene	有几何的组必须上场景并带 MeshCollider	in_scene=True	一致	client/Assets/Scenes/StageDust2.unity
D2	_0csSandWall.png	几何存在	tris>0	原版 de_dust2 对应贴图的面必须有几何	tris=3774	一致	client/Assets/ThirdParty/Dust2/de_dust2_geo.bin
D2	_2Sand.png	上场景	in_scene	有几何的组必须上场景并带 MeshCollider	in_scene=True	一致	client/Assets/Scenes/StageDust2.unity
D2	_2Sand.png	几何存在	tris>0	原版 de_dust2 对应贴图的面必须有几何	tris=380	一致	client/Assets/ThirdParty/Dust2/de_dust2_geo.bin
D2	box.png	上场景	in_scene	有几何的组必须上场景并带 MeshCollider	in_scene=True	一致	client/Assets/Scenes/StageDust2.unity
D2	box.png	几何存在	tris>0	原版 de_dust2 对应贴图的面必须有几何	tris=36	一致	client/Assets/ThirdParty/Dust2/de_dust2_geo.bin
D2	box_x.png	上场景	in_scene	有几何的组必须上场景并带 MeshCollider	in_scene=True	一致	client/Assets/Scenes/StageDust2.unity
D2	box_x.png	几何存在	tris>0	原版 de_dust2 对应贴图的面必须有几何	tris=216	一致	client/Assets/ThirdParty/Dust2/de_dust2_geo.bin
D2	csSandWallBTA.png	上场景	in_scene	有几何的组必须上场景并带 MeshCollider	in_scene=True	一致	client/Assets/Scenes/StageDust2.unity
D2	csSandWallBTA.png	几何存在	tris>0	原版 de_dust2 对应贴图的面必须有几何	tris=12	一致	client/Assets/ThirdParty/Dust2/de_dust2_geo.bin
D2	csSandWallBTB.png	上场景	in_scene	有几何的组必须上场景并带 MeshCollider	in_scene=True	一致	client/Assets/Scenes/StageDust2.unity
D2	csSandWallBTB.png	几何存在	tris>0	原版 de_dust2 对应贴图的面必须有几何	tris=4	一致	client/Assets/ThirdParty/Dust2/de_dust2_geo.bin
D2	csSandWallDJ1.png	上场景	in_scene	有几何的组必须上场景并带 MeshCollider	in_scene=True	一致	client/Assets/Scenes/StageDust2.unity
D2	csSandWallDJ1.png	几何存在	tris>0	原版 de_dust2 对应贴图的面必须有几何	tris=5	一致	client/Assets/ThirdParty/Dust2/de_dust2_geo.bin
D2	csSandWallGH1a.png	上场景	in_scene	有几何的组必须上场景并带 MeshCollider	in_scene=True	一致	client/Assets/Scenes/StageDust2.unity
D2	csSandWallGH1a.png	几何存在	tris>0	原版 de_dust2 对应贴图的面必须有几何	tris=7	一致	client/Assets/ThirdParty/Dust2/de_dust2_geo.bin
D2	csSandWallGH1b.png	上场景	in_scene	有几何的组必须上场景并带 MeshCollider	in_scene=True	一致	client/Assets/Scenes/StageDust2.unity
D2	csSandWallGH1b.png	几何存在	tris>0	原版 de_dust2 对应贴图的面必须有几何	tris=8	一致	client/Assets/ThirdParty/Dust2/de_dust2_geo.bin
D2	djCredit1.png	上场景	in_scene	有几何的组必须上场景并带 MeshCollider	in_scene=True	一致	client/Assets/Scenes/StageDust2.unity
D2	djCredit1.png	几何存在	tris>0	原版 de_dust2 对应贴图的面必须有几何	tris=8	一致	client/Assets/ThirdParty/Dust2/de_dust2_geo.bin
D2	djCredit2.png	上场景	in_scene	有几何的组必须上场景并带 MeshCollider	in_scene=True	一致	client/Assets/Scenes/StageDust2.unity
D2	djCredit2.png	几何存在	tris>0	原版 de_dust2 对应贴图的面必须有几何	tris=6	一致	client/Assets/ThirdParty/Dust2/de_dust2_geo.bin
D2	white.png	上场景	in_scene	有几何的组必须上场景并带 MeshCollider	in_scene=True	一致	client/Assets/Scenes/StageDust2.unity
D2	white.png	几何存在	tris>0	原版 de_dust2 对应贴图的面必须有几何	tris=72	一致	client/Assets/ThirdParty/Dust2/de_dust2_geo.bin
D2	低矮障碍/T 家那处（截图 f07/f08）	位置与高差	地面 + 0.81 m	原版可跳过	cell=(20,27) xz=(-42.50,-44.50) 地面=3.25 顶面=4.06 组=_0csSandWall.png	一致	.ai-tmp/screenshots/f07-Tbase-lowobstacle-far.png
D2	低矮障碍（含楼梯扶手/台阶沿）	A 点起跳能不能落到 B 点	起跳后脚面高于顶面的时间窗 × 水平速度 ≥ 障碍宽+2×半径	原版：矮障碍可以跳过去（出处：原版 de_dust2.bsp 几何 + pm_shared.c 跳跃初速 6.82 + sv_gravity 800*0.0254）	最紧一处 h=1.13 m ⇒ 时间窗 0.073 s × SpeedKnife 5.4 m/s = 0.39 m，需跨 1.72 m（不可达）	允许的差异(→ 差异登记.tsv)	tools/probes/geom-check.py（A5 轨迹断言）
D2	低矮障碍（含楼梯扶手/台阶沿）	存在与可跳过	顶面高差 ≤ 跳跃可达高度	原版：矮障碍可以跳过去/站上去（出处：原版 de_dust2.bsp 几何 + pm_shared.c 跳跃初速）	候选=71 地面挡=71 跳起通=67（其中外侧虚空 2 / 身高带真有实体 2）	允许的差异(→ 差异登记.tsv)	tools/probes/geom-check.py（A5）
D2	低矮障碍（含楼梯扶手/台阶沿）	边界：恰好在跳跃可达高度上	1.1445 m（= v²/2g）	顶面高差 ≤ 它 ⇒ 能跳过去；> 它 ⇒ 本来就跳不过去（不该被算成差异）	最高一处候选高差=1.13 m	一致	Core/CsConst.cs（JumpSpeed/Gravity）
D2	全图楼梯 / 坡道 / 台阶（同类漏检：#1 只报了 B 旋转楼梯）	用户本轮报的场景	真实机 / 本片只诊断（修在后续切片）	复现用户描述的现象	未修（登记为允许的差异）	允许的差异(→ 差异登记.tsv)	登记 #1 时顺手查同类：`策划/对照表.md` 只登记了"坡道可站立阈值 = MaxStandableSlopeNormalZ 0.7（差 0）"一条**常量级**判据，`geom-check.py` 的 A5 只覆盖"低矮障碍"，⇒ **全图所有楼梯/坡道/台阶没有任何 A→B 可走性判据**（T 坡道、A 点斜坡、B 门台阶、CT 出生台…）。判据 = 把全图"高差 ≤ 0.45m 的连续落差面"分类成台阶/斜面/台沿，逐段做底→顶可走断言 ⇒ 与 #66 同一行登记（⛔ 不是新差异号，属 #1 的同类扩样）
D2	第三人称手持武器（角色身上看不到拿什么枪）	用户本轮报的场景	真实机 / 本片只诊断（修在后续切片）	复现用户描述的现象	未修（登记为允许的差异）	允许的差异(→ 差异登记.tsv)	离线已判：角色预制体里**没有武器节点、也没有挂点**（`Art/T/player.prefab` / `Art/CT/*.prefab` 的 `m_Name` 全量列表里 只有骨架/皮肤/命中盒/`Bomb`；存在 `client/Assets/Resources/Art/{T,CT}/player*.prefab` 的 m_Name 全量列表里没有武器节点/挂点（已取回：prefab 本身）范围={ 根:[client/Assets/Resources/Art/T/player.prefab,client/Assets/Resources/Art/CT] | 式:[weapon,w_] | 工具默认:尊重 ignore=True | 含隐藏目录=True | 跳过二进制=**是**（rg 默认） | 显式列根=True（⛔ 全仓搜索 ≠ 本串口径） | 跟随 junction=**否**（**全仓搜索**默认不进；显式列根时能枚举） | 读失败=计入"读失败数" | 扫描文件数:{合计:69, client/Assets/Resources/Art/T/player.prefab:1, client/Assets/Resources/Art/CT:68, 读失败:0} | 排除:[client/Assets/Resources/Art/T/player.prefab（显式列根，用 rg --files；⛔ 全仓搜索 ≠ 本串的口径）;client/Assets/Resources/Art/CT（显式列根，用 rg --files；⛔ 全仓搜索 ≠ 本串的口径）] }）。`ActorView` 的装配只有 `transform.SetPositionAndRotation` + `Body` 缩放 + 动画（`ActorView.cs:434-496`），**不挂任何武器**。⇒ "第三人称看不到他拿什么枪"= 结构性未做（与"枪不在地方"同根：没有世界武器对象）⇒ 差异 #75
D2	门组/SandWllDoor.png	门板几何非空	tris>0	原版 de_dust2 的门必须有可见门板（出处：原版 de_dust2.bsp 的 door 面）	tris=135	一致	client/Assets/ThirdParty/Dust2/de_dust2_geo.bin
D2	门组/SandWllDoor2.png	门板几何非空	tris>0	原版 de_dust2 的门必须有可见门板（出处：原版 de_dust2.bsp 的 door 面）	tris=11	一致	client/Assets/ThirdParty/Dust2/de_dust2_geo.bin
D2	门组/SandWllDoorBTA.png	门板几何非空	tris>0	原版 de_dust2 的门必须有可见门板（出处：原版 de_dust2.bsp 的 door 面）	tris=5	一致	client/Assets/ThirdParty/Dust2/de_dust2_geo.bin
D2	门组/SandWllDoorBTb.png	门板几何非空	tris>0	原版 de_dust2 的门必须有可见门板（出处：原版 de_dust2.bsp 的 door 面）	tris=5	一致	client/Assets/ThirdParty/Dust2/de_dust2_geo.bin
D2	门组/SandWllDoorDJ1.png	门板几何非空	tris>0	原版 de_dust2 的门必须有可见门板（出处：原版 de_dust2.bsp 的 door 面）	tris=32	一致	client/Assets/ThirdParty/Dust2/de_dust2_geo.bin
D2	门组/SandWllDoorDJ2.png	门板几何非空	tris>0	原版 de_dust2 的门必须有可见门板（出处：原版 de_dust2.bsp 的 door 面）	tris=18	一致	client/Assets/ThirdParty/Dust2/de_dust2_geo.bin
D3	client/Assets/ThirdParty/Dust2/Materials/MltryCrteSd.mat	贴图指向/MltryCrteSd.png	文件存在	材质的贴图必须能解到磁盘文件	解到 client/Assets/ThirdParty/Dust2/Textures/MltryCrteSd.png	一致	client/Assets/ThirdParty/Dust2/Materials/MltryCrteSd.mat
D3	client/Assets/ThirdParty/Dust2/Materials/MltryCrteSd2.mat	贴图指向/MltryCrteSd2.png	文件存在	材质的贴图必须能解到磁盘文件	解到 client/Assets/ThirdParty/Dust2/Textures/MltryCrteSd2.png	一致	client/Assets/ThirdParty/Dust2/Materials/MltryCrteSd2.mat
D3	client/Assets/ThirdParty/Dust2/Materials/MltryCrteTp.mat	贴图指向/MltryCrteTp.png	文件存在	材质的贴图必须能解到磁盘文件	解到 client/Assets/ThirdParty/Dust2/Textures/MltryCrteTp.png	一致	client/Assets/ThirdParty/Dust2/Materials/MltryCrteTp.mat
D3	client/Assets/ThirdParty/Dust2/Materials/SandCCrete.mat	贴图指向/SandCCrete.png	文件存在	材质的贴图必须能解到磁盘文件	解到 client/Assets/ThirdParty/Dust2/Textures/SandCCrete.png	一致	client/Assets/ThirdParty/Dust2/Materials/SandCCrete.mat
D3	client/Assets/ThirdParty/Dust2/Materials/SandCCrete2.mat	贴图指向/SandCCrete2.png	文件存在	材质的贴图必须能解到磁盘文件	解到 client/Assets/ThirdParty/Dust2/Textures/SandCCrete2.png	一致	client/Assets/ThirdParty/Dust2/Materials/SandCCrete2.mat
D3	client/Assets/ThirdParty/Dust2/Materials/SandCrtLrgSd.mat	贴图指向/SandCrtLrgSd.png	文件存在	材质的贴图必须能解到磁盘文件	解到 client/Assets/ThirdParty/Dust2/Textures/SandCrtLrgSd.png	一致	client/Assets/ThirdParty/Dust2/Materials/SandCrtLrgSd.mat
D3	client/Assets/ThirdParty/Dust2/Materials/SandCrtLrgTp.mat	贴图指向/SandCrtLrgTp.png	文件存在	材质的贴图必须能解到磁盘文件	解到 client/Assets/ThirdParty/Dust2/Textures/SandCrtLrgTp.png	一致	client/Assets/ThirdParty/Dust2/Materials/SandCrtLrgTp.mat
D3	client/Assets/ThirdParty/Dust2/Materials/SandCrtSmSd.mat	贴图指向/SandCrtSmSd.png	文件存在	材质的贴图必须能解到磁盘文件	解到 client/Assets/ThirdParty/Dust2/Textures/SandCrtSmSd.png	一致	client/Assets/ThirdParty/Dust2/Materials/SandCrtSmSd.mat
D3	client/Assets/ThirdParty/Dust2/Materials/SandCrtSmTp.mat	贴图指向/SandCrtSmTp.png	文件存在	材质的贴图必须能解到磁盘文件	解到 client/Assets/ThirdParty/Dust2/Textures/SandCrtSmTp.png	一致	client/Assets/ThirdParty/Dust2/Materials/SandCrtSmTp.mat
D3	client/Assets/ThirdParty/Dust2/Materials/SandRoad.mat	贴图指向/SandRoad.png	文件存在	材质的贴图必须能解到磁盘文件	解到 client/Assets/ThirdParty/Dust2/Textures/SandRoad.png	一致	client/Assets/ThirdParty/Dust2/Materials/SandRoad.mat
D3	client/Assets/ThirdParty/Dust2/Materials/SandRoadTgtB.mat	贴图指向/SandRoadTgtB.png	文件存在	材质的贴图必须能解到磁盘文件	解到 client/Assets/ThirdParty/Dust2/Textures/SandRoadTgtB.png	一致	client/Assets/ThirdParty/Dust2/Materials/SandRoadTgtB.mat
D3	client/Assets/ThirdParty/Dust2/Materials/SandTrim.mat	贴图指向/SandTrim.png	文件存在	材质的贴图必须能解到磁盘文件	解到 client/Assets/ThirdParty/Dust2/Textures/SandTrim.png	一致	client/Assets/ThirdParty/Dust2/Materials/SandTrim.mat
D3	client/Assets/ThirdParty/Dust2/Materials/SandWllDoor.mat	贴图指向/SandWllDoor.png	文件存在	材质的贴图必须能解到磁盘文件	解到 client/Assets/ThirdParty/Dust2/Textures/SandWllDoor.png	一致	client/Assets/ThirdParty/Dust2/Materials/SandWllDoor.mat
D3	client/Assets/ThirdParty/Dust2/Materials/SandWllDoor2.mat	贴图指向/SandWllDoor2.png	文件存在	材质的贴图必须能解到磁盘文件	解到 client/Assets/ThirdParty/Dust2/Textures/SandWllDoor2.png	一致	client/Assets/ThirdParty/Dust2/Materials/SandWllDoor2.mat
D3	client/Assets/ThirdParty/Dust2/Materials/SandWllDoorBTA.mat	贴图指向/SandWllDoorBTA.png	文件存在	材质的贴图必须能解到磁盘文件	解到 client/Assets/ThirdParty/Dust2/Textures/SandWllDoorBTA.png	一致	client/Assets/ThirdParty/Dust2/Materials/SandWllDoorBTA.mat
D3	client/Assets/ThirdParty/Dust2/Materials/SandWllDoorBTb.mat	贴图指向/SandWllDoorBTb.png	文件存在	材质的贴图必须能解到磁盘文件	解到 client/Assets/ThirdParty/Dust2/Textures/SandWllDoorBTb.png	一致	client/Assets/ThirdParty/Dust2/Materials/SandWllDoorBTb.mat
D3	client/Assets/ThirdParty/Dust2/Materials/SandWllDoorDJ1.mat	贴图指向/SandWllDoorDJ1.png	文件存在	材质的贴图必须能解到磁盘文件	解到 client/Assets/ThirdParty/Dust2/Textures/SandWllDoorDJ1.png	一致	client/Assets/ThirdParty/Dust2/Materials/SandWllDoorDJ1.mat
D3	client/Assets/ThirdParty/Dust2/Materials/SandWllDoorDJ2.mat	贴图指向/SandWllDoorDJ2.png	文件存在	材质的贴图必须能解到磁盘文件	解到 client/Assets/ThirdParty/Dust2/Textures/SandWllDoorDJ2.png	一致	client/Assets/ThirdParty/Dust2/Materials/SandWllDoorDJ2.mat
D3	client/Assets/ThirdParty/Dust2/Materials/SandWllWndw.mat	贴图指向/SandWllWndw.png	文件存在	材质的贴图必须能解到磁盘文件	解到 client/Assets/ThirdParty/Dust2/Textures/SandWllWndw.png	一致	client/Assets/ThirdParty/Dust2/Materials/SandWllWndw.mat
D3	client/Assets/ThirdParty/Dust2/Materials/_0Sand.mat	贴图指向/_0Sand.png	文件存在	材质的贴图必须能解到磁盘文件	解到 client/Assets/ThirdParty/Dust2/Textures/_0Sand.png	一致	client/Assets/ThirdParty/Dust2/Materials/_0Sand.mat
D3	client/Assets/ThirdParty/Dust2/Materials/_0SandRock2.mat	贴图指向/_0SandRock2.png	文件存在	材质的贴图必须能解到磁盘文件	解到 client/Assets/ThirdParty/Dust2/Textures/_0SandRock2.png	一致	client/Assets/ThirdParty/Dust2/Materials/_0SandRock2.mat
D3	client/Assets/ThirdParty/Dust2/Materials/_0csSandWall.mat	贴图指向/_0csSandWall.png	文件存在	材质的贴图必须能解到磁盘文件	解到 client/Assets/ThirdParty/Dust2/Textures/_0csSandWall.png	一致	client/Assets/ThirdParty/Dust2/Materials/_0csSandWall.mat
D3	client/Assets/ThirdParty/Dust2/Materials/_2Sand.mat	贴图指向/_2Sand.png	文件存在	材质的贴图必须能解到磁盘文件	解到 client/Assets/ThirdParty/Dust2/Textures/_2Sand.png	一致	client/Assets/ThirdParty/Dust2/Materials/_2Sand.mat
D3	client/Assets/ThirdParty/Dust2/Materials/box.mat	贴图指向/box.png	文件存在	材质的贴图必须能解到磁盘文件	解到 client/Assets/ThirdParty/Dust2/Textures/box.png	一致	client/Assets/ThirdParty/Dust2/Materials/box.mat
D3	client/Assets/ThirdParty/Dust2/Materials/box_x.mat	贴图指向/box_x.png	文件存在	材质的贴图必须能解到磁盘文件	解到 client/Assets/ThirdParty/Dust2/Textures/box_x.png	一致	client/Assets/ThirdParty/Dust2/Materials/box_x.mat
D3	client/Assets/ThirdParty/Dust2/Materials/csSandWallBTA.mat	贴图指向/csSandWallBTA.png	文件存在	材质的贴图必须能解到磁盘文件	解到 client/Assets/ThirdParty/Dust2/Textures/csSandWallBTA.png	一致	client/Assets/ThirdParty/Dust2/Materials/csSandWallBTA.mat
D3	client/Assets/ThirdParty/Dust2/Materials/csSandWallBTB.mat	贴图指向/csSandWallBTB.png	文件存在	材质的贴图必须能解到磁盘文件	解到 client/Assets/ThirdParty/Dust2/Textures/csSandWallBTB.png	一致	client/Assets/ThirdParty/Dust2/Materials/csSandWallBTB.mat
D3	client/Assets/ThirdParty/Dust2/Materials/csSandWallDJ1.mat	贴图指向/csSandWallDJ1.png	文件存在	材质的贴图必须能解到磁盘文件	解到 client/Assets/ThirdParty/Dust2/Textures/csSandWallDJ1.png	一致	client/Assets/ThirdParty/Dust2/Materials/csSandWallDJ1.mat
D3	client/Assets/ThirdParty/Dust2/Materials/csSandWallGH1a.mat	贴图指向/csSandWallGH1a.png	文件存在	材质的贴图必须能解到磁盘文件	解到 client/Assets/ThirdParty/Dust2/Textures/csSandWallGH1a.png	一致	client/Assets/ThirdParty/Dust2/Materials/csSandWallGH1a.mat
D3	client/Assets/ThirdParty/Dust2/Materials/csSandWallGH1b.mat	贴图指向/csSandWallGH1b.png	文件存在	材质的贴图必须能解到磁盘文件	解到 client/Assets/ThirdParty/Dust2/Textures/csSandWallGH1b.png	一致	client/Assets/ThirdParty/Dust2/Materials/csSandWallGH1b.mat
D3	client/Assets/ThirdParty/Dust2/Materials/djCredit1.mat	贴图指向/djCredit1.png	文件存在	材质的贴图必须能解到磁盘文件	解到 client/Assets/ThirdParty/Dust2/Textures/djCredit1.png	一致	client/Assets/ThirdParty/Dust2/Materials/djCredit1.mat
D3	client/Assets/ThirdParty/Dust2/Materials/djCredit2.mat	贴图指向/djCredit2.png	文件存在	材质的贴图必须能解到磁盘文件	解到 client/Assets/ThirdParty/Dust2/Textures/djCredit2.png	一致	client/Assets/ThirdParty/Dust2/Materials/djCredit2.mat
D3	client/Assets/ThirdParty/Dust2/Materials/ground.mat	贴图指向/ground.png	文件存在	材质的贴图必须能解到磁盘文件	解到 client/Assets/ThirdParty/Dust2/Textures/ground.png	一致	client/Assets/ThirdParty/Dust2/Materials/ground.mat
D3	client/Assets/ThirdParty/Dust2/Materials/path.mat	贴图指向/path.png	文件存在	材质的贴图必须能解到磁盘文件	解到 client/Assets/ThirdParty/Dust2/Textures/path.png	一致	client/Assets/ThirdParty/Dust2/Materials/path.mat
D3	client/Assets/ThirdParty/Dust2/Materials/wall1.mat	贴图指向/wall1.png	文件存在	材质的贴图必须能解到磁盘文件	解到 client/Assets/ThirdParty/Dust2/Textures/wall1.png	一致	client/Assets/ThirdParty/Dust2/Materials/wall1.mat
D3	client/Assets/ThirdParty/Dust2/Materials/wall_h.mat	贴图指向/wall_h.png	文件存在	材质的贴图必须能解到磁盘文件	解到 client/Assets/ThirdParty/Dust2/Textures/wall_h.png	一致	client/Assets/ThirdParty/Dust2/Materials/wall_h.mat
D3	client/Assets/ThirdParty/Dust2/Materials/wall_w.mat	贴图指向/wall_w.png	文件存在	材质的贴图必须能解到磁盘文件	解到 client/Assets/ThirdParty/Dust2/Textures/wall_w.png	一致	client/Assets/ThirdParty/Dust2/Materials/wall_w.mat
D3	client/Assets/ThirdParty/Dust2/Materials/white.mat	贴图指向/white.png	文件存在	材质的贴图必须能解到磁盘文件	解到 client/Assets/ThirdParty/Dust2/Textures/white.png	一致	client/Assets/ThirdParty/Dust2/Materials/white.mat
D3	client/Assets/ThirdParty/Dust2/Skybox/Dust2Sky.mat	贴图指向/sky_bk.png	文件存在	材质的贴图必须能解到磁盘文件	解到 client/Assets/ThirdParty/Dust2/Skybox/sky_bk.png	一致	client/Assets/ThirdParty/Dust2/Skybox/Dust2Sky.mat
D3	client/Assets/ThirdParty/Dust2/Skybox/Dust2Sky.mat	贴图指向/sky_dn_r270cw.png	文件存在	材质的贴图必须能解到磁盘文件	解到 client/Assets/ThirdParty/Dust2/Skybox/sky_dn_r270cw.png	一致	client/Assets/ThirdParty/Dust2/Skybox/Dust2Sky.mat
D3	client/Assets/ThirdParty/Dust2/Skybox/Dust2Sky.mat	贴图指向/sky_ft.png	文件存在	材质的贴图必须能解到磁盘文件	解到 client/Assets/ThirdParty/Dust2/Skybox/sky_ft.png	一致	client/Assets/ThirdParty/Dust2/Skybox/Dust2Sky.mat
D3	client/Assets/ThirdParty/Dust2/Skybox/Dust2Sky.mat	贴图指向/sky_lf.png	文件存在	材质的贴图必须能解到磁盘文件	解到 client/Assets/ThirdParty/Dust2/Skybox/sky_lf.png	一致	client/Assets/ThirdParty/Dust2/Skybox/Dust2Sky.mat
D3	client/Assets/ThirdParty/Dust2/Skybox/Dust2Sky.mat	贴图指向/sky_rt.png	文件存在	材质的贴图必须能解到磁盘文件	解到 client/Assets/ThirdParty/Dust2/Skybox/sky_rt.png	一致	client/Assets/ThirdParty/Dust2/Skybox/Dust2Sky.mat
D3	client/Assets/ThirdParty/Dust2/Skybox/Dust2Sky.mat	贴图指向/sky_up_r90cw.png	文件存在	材质的贴图必须能解到磁盘文件	解到 client/Assets/ThirdParty/Dust2/Skybox/sky_up_r90cw.png	一致	client/Assets/ThirdParty/Dust2/Skybox/Dust2Sky.mat
D3	弹痕的按材质 / 多变体表现（同类漏检：#4 只报了"痕迹不对"）	用户本轮报的场景	真实机 / 本片只诊断（修在后续切片）	复现用户描述的现象	未修（登记为允许的差异）	允许的差异(→ 差异登记.tsv)	同类漏检：弹痕的**表现类**判据（贴面朝向 / 尺寸 / 变体 / 按命中材质的观感）在本工程**没有任何并排图或格号**证据。 **【片FX-ALL 2026-09-23 落地 · 消除】** ① **变体 1 张 → 5 张**：`decals.wad` 的 `{shot1`…`{shot5` 全解出（各 16×16，台账 `.ai-tmp/test/fx-decal-variants.tsv`），`Core/ResPaths.cs` 新增 `FxBulletHoleKeys` **字面量 key 表**（⛔ 不是拼串：拼出来的 key 在静态扫描里看不见，`coverage-diff` 的 D1 维度会把贴图判成"文件在盘上但无人读"），`CombatEffects` 按表逐个加载、命中时均匀随机取一；② 并排图已采：联络图 `fx-表现联络图.png` 格 **02**（朝地：贴面法线朝上）/ 格 **05**（朝墙：贴面法线水平）/ 格 **09**（连打多发的多变体同框），三格同机位同冻结帧；清单 `.ai-tmp/screenshots/fx-contact-sheet.index.tsv`；③ **尺寸口径已修**（原缺陷，本片判据 B 段锚定的就是它）：旧实现 `decal.Tr.localScale = Vector3.one * CsCombatTuning.DecalSize` 把 **16px 的贴图当成 1 个世界单位宽** ⇒ 画出来只有 `0.075 / 16 ≈ 0.0120 m`，比要求的 7.5 cm **小 6.25 倍**（这是"弹痕小到看不见"的第一因）。新实现 `SpriteScaleForMeters(Sprite s, float meters)` 用 `s.bounds.size.x` 反推缩放（`CombatEffects.cs`），弹痕 / 火星 / 血迹三处共用；实机原文 `弹痕落在 (-11.52,3.25,-45.70)（法线 (0,1,0)）→ 贴图 fx_shot3 启用=True 世界宽=0.075m 缩放=0.469 变体数=5`。④ **贴面朝向的退化四元数已修**（原缺陷）：`Quaternion.LookRotation(forward, up)` 要求 `up` 与 `forward` 不平行；命中**地面**时法线就是 `(0,1,0)`、`-normal` 与 `Vector3.up` 正好反向 ⇒ 四元数**退化**、贴片**立起来**，正对相机看只有一条线（表现上又是"没有弹痕"）。已抽共享 helper `CombatEffects.SurfaceUp(normal)`（`abs(dot(normal, up)) > 0.9` 时改用 `Vector3.forward`），**弹痕 / 火星 / 血迹贴花三处全走它** —— 只修一处等于把同一个坑挪到另外两处等着复发（判据 D 段第二次跑时正是又捞出火星 + 血迹这两处）。⑤ **遮罩透明已修**（原缺陷）：本工程 decal 贴图从 `decals.wad` 解出时，遮罩透明色**不是 255 而是调色板索引 0**（`{shot1` / `{blood1` / `{bigshot1` 的最高频索引 = 0，索引 255 一个像素都没有）—— 旧口径照搬 `spr-extract.py` 的 255 ⇒ alpha 全 1、贴图**解出来是不透明的白方块**。`tools/probes/wad3-extract.py` 加 `masked_bg_index`（按四角众数判背景索引）+ 4 条**代码级**自检；判据 E 段自带最小 PNG 解码器逐张断言"11 张贴图既有不透明像素也有透明像素"（修复前 256/256 全不透明；实测 `fx_shot1` 45/256、`fx_blood1` 574/2304、`fx_blood5` 335/4096）。⑥ 判据 = `tools/probes/decal-size-probe.py` 六段（A 结构 / B 数值：逐张贴图用**真实 IHDR 像素宽 + 真实 `.meta` PPU** 复算 / C 反例取 `git show HEAD:` 取现 / D 朝向 / E 透明度 / F 埋点）**RESULT: PASS**；其中 D、E 两段是**先红后修**，红的时候正好各捞出上述一处真缺陷。⑦ **肉眼终判**（AI 读图，格 02 / 05 各放大 5 倍）：地面那张有 **7 个**白灰放射状弹痕、沿后坐力方向排成一条竖线；墙面那张有 **6 个**同类弹痕 —— 两者形态**同构**（白灰溅环 + 深色洞芯 + 圆形正对相机）；若 ④ 未修则朝地那批会立起来成一条线，所以这同时是 ④ 生效的直接证据。⑧ **贴图本身是灰阶**（实测）：`decals.wad` 的调色板**逐 lump 彩色条目 0~1/256** ⇒ 弹痕 / 血迹贴图本身**不带颜色**（画出来是灰阶），原版是否由引擎染色未取证。⚠️ 仍未消除：**原版 decal 尺寸的出处**未拿到 —— `CsCombatTuning.DecalSize = 0.075f` 的注释自认是"按原版观感（~7 cm）"，新增的 `DecalMetersPerPixel` 也只是同族比例推演（48px→0.225 m / 64px→0.30 m），⛔ 不是出处（`{bigshot1`…`{bigshot5` 已解出但刻意不落盘：大口径的选择在引擎 `hw.dll` 里，不在盘 ⇒ 落盘即构成 T0 违规）。⇒ 与 #69 同一差异行
D3	角色模型的贴图 / skin 绑定（同类漏检：#6 只报了"模型不对"）	用户本轮报的场景	真实机 / 本片只诊断（修在后续切片）	复现用户描述的现象	未修（登记为允许的差异）	允许的差异(→ 差异登记.tsv)	登记 #6 时顺手查同类：M-16 明写"我方按 md5 去重合并，**不再与 mdl 一一对应**"⇒ "模型看起来不对"的另一半（skin/贴图）在本工程**没有按材质槽逐条对账过的判据**。判据 = 逐 skin（`Art/Mat` × `Art/Tex`）× 每个 Renderer 的材质槽，与 mdl 的 `numtextures` 一一对上 ⇒ 并进差异 #71（⛔ 不新开号）
D4	BuyMenuPanel.prefab/Cat0	常态	-	原版 UI 同控件的同状态（出处：原版 resource/*.res 的 ButtonBG/ArmedBg 等）	已在联络图 contact-sheet-2-ingame.png 格 B-15 上目视	一致	需并排图
D4	BuyMenuPanel.prefab/Cat0	悬停	highlightedSprite/颜色	原版 UI 同控件的同状态（出处：原版 resource/*.res 的 ButtonBG/ArmedBg 等）	已在联络图 contact-sheet-2-ingame.png 格 B-15 上目视	一致	需并排图
D4	BuyMenuPanel.prefab/Cat0	按下	pressedSprite/颜色	原版 UI 同控件的同状态（出处：原版 resource/*.res 的 ButtonBG/ArmedBg 等）	已在联络图 contact-sheet-2-ingame.png 格 B-15 上目视	一致	需并排图
D4	BuyMenuPanel.prefab/Cat0	禁用	disabledState	原版 UI 同控件的同状态（出处：原版 resource/*.res 的 ButtonBG/ArmedBg 等）	已在联络图 contact-sheet-2-ingame.png 格 B-15 上目视	一致	需并排图
D4	BuyMenuPanel.prefab/Cat0	选中	selectedState	原版 UI 同控件的同状态（出处：原版 resource/*.res 的 ButtonBG/ArmedBg 等）	已在联络图 contact-sheet-2-ingame.png 格 B-15 上目视	一致	需并排图
D4	BuyMenuPanel.prefab/Cat1	常态	-	原版 UI 同控件的同状态（出处：原版 resource/*.res 的 ButtonBG/ArmedBg 等）	已在联络图 contact-sheet-2-ingame.png 格 B-15 上目视	一致	需并排图
D4	BuyMenuPanel.prefab/Cat1	悬停	highlightedSprite/颜色	原版 UI 同控件的同状态（出处：原版 resource/*.res 的 ButtonBG/ArmedBg 等）	已在联络图 contact-sheet-2-ingame.png 格 B-15 上目视	一致	需并排图
D4	BuyMenuPanel.prefab/Cat1	按下	pressedSprite/颜色	原版 UI 同控件的同状态（出处：原版 resource/*.res 的 ButtonBG/ArmedBg 等）	已在联络图 contact-sheet-2-ingame.png 格 B-15 上目视	一致	需并排图
D4	BuyMenuPanel.prefab/Cat1	禁用	disabledState	原版 UI 同控件的同状态（出处：原版 resource/*.res 的 ButtonBG/ArmedBg 等）	已在联络图 contact-sheet-2-ingame.png 格 B-15 上目视	一致	需并排图
D4	BuyMenuPanel.prefab/Cat1	选中	selectedState	原版 UI 同控件的同状态（出处：原版 resource/*.res 的 ButtonBG/ArmedBg 等）	已在联络图 contact-sheet-2-ingame.png 格 B-15 上目视	一致	需并排图
D4	BuyMenuPanel.prefab/Cat2	常态	-	原版 UI 同控件的同状态（出处：原版 resource/*.res 的 ButtonBG/ArmedBg 等）	已在联络图 contact-sheet-2-ingame.png 格 B-15 上目视	一致	需并排图
D4	BuyMenuPanel.prefab/Cat2	悬停	highlightedSprite/颜色	原版 UI 同控件的同状态（出处：原版 resource/*.res 的 ButtonBG/ArmedBg 等）	已在联络图 contact-sheet-2-ingame.png 格 B-15 上目视	一致	需并排图
D4	BuyMenuPanel.prefab/Cat2	按下	pressedSprite/颜色	原版 UI 同控件的同状态（出处：原版 resource/*.res 的 ButtonBG/ArmedBg 等）	已在联络图 contact-sheet-2-ingame.png 格 B-15 上目视	一致	需并排图
D4	BuyMenuPanel.prefab/Cat2	禁用	disabledState	原版 UI 同控件的同状态（出处：原版 resource/*.res 的 ButtonBG/ArmedBg 等）	已在联络图 contact-sheet-2-ingame.png 格 B-15 上目视	一致	需并排图
D4	BuyMenuPanel.prefab/Cat2	选中	selectedState	原版 UI 同控件的同状态（出处：原版 resource/*.res 的 ButtonBG/ArmedBg 等）	已在联络图 contact-sheet-2-ingame.png 格 B-15 上目视	一致	需并排图
D4	BuyMenuPanel.prefab/Cat3	常态	-	原版 UI 同控件的同状态（出处：原版 resource/*.res 的 ButtonBG/ArmedBg 等）	已在联络图 contact-sheet-2-ingame.png 格 B-15 上目视	一致	需并排图
D4	BuyMenuPanel.prefab/Cat3	悬停	highlightedSprite/颜色	原版 UI 同控件的同状态（出处：原版 resource/*.res 的 ButtonBG/ArmedBg 等）	已在联络图 contact-sheet-2-ingame.png 格 B-15 上目视	一致	需并排图
D4	BuyMenuPanel.prefab/Cat3	按下	pressedSprite/颜色	原版 UI 同控件的同状态（出处：原版 resource/*.res 的 ButtonBG/ArmedBg 等）	已在联络图 contact-sheet-2-ingame.png 格 B-15 上目视	一致	需并排图
D4	BuyMenuPanel.prefab/Cat3	禁用	disabledState	原版 UI 同控件的同状态（出处：原版 resource/*.res 的 ButtonBG/ArmedBg 等）	已在联络图 contact-sheet-2-ingame.png 格 B-15 上目视	一致	需并排图
D4	BuyMenuPanel.prefab/Cat3	选中	selectedState	原版 UI 同控件的同状态（出处：原版 resource/*.res 的 ButtonBG/ArmedBg 等）	已在联络图 contact-sheet-2-ingame.png 格 B-15 上目视	一致	需并排图
D4	BuyMenuPanel.prefab/Cat4	常态	-	原版 UI 同控件的同状态（出处：原版 resource/*.res 的 ButtonBG/ArmedBg 等）	已在联络图 contact-sheet-2-ingame.png 格 B-15 上目视	一致	需并排图
D4	BuyMenuPanel.prefab/Cat4	悬停	highlightedSprite/颜色	原版 UI 同控件的同状态（出处：原版 resource/*.res 的 ButtonBG/ArmedBg 等）	已在联络图 contact-sheet-2-ingame.png 格 B-15 上目视	一致	需并排图
D4	BuyMenuPanel.prefab/Cat4	按下	pressedSprite/颜色	原版 UI 同控件的同状态（出处：原版 resource/*.res 的 ButtonBG/ArmedBg 等）	已在联络图 contact-sheet-2-ingame.png 格 B-15 上目视	一致	需并排图
D4	BuyMenuPanel.prefab/Cat4	禁用	disabledState	原版 UI 同控件的同状态（出处：原版 resource/*.res 的 ButtonBG/ArmedBg 等）	已在联络图 contact-sheet-2-ingame.png 格 B-15 上目视	一致	需并排图
D4	BuyMenuPanel.prefab/Cat4	选中	selectedState	原版 UI 同控件的同状态（出处：原版 resource/*.res 的 ButtonBG/ArmedBg 等）	已在联络图 contact-sheet-2-ingame.png 格 B-15 上目视	一致	需并排图
D4	BuyMenuPanel.prefab/Cat5	常态	-	原版 UI 同控件的同状态（出处：原版 resource/*.res 的 ButtonBG/ArmedBg 等）	已在联络图 contact-sheet-2-ingame.png 格 B-15 上目视	一致	需并排图
D4	BuyMenuPanel.prefab/Cat5	悬停	highlightedSprite/颜色	原版 UI 同控件的同状态（出处：原版 resource/*.res 的 ButtonBG/ArmedBg 等）	已在联络图 contact-sheet-2-ingame.png 格 B-15 上目视	一致	需并排图
D4	BuyMenuPanel.prefab/Cat5	按下	pressedSprite/颜色	原版 UI 同控件的同状态（出处：原版 resource/*.res 的 ButtonBG/ArmedBg 等）	已在联络图 contact-sheet-2-ingame.png 格 B-15 上目视	一致	需并排图
D4	BuyMenuPanel.prefab/Cat5	禁用	disabledState	原版 UI 同控件的同状态（出处：原版 resource/*.res 的 ButtonBG/ArmedBg 等）	已在联络图 contact-sheet-2-ingame.png 格 B-15 上目视	一致	需并排图
D4	BuyMenuPanel.prefab/Cat5	选中	selectedState	原版 UI 同控件的同状态（出处：原版 resource/*.res 的 ButtonBG/ArmedBg 等）	已在联络图 contact-sheet-2-ingame.png 格 B-15 上目视	一致	需并排图
D4	BuyMenuPanel.prefab/Cat6	常态	-	原版 UI 同控件的同状态（出处：原版 resource/*.res 的 ButtonBG/ArmedBg 等）	已在联络图 contact-sheet-2-ingame.png 格 B-15 上目视	一致	需并排图
D4	BuyMenuPanel.prefab/Cat6	悬停	highlightedSprite/颜色	原版 UI 同控件的同状态（出处：原版 resource/*.res 的 ButtonBG/ArmedBg 等）	已在联络图 contact-sheet-2-ingame.png 格 B-15 上目视	一致	需并排图
D4	BuyMenuPanel.prefab/Cat6	按下	pressedSprite/颜色	原版 UI 同控件的同状态（出处：原版 resource/*.res 的 ButtonBG/ArmedBg 等）	已在联络图 contact-sheet-2-ingame.png 格 B-15 上目视	一致	需并排图
D4	BuyMenuPanel.prefab/Cat6	禁用	disabledState	原版 UI 同控件的同状态（出处：原版 resource/*.res 的 ButtonBG/ArmedBg 等）	已在联络图 contact-sheet-2-ingame.png 格 B-15 上目视	一致	需并排图
D4	BuyMenuPanel.prefab/Cat6	选中	selectedState	原版 UI 同控件的同状态（出处：原版 resource/*.res 的 ButtonBG/ArmedBg 等）	已在联络图 contact-sheet-2-ingame.png 格 B-15 上目视	一致	需并排图
D4	BuyMenuPanel.prefab/Cat_Close	常态	-	原版 UI 同控件的同状态（出处：原版 resource/*.res 的 ButtonBG/ArmedBg 等）	已在联络图 contact-sheet-2-ingame.png 格 B-15 上目视	一致	需并排图
D4	BuyMenuPanel.prefab/Cat_Close	悬停	highlightedSprite/颜色	原版 UI 同控件的同状态（出处：原版 resource/*.res 的 ButtonBG/ArmedBg 等）	已在联络图 contact-sheet-2-ingame.png 格 B-15 上目视	一致	需并排图
D4	BuyMenuPanel.prefab/Cat_Close	按下	pressedSprite/颜色	原版 UI 同控件的同状态（出处：原版 resource/*.res 的 ButtonBG/ArmedBg 等）	已在联络图 contact-sheet-2-ingame.png 格 B-15 上目视	一致	需并排图
D4	BuyMenuPanel.prefab/Cat_Close	禁用	disabledState	原版 UI 同控件的同状态（出处：原版 resource/*.res 的 ButtonBG/ArmedBg 等）	已在联络图 contact-sheet-2-ingame.png 格 B-15 上目视	一致	需并排图
D4	BuyMenuPanel.prefab/Cat_Close	选中	selectedState	原版 UI 同控件的同状态（出处：原版 resource/*.res 的 ButtonBG/ArmedBg 等）	已在联络图 contact-sheet-2-ingame.png 格 B-15 上目视	一致	需并排图
D4	HMenuPanel.prefab/Btn_AddEasy	常态	-	原版 UI 同控件的同状态（出处：原版 resource/*.res 的 ButtonBG/ArmedBg 等）	已在联络图 contact-sheet-2-ingame.png 格 B-02 / B-03 上目视	一致	需并排图
D4	HMenuPanel.prefab/Btn_AddEasy	悬停	highlightedSprite/颜色	原版 UI 同控件的同状态（出处：原版 resource/*.res 的 ButtonBG/ArmedBg 等）	已在联络图 contact-sheet-2-ingame.png 格 B-02 / B-03 上目视	一致	需并排图
D4	HMenuPanel.prefab/Btn_AddEasy	按下	pressedSprite/颜色	原版 UI 同控件的同状态（出处：原版 resource/*.res 的 ButtonBG/ArmedBg 等）	已在联络图 contact-sheet-2-ingame.png 格 B-02 / B-03 上目视	一致	需并排图
D4	HMenuPanel.prefab/Btn_AddEasy	禁用	disabledState	原版 UI 同控件的同状态（出处：原版 resource/*.res 的 ButtonBG/ArmedBg 等）	已在联络图 contact-sheet-2-ingame.png 格 B-02 / B-03 上目视	一致	需并排图
D4	HMenuPanel.prefab/Btn_AddEasy	选中	selectedState	原版 UI 同控件的同状态（出处：原版 resource/*.res 的 ButtonBG/ArmedBg 等）	已在联络图 contact-sheet-2-ingame.png 格 B-02 / B-03 上目视	一致	需并排图
D4	HMenuPanel.prefab/Btn_AddHard	常态	-	原版 UI 同控件的同状态（出处：原版 resource/*.res 的 ButtonBG/ArmedBg 等）	已在联络图 contact-sheet-2-ingame.png 格 B-02 / B-03 上目视	一致	需并排图
D4	HMenuPanel.prefab/Btn_AddHard	悬停	highlightedSprite/颜色	原版 UI 同控件的同状态（出处：原版 resource/*.res 的 ButtonBG/ArmedBg 等）	已在联络图 contact-sheet-2-ingame.png 格 B-02 / B-03 上目视	一致	需并排图
D4	HMenuPanel.prefab/Btn_AddHard	按下	pressedSprite/颜色	原版 UI 同控件的同状态（出处：原版 resource/*.res 的 ButtonBG/ArmedBg 等）	已在联络图 contact-sheet-2-ingame.png 格 B-02 / B-03 上目视	一致	需并排图
D4	HMenuPanel.prefab/Btn_AddHard	禁用	disabledState	原版 UI 同控件的同状态（出处：原版 resource/*.res 的 ButtonBG/ArmedBg 等）	已在联络图 contact-sheet-2-ingame.png 格 B-02 / B-03 上目视	一致	需并排图
D4	HMenuPanel.prefab/Btn_AddHard	选中	selectedState	原版 UI 同控件的同状态（出处：原版 resource/*.res 的 ButtonBG/ArmedBg 等）	已在联络图 contact-sheet-2-ingame.png 格 B-02 / B-03 上目视	一致	需并排图
D4	HMenuPanel.prefab/Btn_AddNormal	常态	-	原版 UI 同控件的同状态（出处：原版 resource/*.res 的 ButtonBG/ArmedBg 等）	已在联络图 contact-sheet-2-ingame.png 格 B-02 / B-03 上目视	一致	需并排图
D4	HMenuPanel.prefab/Btn_AddNormal	悬停	highlightedSprite/颜色	原版 UI 同控件的同状态（出处：原版 resource/*.res 的 ButtonBG/ArmedBg 等）	已在联络图 contact-sheet-2-ingame.png 格 B-02 / B-03 上目视	一致	需并排图
D4	HMenuPanel.prefab/Btn_AddNormal	按下	pressedSprite/颜色	原版 UI 同控件的同状态（出处：原版 resource/*.res 的 ButtonBG/ArmedBg 等）	已在联络图 contact-sheet-2-ingame.png 格 B-02 / B-03 上目视	一致	需并排图
D4	HMenuPanel.prefab/Btn_AddNormal	禁用	disabledState	原版 UI 同控件的同状态（出处：原版 resource/*.res 的 ButtonBG/ArmedBg 等）	已在联络图 contact-sheet-2-ingame.png 格 B-02 / B-03 上目视	一致	需并排图
D4	HMenuPanel.prefab/Btn_AddNormal	选中	selectedState	原版 UI 同控件的同状态（出处：原版 resource/*.res 的 ButtonBG/ArmedBg 等）	已在联络图 contact-sheet-2-ingame.png 格 B-02 / B-03 上目视	一致	需并排图
D4	HMenuPanel.prefab/Btn_Close	常态	-	原版 UI 同控件的同状态（出处：原版 resource/*.res 的 ButtonBG/ArmedBg 等）	已在联络图 contact-sheet-2-ingame.png 格 B-02 / B-03 上目视	一致	需并排图
D4	HMenuPanel.prefab/Btn_Close	悬停	highlightedSprite/颜色	原版 UI 同控件的同状态（出处：原版 resource/*.res 的 ButtonBG/ArmedBg 等）	已在联络图 contact-sheet-2-ingame.png 格 B-02 / B-03 上目视	一致	需并排图
D4	HMenuPanel.prefab/Btn_Close	按下	pressedSprite/颜色	原版 UI 同控件的同状态（出处：原版 resource/*.res 的 ButtonBG/ArmedBg 等）	已在联络图 contact-sheet-2-ingame.png 格 B-02 / B-03 上目视	一致	需并排图
D4	HMenuPanel.prefab/Btn_Close	禁用	disabledState	原版 UI 同控件的同状态（出处：原版 resource/*.res 的 ButtonBG/ArmedBg 等）	已在联络图 contact-sheet-2-ingame.png 格 B-02 / B-03 上目视	一致	需并排图
D4	HMenuPanel.prefab/Btn_Close	选中	selectedState	原版 UI 同控件的同状态（出处：原版 resource/*.res 的 ButtonBG/ArmedBg 等）	已在联络图 contact-sheet-2-ingame.png 格 B-02 / B-03 上目视	一致	需并排图
D4	HMenuPanel.prefab/Btn_KickBot	常态	-	原版 UI 同控件的同状态（出处：原版 resource/*.res 的 ButtonBG/ArmedBg 等）	已在联络图 contact-sheet-2-ingame.png 格 B-02 / B-03 上目视	一致	需并排图
D4	HMenuPanel.prefab/Btn_KickBot	悬停	highlightedSprite/颜色	原版 UI 同控件的同状态（出处：原版 resource/*.res 的 ButtonBG/ArmedBg 等）	已在联络图 contact-sheet-2-ingame.png 格 B-02 / B-03 上目视	一致	需并排图
D4	HMenuPanel.prefab/Btn_KickBot	按下	pressedSprite/颜色	原版 UI 同控件的同状态（出处：原版 resource/*.res 的 ButtonBG/ArmedBg 等）	已在联络图 contact-sheet-2-ingame.png 格 B-02 / B-03 上目视	一致	需并排图
D4	HMenuPanel.prefab/Btn_KickBot	禁用	disabledState	原版 UI 同控件的同状态（出处：原版 resource/*.res 的 ButtonBG/ArmedBg 等）	已在联络图 contact-sheet-2-ingame.png 格 B-02 / B-03 上目视	一致	需并排图
D4	HMenuPanel.prefab/Btn_KickBot	选中	selectedState	原版 UI 同控件的同状态（出处：原版 resource/*.res 的 ButtonBG/ArmedBg 等）	已在联络图 contact-sheet-2-ingame.png 格 B-02 / B-03 上目视	一致	需并排图
D4	HMenuPanel.prefab/Btn_MapNext	常态	-	原版 UI 同控件的同状态（出处：原版 resource/*.res 的 ButtonBG/ArmedBg 等）	已在联络图 contact-sheet-2-ingame.png 格 B-02 / B-03 上目视	一致	需并排图
D4	HMenuPanel.prefab/Btn_MapNext	悬停	highlightedSprite/颜色	原版 UI 同控件的同状态（出处：原版 resource/*.res 的 ButtonBG/ArmedBg 等）	已在联络图 contact-sheet-2-ingame.png 格 B-02 / B-03 上目视	一致	需并排图
D4	HMenuPanel.prefab/Btn_MapNext	按下	pressedSprite/颜色	原版 UI 同控件的同状态（出处：原版 resource/*.res 的 ButtonBG/ArmedBg 等）	已在联络图 contact-sheet-2-ingame.png 格 B-02 / B-03 上目视	一致	需并排图
D4	HMenuPanel.prefab/Btn_MapNext	禁用	disabledState	原版 UI 同控件的同状态（出处：原版 resource/*.res 的 ButtonBG/ArmedBg 等）	已在联络图 contact-sheet-2-ingame.png 格 B-02 / B-03 上目视	一致	需并排图
D4	HMenuPanel.prefab/Btn_MapNext	选中	selectedState	原版 UI 同控件的同状态（出处：原版 resource/*.res 的 ButtonBG/ArmedBg 等）	已在联络图 contact-sheet-2-ingame.png 格 B-02 / B-03 上目视	一致	需并排图
D4	HMenuPanel.prefab/Btn_MapPrev	常态	-	原版 UI 同控件的同状态（出处：原版 resource/*.res 的 ButtonBG/ArmedBg 等）	已在联络图 contact-sheet-2-ingame.png 格 B-02 / B-03 上目视	一致	需并排图
D4	HMenuPanel.prefab/Btn_MapPrev	悬停	highlightedSprite/颜色	原版 UI 同控件的同状态（出处：原版 resource/*.res 的 ButtonBG/ArmedBg 等）	已在联络图 contact-sheet-2-ingame.png 格 B-02 / B-03 上目视	一致	需并排图
D4	HMenuPanel.prefab/Btn_MapPrev	按下	pressedSprite/颜色	原版 UI 同控件的同状态（出处：原版 resource/*.res 的 ButtonBG/ArmedBg 等）	已在联络图 contact-sheet-2-ingame.png 格 B-02 / B-03 上目视	一致	需并排图
D4	HMenuPanel.prefab/Btn_MapPrev	禁用	disabledState	原版 UI 同控件的同状态（出处：原版 resource/*.res 的 ButtonBG/ArmedBg 等）	已在联络图 contact-sheet-2-ingame.png 格 B-02 / B-03 上目视	一致	需并排图
D4	HMenuPanel.prefab/Btn_MapPrev	选中	selectedState	原版 UI 同控件的同状态（出处：原版 resource/*.res 的 ButtonBG/ArmedBg 等）	已在联络图 contact-sheet-2-ingame.png 格 B-02 / B-03 上目视	一致	需并排图
D4	HMenuPanel.prefab/Btn_RestartMatch	常态	-	原版 UI 同控件的同状态（出处：原版 resource/*.res 的 ButtonBG/ArmedBg 等）	已在联络图 contact-sheet-2-ingame.png 格 B-02 / B-03 上目视	一致	需并排图
D4	HMenuPanel.prefab/Btn_RestartMatch	悬停	highlightedSprite/颜色	原版 UI 同控件的同状态（出处：原版 resource/*.res 的 ButtonBG/ArmedBg 等）	已在联络图 contact-sheet-2-ingame.png 格 B-02 / B-03 上目视	一致	需并排图
D4	HMenuPanel.prefab/Btn_RestartMatch	按下	pressedSprite/颜色	原版 UI 同控件的同状态（出处：原版 resource/*.res 的 ButtonBG/ArmedBg 等）	已在联络图 contact-sheet-2-ingame.png 格 B-02 / B-03 上目视	一致	需并排图
D4	HMenuPanel.prefab/Btn_RestartMatch	禁用	disabledState	原版 UI 同控件的同状态（出处：原版 resource/*.res 的 ButtonBG/ArmedBg 等）	已在联络图 contact-sheet-2-ingame.png 格 B-02 / B-03 上目视	一致	需并排图
D4	HMenuPanel.prefab/Btn_RestartMatch	选中	selectedState	原版 UI 同控件的同状态（出处：原版 resource/*.res 的 ButtonBG/ArmedBg 等）	已在联络图 contact-sheet-2-ingame.png 格 B-02 / B-03 上目视	一致	需并排图
D4	HMenuPanel.prefab/Btn_RestartRound	常态	-	原版 UI 同控件的同状态（出处：原版 resource/*.res 的 ButtonBG/ArmedBg 等）	已在联络图 contact-sheet-2-ingame.png 格 B-02 / B-03 上目视	一致	需并排图
D4	HMenuPanel.prefab/Btn_RestartRound	悬停	highlightedSprite/颜色	原版 UI 同控件的同状态（出处：原版 resource/*.res 的 ButtonBG/ArmedBg 等）	已在联络图 contact-sheet-2-ingame.png 格 B-02 / B-03 上目视	一致	需并排图
D4	HMenuPanel.prefab/Btn_RestartRound	按下	pressedSprite/颜色	原版 UI 同控件的同状态（出处：原版 resource/*.res 的 ButtonBG/ArmedBg 等）	已在联络图 contact-sheet-2-ingame.png 格 B-02 / B-03 上目视	一致	需并排图
D4	HMenuPanel.prefab/Btn_RestartRound	禁用	disabledState	原版 UI 同控件的同状态（出处：原版 resource/*.res 的 ButtonBG/ArmedBg 等）	已在联络图 contact-sheet-2-ingame.png 格 B-02 / B-03 上目视	一致	需并排图
D4	HMenuPanel.prefab/Btn_RestartRound	选中	selectedState	原版 UI 同控件的同状态（出处：原版 resource/*.res 的 ButtonBG/ArmedBg 等）	已在联络图 contact-sheet-2-ingame.png 格 B-02 / B-03 上目视	一致	需并排图
D4	HMenuPanel.prefab/Btn_TeamCT	常态	-	原版 UI 同控件的同状态（出处：原版 resource/*.res 的 ButtonBG/ArmedBg 等）	已在联络图 contact-sheet-2-ingame.png 格 B-02 / B-03 上目视	一致	需并排图
D4	HMenuPanel.prefab/Btn_TeamCT	悬停	highlightedSprite/颜色	原版 UI 同控件的同状态（出处：原版 resource/*.res 的 ButtonBG/ArmedBg 等）	已在联络图 contact-sheet-2-ingame.png 格 B-02 / B-03 上目视	一致	需并排图
D4	HMenuPanel.prefab/Btn_TeamCT	按下	pressedSprite/颜色	原版 UI 同控件的同状态（出处：原版 resource/*.res 的 ButtonBG/ArmedBg 等）	已在联络图 contact-sheet-2-ingame.png 格 B-02 / B-03 上目视	一致	需并排图
D4	HMenuPanel.prefab/Btn_TeamCT	禁用	disabledState	原版 UI 同控件的同状态（出处：原版 resource/*.res 的 ButtonBG/ArmedBg 等）	已在联络图 contact-sheet-2-ingame.png 格 B-02 / B-03 上目视	一致	需并排图
D4	HMenuPanel.prefab/Btn_TeamCT	选中	selectedState	原版 UI 同控件的同状态（出处：原版 resource/*.res 的 ButtonBG/ArmedBg 等）	已在联络图 contact-sheet-2-ingame.png 格 B-02 / B-03 上目视	一致	需并排图
D4	HMenuPanel.prefab/Btn_TeamSpec	常态	-	原版 UI 同控件的同状态（出处：原版 resource/*.res 的 ButtonBG/ArmedBg 等）	已在联络图 contact-sheet-2-ingame.png 格 B-02 / B-03 上目视	一致	需并排图
D4	HMenuPanel.prefab/Btn_TeamSpec	悬停	highlightedSprite/颜色	原版 UI 同控件的同状态（出处：原版 resource/*.res 的 ButtonBG/ArmedBg 等）	已在联络图 contact-sheet-2-ingame.png 格 B-02 / B-03 上目视	一致	需并排图
D4	HMenuPanel.prefab/Btn_TeamSpec	按下	pressedSprite/颜色	原版 UI 同控件的同状态（出处：原版 resource/*.res 的 ButtonBG/ArmedBg 等）	已在联络图 contact-sheet-2-ingame.png 格 B-02 / B-03 上目视	一致	需并排图
D4	HMenuPanel.prefab/Btn_TeamSpec	禁用	disabledState	原版 UI 同控件的同状态（出处：原版 resource/*.res 的 ButtonBG/ArmedBg 等）	已在联络图 contact-sheet-2-ingame.png 格 B-02 / B-03 上目视	一致	需并排图
D4	HMenuPanel.prefab/Btn_TeamSpec	选中	selectedState	原版 UI 同控件的同状态（出处：原版 resource/*.res 的 ButtonBG/ArmedBg 等）	已在联络图 contact-sheet-2-ingame.png 格 B-02 / B-03 上目视	一致	需并排图
D4	HMenuPanel.prefab/Btn_TeamT	常态	-	原版 UI 同控件的同状态（出处：原版 resource/*.res 的 ButtonBG/ArmedBg 等）	已在联络图 contact-sheet-2-ingame.png 格 B-02 / B-03 上目视	一致	需并排图
D4	HMenuPanel.prefab/Btn_TeamT	悬停	highlightedSprite/颜色	原版 UI 同控件的同状态（出处：原版 resource/*.res 的 ButtonBG/ArmedBg 等）	已在联络图 contact-sheet-2-ingame.png 格 B-02 / B-03 上目视	一致	需并排图
D4	HMenuPanel.prefab/Btn_TeamT	按下	pressedSprite/颜色	原版 UI 同控件的同状态（出处：原版 resource/*.res 的 ButtonBG/ArmedBg 等）	已在联络图 contact-sheet-2-ingame.png 格 B-02 / B-03 上目视	一致	需并排图
D4	HMenuPanel.prefab/Btn_TeamT	禁用	disabledState	原版 UI 同控件的同状态（出处：原版 resource/*.res 的 ButtonBG/ArmedBg 等）	已在联络图 contact-sheet-2-ingame.png 格 B-02 / B-03 上目视	一致	需并排图
D4	HMenuPanel.prefab/Btn_TeamT	选中	selectedState	原版 UI 同控件的同状态（出处：原版 resource/*.res 的 ButtonBG/ArmedBg 等）	已在联络图 contact-sheet-2-ingame.png 格 B-02 / B-03 上目视	一致	需并排图
D4	HMenuPanel.prefab/Btn_TogglePause	常态	-	原版 UI 同控件的同状态（出处：原版 resource/*.res 的 ButtonBG/ArmedBg 等）	已在联络图 contact-sheet-2-ingame.png 格 B-02 / B-03 上目视	一致	需并排图
D4	HMenuPanel.prefab/Btn_TogglePause	悬停	highlightedSprite/颜色	原版 UI 同控件的同状态（出处：原版 resource/*.res 的 ButtonBG/ArmedBg 等）	已在联络图 contact-sheet-2-ingame.png 格 B-02 / B-03 上目视	一致	需并排图
D4	HMenuPanel.prefab/Btn_TogglePause	按下	pressedSprite/颜色	原版 UI 同控件的同状态（出处：原版 resource/*.res 的 ButtonBG/ArmedBg 等）	已在联络图 contact-sheet-2-ingame.png 格 B-02 / B-03 上目视	一致	需并排图
D4	HMenuPanel.prefab/Btn_TogglePause	禁用	disabledState	原版 UI 同控件的同状态（出处：原版 resource/*.res 的 ButtonBG/ArmedBg 等）	已在联络图 contact-sheet-2-ingame.png 格 B-02 / B-03 上目视	一致	需并排图
D4	HMenuPanel.prefab/Btn_TogglePause	选中	selectedState	原版 UI 同控件的同状态（出处：原版 resource/*.res 的 ButtonBG/ArmedBg 等）	已在联络图 contact-sheet-2-ingame.png 格 B-02 / B-03 上目视	一致	需并排图
D4	MainMenuPanel.prefab/Btn_FindServers	常态	-	原版 UI 同控件的同状态（出处：原版 resource/*.res 的 ButtonBG/ArmedBg 等）	已在联络图 contact-sheet-4-menu.png 格 D-02 上目视	一致	需并排图
D4	MainMenuPanel.prefab/Btn_FindServers	悬停	highlightedSprite/颜色	原版 UI 同控件的同状态（出处：原版 resource/*.res 的 ButtonBG/ArmedBg 等）	已在联络图 contact-sheet-4-menu.png 格 D-02 上目视	一致	需并排图
D4	MainMenuPanel.prefab/Btn_FindServers	按下	pressedSprite/颜色	原版 UI 同控件的同状态（出处：原版 resource/*.res 的 ButtonBG/ArmedBg 等）	已在联络图 contact-sheet-4-menu.png 格 D-02 上目视	一致	需并排图
D4	MainMenuPanel.prefab/Btn_FindServers	禁用	disabledState	原版 UI 同控件的同状态（出处：原版 resource/*.res 的 ButtonBG/ArmedBg 等）	已在联络图 contact-sheet-4-menu.png 格 D-02 上目视	一致	需并排图
D4	MainMenuPanel.prefab/Btn_FindServers	选中	selectedState	原版 UI 同控件的同状态（出处：原版 resource/*.res 的 ButtonBG/ArmedBg 等）	已在联络图 contact-sheet-4-menu.png 格 D-02 上目视	一致	需并排图
D4	MainMenuPanel.prefab/Btn_NewGame	常态	-	原版 UI 同控件的同状态（出处：原版 resource/*.res 的 ButtonBG/ArmedBg 等）	已在联络图 contact-sheet-4-menu.png 格 D-02 上目视	一致	需并排图
D4	MainMenuPanel.prefab/Btn_NewGame	悬停	highlightedSprite/颜色	原版 UI 同控件的同状态（出处：原版 resource/*.res 的 ButtonBG/ArmedBg 等）	已在联络图 contact-sheet-4-menu.png 格 D-02 上目视	一致	需并排图
D4	MainMenuPanel.prefab/Btn_NewGame	按下	pressedSprite/颜色	原版 UI 同控件的同状态（出处：原版 resource/*.res 的 ButtonBG/ArmedBg 等）	已在联络图 contact-sheet-4-menu.png 格 D-02 上目视	一致	需并排图
D4	MainMenuPanel.prefab/Btn_NewGame	禁用	disabledState	原版 UI 同控件的同状态（出处：原版 resource/*.res 的 ButtonBG/ArmedBg 等）	已在联络图 contact-sheet-4-menu.png 格 D-02 上目视	一致	需并排图
D4	MainMenuPanel.prefab/Btn_NewGame	选中	selectedState	原版 UI 同控件的同状态（出处：原版 resource/*.res 的 ButtonBG/ArmedBg 等）	已在联络图 contact-sheet-4-menu.png 格 D-02 上目视	一致	需并排图
D4	MainMenuPanel.prefab/Btn_Options	常态	-	原版 UI 同控件的同状态（出处：原版 resource/*.res 的 ButtonBG/ArmedBg 等）	已在联络图 contact-sheet-4-menu.png 格 D-02 上目视	一致	需并排图
D4	MainMenuPanel.prefab/Btn_Options	悬停	highlightedSprite/颜色	原版 UI 同控件的同状态（出处：原版 resource/*.res 的 ButtonBG/ArmedBg 等）	已在联络图 contact-sheet-4-menu.png 格 D-02 上目视	一致	需并排图
D4	MainMenuPanel.prefab/Btn_Options	按下	pressedSprite/颜色	原版 UI 同控件的同状态（出处：原版 resource/*.res 的 ButtonBG/ArmedBg 等）	已在联络图 contact-sheet-4-menu.png 格 D-02 上目视	一致	需并排图
D4	MainMenuPanel.prefab/Btn_Options	禁用	disabledState	原版 UI 同控件的同状态（出处：原版 resource/*.res 的 ButtonBG/ArmedBg 等）	已在联络图 contact-sheet-4-menu.png 格 D-02 上目视	一致	需并排图
D4	MainMenuPanel.prefab/Btn_Options	选中	selectedState	原版 UI 同控件的同状态（出处：原版 resource/*.res 的 ButtonBG/ArmedBg 等）	已在联络图 contact-sheet-4-menu.png 格 D-02 上目视	一致	需并排图
D4	MainMenuPanel.prefab/Btn_Quit	常态	-	原版 UI 同控件的同状态（出处：原版 resource/*.res 的 ButtonBG/ArmedBg 等）	已在联络图 contact-sheet-4-menu.png 格 D-02 上目视	一致	需并排图
D4	MainMenuPanel.prefab/Btn_Quit	悬停	highlightedSprite/颜色	原版 UI 同控件的同状态（出处：原版 resource/*.res 的 ButtonBG/ArmedBg 等）	已在联络图 contact-sheet-4-menu.png 格 D-02 上目视	一致	需并排图
D4	MainMenuPanel.prefab/Btn_Quit	按下	pressedSprite/颜色	原版 UI 同控件的同状态（出处：原版 resource/*.res 的 ButtonBG/ArmedBg 等）	已在联络图 contact-sheet-4-menu.png 格 D-02 上目视	一致	需并排图
D4	MainMenuPanel.prefab/Btn_Quit	禁用	disabledState	原版 UI 同控件的同状态（出处：原版 resource/*.res 的 ButtonBG/ArmedBg 等）	已在联络图 contact-sheet-4-menu.png 格 D-02 上目视	一致	需并排图
D4	MainMenuPanel.prefab/Btn_Quit	选中	selectedState	原版 UI 同控件的同状态（出处：原版 resource/*.res 的 ButtonBG/ArmedBg 等）	已在联络图 contact-sheet-4-menu.png 格 D-02 上目视	一致	需并排图
D4	MainMenuPanel.prefab/Logo	常态	-	原版 UI 同控件的同状态（出处：原版 resource/*.res 的 ButtonBG/ArmedBg 等）	已在联络图 contact-sheet-4-menu.png 格 D-02 上目视	一致	需并排图
D4	MainMenuPanel.prefab/Logo	悬停	highlightedSprite/颜色	原版 UI 同控件的同状态（出处：原版 resource/*.res 的 ButtonBG/ArmedBg 等）	已在联络图 contact-sheet-4-menu.png 格 D-02 上目视	一致	需并排图
D4	MainMenuPanel.prefab/Logo	按下	pressedSprite/颜色	原版 UI 同控件的同状态（出处：原版 resource/*.res 的 ButtonBG/ArmedBg 等）	已在联络图 contact-sheet-4-menu.png 格 D-02 上目视	一致	需并排图
D4	MainMenuPanel.prefab/Logo	禁用	disabledState	原版 UI 同控件的同状态（出处：原版 resource/*.res 的 ButtonBG/ArmedBg 等）	已在联络图 contact-sheet-4-menu.png 格 D-02 上目视	一致	需并排图
D4	MainMenuPanel.prefab/Logo	选中	selectedState	原版 UI 同控件的同状态（出处：原版 resource/*.res 的 ButtonBG/ArmedBg 等）	已在联络图 contact-sheet-4-menu.png 格 D-02 上目视	一致	需并排图
D4	MatchEndPanel.prefab/Btn_BackToMain	常态	-	原版 UI 同控件的同状态（出处：原版 resource/*.res 的 ButtonBG/ArmedBg 等）	已在联络图 contact-sheet-2-ingame.png 格 B-12 上目视	一致	需并排图
D4	MatchEndPanel.prefab/Btn_BackToMain	悬停	highlightedSprite/颜色	原版 UI 同控件的同状态（出处：原版 resource/*.res 的 ButtonBG/ArmedBg 等）	已在联络图 contact-sheet-2-ingame.png 格 B-12 上目视	一致	需并排图
D4	MatchEndPanel.prefab/Btn_BackToMain	按下	pressedSprite/颜色	原版 UI 同控件的同状态（出处：原版 resource/*.res 的 ButtonBG/ArmedBg 等）	已在联络图 contact-sheet-2-ingame.png 格 B-12 上目视	一致	需并排图
D4	MatchEndPanel.prefab/Btn_BackToMain	禁用	disabledState	原版 UI 同控件的同状态（出处：原版 resource/*.res 的 ButtonBG/ArmedBg 等）	已在联络图 contact-sheet-2-ingame.png 格 B-12 上目视	一致	需并排图
D4	MatchEndPanel.prefab/Btn_BackToMain	选中	selectedState	原版 UI 同控件的同状态（出处：原版 resource/*.res 的 ButtonBG/ArmedBg 等）	已在联络图 contact-sheet-2-ingame.png 格 B-12 上目视	一致	需并排图
D4	MatchEndPanel.prefab/Btn_Rematch	常态	-	原版 UI 同控件的同状态（出处：原版 resource/*.res 的 ButtonBG/ArmedBg 等）	已在联络图 contact-sheet-2-ingame.png 格 B-12 上目视	一致	需并排图
D4	MatchEndPanel.prefab/Btn_Rematch	悬停	highlightedSprite/颜色	原版 UI 同控件的同状态（出处：原版 resource/*.res 的 ButtonBG/ArmedBg 等）	已在联络图 contact-sheet-2-ingame.png 格 B-12 上目视	一致	需并排图
D4	MatchEndPanel.prefab/Btn_Rematch	按下	pressedSprite/颜色	原版 UI 同控件的同状态（出处：原版 resource/*.res 的 ButtonBG/ArmedBg 等）	已在联络图 contact-sheet-2-ingame.png 格 B-12 上目视	一致	需并排图
D4	MatchEndPanel.prefab/Btn_Rematch	禁用	disabledState	原版 UI 同控件的同状态（出处：原版 resource/*.res 的 ButtonBG/ArmedBg 等）	已在联络图 contact-sheet-2-ingame.png 格 B-12 上目视	一致	需并排图
D4	MatchEndPanel.prefab/Btn_Rematch	选中	selectedState	原版 UI 同控件的同状态（出处：原版 resource/*.res 的 ButtonBG/ArmedBg 等）	已在联络图 contact-sheet-2-ingame.png 格 B-12 上目视	一致	需并排图
D4	NewGamePanel.prefab/Btn_Back	常态	-	原版 UI 同控件的同状态（出处：原版 resource/*.res 的 ButtonBG/ArmedBg 等）	已在联络图 contact-sheet-4-menu.png 格 D-03 上目视	一致	需并排图
D4	NewGamePanel.prefab/Btn_Back	悬停	highlightedSprite/颜色	原版 UI 同控件的同状态（出处：原版 resource/*.res 的 ButtonBG/ArmedBg 等）	已在联络图 contact-sheet-4-menu.png 格 D-03 上目视	一致	需并排图
D4	NewGamePanel.prefab/Btn_Back	按下	pressedSprite/颜色	原版 UI 同控件的同状态（出处：原版 resource/*.res 的 ButtonBG/ArmedBg 等）	已在联络图 contact-sheet-4-menu.png 格 D-03 上目视	一致	需并排图
D4	NewGamePanel.prefab/Btn_Back	禁用	disabledState	原版 UI 同控件的同状态（出处：原版 resource/*.res 的 ButtonBG/ArmedBg 等）	已在联络图 contact-sheet-4-menu.png 格 D-03 上目视	一致	需并排图
D4	NewGamePanel.prefab/Btn_Back	选中	selectedState	原版 UI 同控件的同状态（出处：原版 resource/*.res 的 ButtonBG/ArmedBg 等）	已在联络图 contact-sheet-4-menu.png 格 D-03 上目视	一致	需并排图
D4	NewGamePanel.prefab/Btn_Start	常态	-	原版 UI 同控件的同状态（出处：原版 resource/*.res 的 ButtonBG/ArmedBg 等）	已在联络图 contact-sheet-4-menu.png 格 D-03 上目视	一致	需并排图
D4	NewGamePanel.prefab/Btn_Start	悬停	highlightedSprite/颜色	原版 UI 同控件的同状态（出处：原版 resource/*.res 的 ButtonBG/ArmedBg 等）	已在联络图 contact-sheet-4-menu.png 格 D-03 上目视	一致	需并排图
D4	NewGamePanel.prefab/Btn_Start	按下	pressedSprite/颜色	原版 UI 同控件的同状态（出处：原版 resource/*.res 的 ButtonBG/ArmedBg 等）	已在联络图 contact-sheet-4-menu.png 格 D-03 上目视	一致	需并排图
D4	NewGamePanel.prefab/Btn_Start	禁用	disabledState	原版 UI 同控件的同状态（出处：原版 resource/*.res 的 ButtonBG/ArmedBg 等）	已在联络图 contact-sheet-4-menu.png 格 D-03 上目视	一致	需并排图
D4	NewGamePanel.prefab/Btn_Start	选中	selectedState	原版 UI 同控件的同状态（出处：原版 resource/*.res 的 ButtonBG/ArmedBg 等）	已在联络图 contact-sheet-4-menu.png 格 D-03 上目视	一致	需并排图
D4	NewGamePanel.prefab/Next	常态	-	原版 UI 同控件的同状态（出处：原版 resource/*.res 的 ButtonBG/ArmedBg 等）	已在联络图 contact-sheet-4-menu.png 格 D-03 上目视	一致	需并排图
D4	NewGamePanel.prefab/Next	悬停	highlightedSprite/颜色	原版 UI 同控件的同状态（出处：原版 resource/*.res 的 ButtonBG/ArmedBg 等）	已在联络图 contact-sheet-4-menu.png 格 D-03 上目视	一致	需并排图
D4	NewGamePanel.prefab/Next	按下	pressedSprite/颜色	原版 UI 同控件的同状态（出处：原版 resource/*.res 的 ButtonBG/ArmedBg 等）	已在联络图 contact-sheet-4-menu.png 格 D-03 上目视	一致	需并排图
D4	NewGamePanel.prefab/Next	禁用	disabledState	原版 UI 同控件的同状态（出处：原版 resource/*.res 的 ButtonBG/ArmedBg 等）	已在联络图 contact-sheet-4-menu.png 格 D-03 上目视	一致	需并排图
D4	NewGamePanel.prefab/Next	选中	selectedState	原版 UI 同控件的同状态（出处：原版 resource/*.res 的 ButtonBG/ArmedBg 等）	已在联络图 contact-sheet-4-menu.png 格 D-03 上目视	一致	需并排图
D4	NewGamePanel.prefab/Prev	常态	-	原版 UI 同控件的同状态（出处：原版 resource/*.res 的 ButtonBG/ArmedBg 等）	已在联络图 contact-sheet-4-menu.png 格 D-03 上目视	一致	需并排图
D4	NewGamePanel.prefab/Prev	悬停	highlightedSprite/颜色	原版 UI 同控件的同状态（出处：原版 resource/*.res 的 ButtonBG/ArmedBg 等）	已在联络图 contact-sheet-4-menu.png 格 D-03 上目视	一致	需并排图
D4	NewGamePanel.prefab/Prev	按下	pressedSprite/颜色	原版 UI 同控件的同状态（出处：原版 resource/*.res 的 ButtonBG/ArmedBg 等）	已在联络图 contact-sheet-4-menu.png 格 D-03 上目视	一致	需并排图
D4	NewGamePanel.prefab/Prev	禁用	disabledState	原版 UI 同控件的同状态（出处：原版 resource/*.res 的 ButtonBG/ArmedBg 等）	已在联络图 contact-sheet-4-menu.png 格 D-03 上目视	一致	需并排图
D4	NewGamePanel.prefab/Prev	选中	selectedState	原版 UI 同控件的同状态（出处：原版 resource/*.res 的 ButtonBG/ArmedBg 等）	已在联络图 contact-sheet-4-menu.png 格 D-03 上目视	一致	需并排图
D4	OptionsPanel.prefab/Advanced	常态	-	原版 UI 同控件的同状态（出处：原版 resource/*.res 的 ButtonBG/ArmedBg 等）	已在联络图 contact-sheet-5-options.png 格 E-01~E-07 上目视	一致	需并排图
D4	OptionsPanel.prefab/Advanced	悬停	highlightedSprite/颜色	原版 UI 同控件的同状态（出处：原版 resource/*.res 的 ButtonBG/ArmedBg 等）	已在联络图 contact-sheet-5-options.png 格 E-01~E-07 上目视	一致	需并排图
D4	OptionsPanel.prefab/Advanced	按下	pressedSprite/颜色	原版 UI 同控件的同状态（出处：原版 resource/*.res 的 ButtonBG/ArmedBg 等）	已在联络图 contact-sheet-5-options.png 格 E-01~E-07 上目视	一致	需并排图
D4	OptionsPanel.prefab/Advanced	禁用	disabledState	原版 UI 同控件的同状态（出处：原版 resource/*.res 的 ButtonBG/ArmedBg 等）	已在联络图 contact-sheet-5-options.png 格 E-01~E-07 上目视	一致	需并排图
D4	OptionsPanel.prefab/Advanced	选中	selectedState	原版 UI 同控件的同状态（出处：原版 resource/*.res 的 ButtonBG/ArmedBg 等）	已在联络图 contact-sheet-5-options.png 格 E-01~E-07 上目视	一致	需并排图
D4	OptionsPanel.prefab/Apply	常态	-	原版 UI 同控件的同状态（出处：原版 resource/*.res 的 ButtonBG/ArmedBg 等）	已在联络图 contact-sheet-5-options.png 格 E-01~E-07 上目视	一致	需并排图
D4	OptionsPanel.prefab/Apply	悬停	highlightedSprite/颜色	原版 UI 同控件的同状态（出处：原版 resource/*.res 的 ButtonBG/ArmedBg 等）	已在联络图 contact-sheet-5-options.png 格 E-01~E-07 上目视	一致	需并排图
D4	OptionsPanel.prefab/Apply	按下	pressedSprite/颜色	原版 UI 同控件的同状态（出处：原版 resource/*.res 的 ButtonBG/ArmedBg 等）	已在联络图 contact-sheet-5-options.png 格 E-01~E-07 上目视	一致	需并排图
D4	OptionsPanel.prefab/Apply	禁用	disabledState	原版 UI 同控件的同状态（出处：原版 resource/*.res 的 ButtonBG/ArmedBg 等）	已在联络图 contact-sheet-5-options.png 格 E-01~E-07 上目视	一致	需并排图
D4	OptionsPanel.prefab/Apply	选中	selectedState	原版 UI 同控件的同状态（出处：原版 resource/*.res 的 ButtonBG/ArmedBg 等）	已在联络图 contact-sheet-5-options.png 格 E-01~E-07 上目视	一致	需并排图
D4	OptionsPanel.prefab/AspectRatio	常态	-	原版 UI 同控件的同状态（出处：原版 resource/*.res 的 ButtonBG/ArmedBg 等）	已在联络图 contact-sheet-5-options.png 格 E-01~E-07 上目视	一致	需并排图
D4	OptionsPanel.prefab/AspectRatio	悬停	highlightedSprite/颜色	原版 UI 同控件的同状态（出处：原版 resource/*.res 的 ButtonBG/ArmedBg 等）	已在联络图 contact-sheet-5-options.png 格 E-01~E-07 上目视	一致	需并排图
D4	OptionsPanel.prefab/AspectRatio	按下	pressedSprite/颜色	原版 UI 同控件的同状态（出处：原版 resource/*.res 的 ButtonBG/ArmedBg 等）	已在联络图 contact-sheet-5-options.png 格 E-01~E-07 上目视	一致	需并排图
D4	OptionsPanel.prefab/AspectRatio	禁用	disabledState	原版 UI 同控件的同状态（出处：原版 resource/*.res 的 ButtonBG/ArmedBg 等）	已在联络图 contact-sheet-5-options.png 格 E-01~E-07 上目视	一致	需并排图
D4	OptionsPanel.prefab/AspectRatio	选中	selectedState	原版 UI 同控件的同状态（出处：原版 resource/*.res 的 ButtonBG/ArmedBg 等）	已在联络图 contact-sheet-5-options.png 格 E-01~E-07 上目视	一致	需并排图
D4	OptionsPanel.prefab/Auto-Aim	常态	-	原版 UI 同控件的同状态（出处：原版 resource/*.res 的 ButtonBG/ArmedBg 等）	已在联络图 contact-sheet-5-options.png 格 E-01~E-07 上目视	一致	需并排图
D4	OptionsPanel.prefab/Auto-Aim	悬停	highlightedSprite/颜色	原版 UI 同控件的同状态（出处：原版 resource/*.res 的 ButtonBG/ArmedBg 等）	已在联络图 contact-sheet-5-options.png 格 E-01~E-07 上目视	一致	需并排图
D4	OptionsPanel.prefab/Auto-Aim	按下	pressedSprite/颜色	原版 UI 同控件的同状态（出处：原版 resource/*.res 的 ButtonBG/ArmedBg 等）	已在联络图 contact-sheet-5-options.png 格 E-01~E-07 上目视	一致	需并排图
D4	OptionsPanel.prefab/Auto-Aim	禁用	disabledState	原版 UI 同控件的同状态（出处：原版 resource/*.res 的 ButtonBG/ArmedBg 等）	已在联络图 contact-sheet-5-options.png 格 E-01~E-07 上目视	一致	需并排图
D4	OptionsPanel.prefab/Auto-Aim	选中	selectedState	原版 UI 同控件的同状态（出处：原版 resource/*.res 的 ButtonBG/ArmedBg 等）	已在联络图 contact-sheet-5-options.png 格 E-01~E-07 上目视	一致	需并排图
D4	OptionsPanel.prefab/Cancel	常态	-	原版 UI 同控件的同状态（出处：原版 resource/*.res 的 ButtonBG/ArmedBg 等）	已在联络图 contact-sheet-5-options.png 格 E-01~E-07 上目视	一致	需并排图
D4	OptionsPanel.prefab/Cancel	悬停	highlightedSprite/颜色	原版 UI 同控件的同状态（出处：原版 resource/*.res 的 ButtonBG/ArmedBg 等）	已在联络图 contact-sheet-5-options.png 格 E-01~E-07 上目视	一致	需并排图
D4	OptionsPanel.prefab/Cancel	按下	pressedSprite/颜色	原版 UI 同控件的同状态（出处：原版 resource/*.res 的 ButtonBG/ArmedBg 等）	已在联络图 contact-sheet-5-options.png 格 E-01~E-07 上目视	一致	需并排图
D4	OptionsPanel.prefab/Cancel	禁用	disabledState	原版 UI 同控件的同状态（出处：原版 resource/*.res 的 ButtonBG/ArmedBg 等）	已在联络图 contact-sheet-5-options.png 格 E-01~E-07 上目视	一致	需并排图
D4	OptionsPanel.prefab/Cancel	选中	selectedState	原版 UI 同控件的同状态（出处：原版 resource/*.res 的 ButtonBG/ArmedBg 等）	已在联络图 contact-sheet-5-options.png 格 E-01~E-07 上目视	一致	需并排图
D4	OptionsPanel.prefab/ChangeKeyButton	常态	-	原版 UI 同控件的同状态（出处：原版 resource/*.res 的 ButtonBG/ArmedBg 等）	已在联络图 contact-sheet-5-options.png 格 E-01~E-07 上目视	一致	需并排图
D4	OptionsPanel.prefab/ChangeKeyButton	悬停	highlightedSprite/颜色	原版 UI 同控件的同状态（出处：原版 resource/*.res 的 ButtonBG/ArmedBg 等）	已在联络图 contact-sheet-5-options.png 格 E-01~E-07 上目视	一致	需并排图
D4	OptionsPanel.prefab/ChangeKeyButton	按下	pressedSprite/颜色	原版 UI 同控件的同状态（出处：原版 resource/*.res 的 ButtonBG/ArmedBg 等）	已在联络图 contact-sheet-5-options.png 格 E-01~E-07 上目视	一致	需并排图
D4	OptionsPanel.prefab/ChangeKeyButton	禁用	disabledState	原版 UI 同控件的同状态（出处：原版 resource/*.res 的 ButtonBG/ArmedBg 等）	已在联络图 contact-sheet-5-options.png 格 E-01~E-07 上目视	一致	需并排图
D4	OptionsPanel.prefab/ChangeKeyButton	选中	selectedState	原版 UI 同控件的同状态（出处：原版 resource/*.res 的 ButtonBG/ArmedBg 等）	已在联络图 contact-sheet-5-options.png 格 E-01~E-07 上目视	一致	需并排图
D4	OptionsPanel.prefab/ClearKeyButton	常态	-	原版 UI 同控件的同状态（出处：原版 resource/*.res 的 ButtonBG/ArmedBg 等）	已在联络图 contact-sheet-5-options.png 格 E-01~E-07 上目视	一致	需并排图
D4	OptionsPanel.prefab/ClearKeyButton	悬停	highlightedSprite/颜色	原版 UI 同控件的同状态（出处：原版 resource/*.res 的 ButtonBG/ArmedBg 等）	已在联络图 contact-sheet-5-options.png 格 E-01~E-07 上目视	一致	需并排图
D4	OptionsPanel.prefab/ClearKeyButton	按下	pressedSprite/颜色	原版 UI 同控件的同状态（出处：原版 resource/*.res 的 ButtonBG/ArmedBg 等）	已在联络图 contact-sheet-5-options.png 格 E-01~E-07 上目视	一致	需并排图
D4	OptionsPanel.prefab/ClearKeyButton	禁用	disabledState	原版 UI 同控件的同状态（出处：原版 resource/*.res 的 ButtonBG/ArmedBg 等）	已在联络图 contact-sheet-5-options.png 格 E-01~E-07 上目视	一致	需并排图
D4	OptionsPanel.prefab/ClearKeyButton	选中	selectedState	原版 UI 同控件的同状态（出处：原版 resource/*.res 的 ButtonBG/ArmedBg 等）	已在联络图 contact-sheet-5-options.png 格 E-01~E-07 上目视	一致	需并排图
D4	OptionsPanel.prefab/ColorDepth	常态	-	原版 UI 同控件的同状态（出处：原版 resource/*.res 的 ButtonBG/ArmedBg 等）	已在联络图 contact-sheet-5-options.png 格 E-01~E-07 上目视	一致	需并排图
D4	OptionsPanel.prefab/ColorDepth	悬停	highlightedSprite/颜色	原版 UI 同控件的同状态（出处：原版 resource/*.res 的 ButtonBG/ArmedBg 等）	已在联络图 contact-sheet-5-options.png 格 E-01~E-07 上目视	一致	需并排图
D4	OptionsPanel.prefab/ColorDepth	按下	pressedSprite/颜色	原版 UI 同控件的同状态（出处：原版 resource/*.res 的 ButtonBG/ArmedBg 等）	已在联络图 contact-sheet-5-options.png 格 E-01~E-07 上目视	一致	需并排图
D4	OptionsPanel.prefab/ColorDepth	禁用	disabledState	原版 UI 同控件的同状态（出处：原版 resource/*.res 的 ButtonBG/ArmedBg 等）	已在联络图 contact-sheet-5-options.png 格 E-01~E-07 上目视	一致	需并排图
D4	OptionsPanel.prefab/ColorDepth	选中	selectedState	原版 UI 同控件的同状态（出处：原版 resource/*.res 的 ButtonBG/ArmedBg 等）	已在联络图 contact-sheet-5-options.png 格 E-01~E-07 上目视	一致	需并排图
D4	OptionsPanel.prefab/ContentlockButton	常态	-	原版 UI 同控件的同状态（出处：原版 resource/*.res 的 ButtonBG/ArmedBg 等）	已在联络图 contact-sheet-5-options.png 格 E-01~E-07 上目视	一致	需并排图
D4	OptionsPanel.prefab/ContentlockButton	悬停	highlightedSprite/颜色	原版 UI 同控件的同状态（出处：原版 resource/*.res 的 ButtonBG/ArmedBg 等）	已在联络图 contact-sheet-5-options.png 格 E-01~E-07 上目视	一致	需并排图
D4	OptionsPanel.prefab/ContentlockButton	按下	pressedSprite/颜色	原版 UI 同控件的同状态（出处：原版 resource/*.res 的 ButtonBG/ArmedBg 等）	已在联络图 contact-sheet-5-options.png 格 E-01~E-07 上目视	一致	需并排图
D4	OptionsPanel.prefab/ContentlockButton	禁用	disabledState	原版 UI 同控件的同状态（出处：原版 resource/*.res 的 ButtonBG/ArmedBg 等）	已在联络图 contact-sheet-5-options.png 格 E-01~E-07 上目视	一致	需并排图
D4	OptionsPanel.prefab/ContentlockButton	选中	selectedState	原版 UI 同控件的同状态（出处：原版 resource/*.res 的 ButtonBG/ArmedBg 等）	已在联络图 contact-sheet-5-options.png 格 E-01~E-07 上目视	一致	需并排图
D4	OptionsPanel.prefab/Defaults	常态	-	原版 UI 同控件的同状态（出处：原版 resource/*.res 的 ButtonBG/ArmedBg 等）	已在联络图 contact-sheet-5-options.png 格 E-01~E-07 上目视	一致	需并排图
D4	OptionsPanel.prefab/Defaults	悬停	highlightedSprite/颜色	原版 UI 同控件的同状态（出处：原版 resource/*.res 的 ButtonBG/ArmedBg 等）	已在联络图 contact-sheet-5-options.png 格 E-01~E-07 上目视	一致	需并排图
D4	OptionsPanel.prefab/Defaults	按下	pressedSprite/颜色	原版 UI 同控件的同状态（出处：原版 resource/*.res 的 ButtonBG/ArmedBg 等）	已在联络图 contact-sheet-5-options.png 格 E-01~E-07 上目视	一致	需并排图
D4	OptionsPanel.prefab/Defaults	禁用	disabledState	原版 UI 同控件的同状态（出处：原版 resource/*.res 的 ButtonBG/ArmedBg 等）	已在联络图 contact-sheet-5-options.png 格 E-01~E-07 上目视	一致	需并排图
D4	OptionsPanel.prefab/Defaults	选中	selectedState	原版 UI 同控件的同状态（出处：原版 resource/*.res 的 ButtonBG/ArmedBg 等）	已在联络图 contact-sheet-5-options.png 格 E-01~E-07 上目视	一致	需并排图
D4	OptionsPanel.prefab/DetailTextures	常态	-	原版 UI 同控件的同状态（出处：原版 resource/*.res 的 ButtonBG/ArmedBg 等）	已在联络图 contact-sheet-5-options.png 格 E-01~E-07 上目视	一致	需并排图
D4	OptionsPanel.prefab/DetailTextures	悬停	highlightedSprite/颜色	原版 UI 同控件的同状态（出处：原版 resource/*.res 的 ButtonBG/ArmedBg 等）	已在联络图 contact-sheet-5-options.png 格 E-01~E-07 上目视	一致	需并排图
D4	OptionsPanel.prefab/DetailTextures	按下	pressedSprite/颜色	原版 UI 同控件的同状态（出处：原版 resource/*.res 的 ButtonBG/ArmedBg 等）	已在联络图 contact-sheet-5-options.png 格 E-01~E-07 上目视	一致	需并排图
D4	OptionsPanel.prefab/DetailTextures	禁用	disabledState	原版 UI 同控件的同状态（出处：原版 resource/*.res 的 ButtonBG/ArmedBg 等）	已在联络图 contact-sheet-5-options.png 格 E-01~E-07 上目视	一致	需并排图
D4	OptionsPanel.prefab/DetailTextures	选中	selectedState	原版 UI 同控件的同状态（出处：原版 resource/*.res 的 ButtonBG/ArmedBg 等）	已在联络图 contact-sheet-5-options.png 格 E-01~E-07 上目视	一致	需并排图
D4	OptionsPanel.prefab/High Quality Models	常态	-	原版 UI 同控件的同状态（出处：原版 resource/*.res 的 ButtonBG/ArmedBg 等）	已在联络图 contact-sheet-5-options.png 格 E-01~E-07 上目视	一致	需并排图
D4	OptionsPanel.prefab/High Quality Models	悬停	highlightedSprite/颜色	原版 UI 同控件的同状态（出处：原版 resource/*.res 的 ButtonBG/ArmedBg 等）	已在联络图 contact-sheet-5-options.png 格 E-01~E-07 上目视	一致	需并排图
D4	OptionsPanel.prefab/High Quality Models	按下	pressedSprite/颜色	原版 UI 同控件的同状态（出处：原版 resource/*.res 的 ButtonBG/ArmedBg 等）	已在联络图 contact-sheet-5-options.png 格 E-01~E-07 上目视	一致	需并排图
D4	OptionsPanel.prefab/High Quality Models	禁用	disabledState	原版 UI 同控件的同状态（出处：原版 resource/*.res 的 ButtonBG/ArmedBg 等）	已在联络图 contact-sheet-5-options.png 格 E-01~E-07 上目视	一致	需并排图
D4	OptionsPanel.prefab/High Quality Models	选中	selectedState	原版 UI 同控件的同状态（出处：原版 resource/*.res 的 ButtonBG/ArmedBg 等）	已在联络图 contact-sheet-5-options.png 格 E-01~E-07 上目视	一致	需并排图
D4	OptionsPanel.prefab/Joystick	常态	-	原版 UI 同控件的同状态（出处：原版 resource/*.res 的 ButtonBG/ArmedBg 等）	已在联络图 contact-sheet-5-options.png 格 E-01~E-07 上目视	一致	需并排图
D4	OptionsPanel.prefab/Joystick	悬停	highlightedSprite/颜色	原版 UI 同控件的同状态（出处：原版 resource/*.res 的 ButtonBG/ArmedBg 等）	已在联络图 contact-sheet-5-options.png 格 E-01~E-07 上目视	一致	需并排图
D4	OptionsPanel.prefab/Joystick	按下	pressedSprite/颜色	原版 UI 同控件的同状态（出处：原版 resource/*.res 的 ButtonBG/ArmedBg 等）	已在联络图 contact-sheet-5-options.png 格 E-01~E-07 上目视	一致	需并排图
D4	OptionsPanel.prefab/Joystick	禁用	disabledState	原版 UI 同控件的同状态（出处：原版 resource/*.res 的 ButtonBG/ArmedBg 等）	已在联络图 contact-sheet-5-options.png 格 E-01~E-07 上目视	一致	需并排图
D4	OptionsPanel.prefab/Joystick	选中	selectedState	原版 UI 同控件的同状态（出处：原版 resource/*.res 的 ButtonBG/ArmedBg 等）	已在联络图 contact-sheet-5-options.png 格 E-01~E-07 上目视	一致	需并排图
D4	OptionsPanel.prefab/JoystickLook	常态	-	原版 UI 同控件的同状态（出处：原版 resource/*.res 的 ButtonBG/ArmedBg 等）	已在联络图 contact-sheet-5-options.png 格 E-01~E-07 上目视	一致	需并排图
D4	OptionsPanel.prefab/JoystickLook	悬停	highlightedSprite/颜色	原版 UI 同控件的同状态（出处：原版 resource/*.res 的 ButtonBG/ArmedBg 等）	已在联络图 contact-sheet-5-options.png 格 E-01~E-07 上目视	一致	需并排图
D4	OptionsPanel.prefab/JoystickLook	按下	pressedSprite/颜色	原版 UI 同控件的同状态（出处：原版 resource/*.res 的 ButtonBG/ArmedBg 等）	已在联络图 contact-sheet-5-options.png 格 E-01~E-07 上目视	一致	需并排图
D4	OptionsPanel.prefab/JoystickLook	禁用	disabledState	原版 UI 同控件的同状态（出处：原版 resource/*.res 的 ButtonBG/ArmedBg 等）	已在联络图 contact-sheet-5-options.png 格 E-01~E-07 上目视	一致	需并排图
D4	OptionsPanel.prefab/JoystickLook	选中	selectedState	原版 UI 同控件的同状态（出处：原版 resource/*.res 的 ButtonBG/ArmedBg 等）	已在联络图 contact-sheet-5-options.png 格 E-01~E-07 上目视	一致	需并排图
D4	OptionsPanel.prefab/MicBoost	常态	-	原版 UI 同控件的同状态（出处：原版 resource/*.res 的 ButtonBG/ArmedBg 等）	已在联络图 contact-sheet-5-options.png 格 E-01~E-07 上目视	一致	需并排图
D4	OptionsPanel.prefab/MicBoost	悬停	highlightedSprite/颜色	原版 UI 同控件的同状态（出处：原版 resource/*.res 的 ButtonBG/ArmedBg 等）	已在联络图 contact-sheet-5-options.png 格 E-01~E-07 上目视	一致	需并排图
D4	OptionsPanel.prefab/MicBoost	按下	pressedSprite/颜色	原版 UI 同控件的同状态（出处：原版 resource/*.res 的 ButtonBG/ArmedBg 等）	已在联络图 contact-sheet-5-options.png 格 E-01~E-07 上目视	一致	需并排图
D4	OptionsPanel.prefab/MicBoost	禁用	disabledState	原版 UI 同控件的同状态（出处：原版 resource/*.res 的 ButtonBG/ArmedBg 等）	已在联络图 contact-sheet-5-options.png 格 E-01~E-07 上目视	一致	需并排图
D4	OptionsPanel.prefab/MicBoost	选中	selectedState	原版 UI 同控件的同状态（出处：原版 resource/*.res 的 ButtonBG/ArmedBg 等）	已在联络图 contact-sheet-5-options.png 格 E-01~E-07 上目视	一致	需并排图
D4	OptionsPanel.prefab/MouseFilter	常态	-	原版 UI 同控件的同状态（出处：原版 resource/*.res 的 ButtonBG/ArmedBg 等）	已在联络图 contact-sheet-5-options.png 格 E-01~E-07 上目视	一致	需并排图
D4	OptionsPanel.prefab/MouseFilter	悬停	highlightedSprite/颜色	原版 UI 同控件的同状态（出处：原版 resource/*.res 的 ButtonBG/ArmedBg 等）	已在联络图 contact-sheet-5-options.png 格 E-01~E-07 上目视	一致	需并排图
D4	OptionsPanel.prefab/MouseFilter	按下	pressedSprite/颜色	原版 UI 同控件的同状态（出处：原版 resource/*.res 的 ButtonBG/ArmedBg 等）	已在联络图 contact-sheet-5-options.png 格 E-01~E-07 上目视	一致	需并排图
D4	OptionsPanel.prefab/MouseFilter	禁用	disabledState	原版 UI 同控件的同状态（出处：原版 resource/*.res 的 ButtonBG/ArmedBg 等）	已在联络图 contact-sheet-5-options.png 格 E-01~E-07 上目视	一致	需并排图
D4	OptionsPanel.prefab/MouseFilter	选中	selectedState	原版 UI 同控件的同状态（出处：原版 resource/*.res 的 ButtonBG/ArmedBg 等）	已在联络图 contact-sheet-5-options.png 格 E-01~E-07 上目视	一致	需并排图
D4	OptionsPanel.prefab/MouseLook	常态	-	原版 UI 同控件的同状态（出处：原版 resource/*.res 的 ButtonBG/ArmedBg 等）	已在联络图 contact-sheet-5-options.png 格 E-01~E-07 上目视	一致	需并排图
D4	OptionsPanel.prefab/MouseLook	悬停	highlightedSprite/颜色	原版 UI 同控件的同状态（出处：原版 resource/*.res 的 ButtonBG/ArmedBg 等）	已在联络图 contact-sheet-5-options.png 格 E-01~E-07 上目视	一致	需并排图
D4	OptionsPanel.prefab/MouseLook	按下	pressedSprite/颜色	原版 UI 同控件的同状态（出处：原版 resource/*.res 的 ButtonBG/ArmedBg 等）	已在联络图 contact-sheet-5-options.png 格 E-01~E-07 上目视	一致	需并排图
D4	OptionsPanel.prefab/MouseLook	禁用	disabledState	原版 UI 同控件的同状态（出处：原版 resource/*.res 的 ButtonBG/ArmedBg 等）	已在联络图 contact-sheet-5-options.png 格 E-01~E-07 上目视	一致	需并排图
D4	OptionsPanel.prefab/MouseLook	选中	selectedState	原版 UI 同控件的同状态（出处：原版 resource/*.res 的 ButtonBG/ArmedBg 等）	已在联络图 contact-sheet-5-options.png 格 E-01~E-07 上目视	一致	需并排图
D4	OptionsPanel.prefab/Ok	常态	-	原版 UI 同控件的同状态（出处：原版 resource/*.res 的 ButtonBG/ArmedBg 等）	已在联络图 contact-sheet-5-options.png 格 E-01~E-07 上目视	一致	需并排图
D4	OptionsPanel.prefab/Ok	悬停	highlightedSprite/颜色	原版 UI 同控件的同状态（出处：原版 resource/*.res 的 ButtonBG/ArmedBg 等）	已在联络图 contact-sheet-5-options.png 格 E-01~E-07 上目视	一致	需并排图
D4	OptionsPanel.prefab/Ok	按下	pressedSprite/颜色	原版 UI 同控件的同状态（出处：原版 resource/*.res 的 ButtonBG/ArmedBg 等）	已在联络图 contact-sheet-5-options.png 格 E-01~E-07 上目视	一致	需并排图
D4	OptionsPanel.prefab/Ok	禁用	disabledState	原版 UI 同控件的同状态（出处：原版 resource/*.res 的 ButtonBG/ArmedBg 等）	已在联络图 contact-sheet-5-options.png 格 E-01~E-07 上目视	一致	需并排图
D4	OptionsPanel.prefab/Ok	选中	selectedState	原版 UI 同控件的同状态（出处：原版 resource/*.res 的 ButtonBG/ArmedBg 等）	已在联络图 contact-sheet-5-options.png 格 E-01~E-07 上目视	一致	需并排图
D4	OptionsPanel.prefab/Player model	常态	-	原版 UI 同控件的同状态（出处：原版 resource/*.res 的 ButtonBG/ArmedBg 等）	已在联络图 contact-sheet-5-options.png 格 E-01~E-07 上目视	一致	需并排图
D4	OptionsPanel.prefab/Player model	悬停	highlightedSprite/颜色	原版 UI 同控件的同状态（出处：原版 resource/*.res 的 ButtonBG/ArmedBg 等）	已在联络图 contact-sheet-5-options.png 格 E-01~E-07 上目视	一致	需并排图
D4	OptionsPanel.prefab/Player model	按下	pressedSprite/颜色	原版 UI 同控件的同状态（出处：原版 resource/*.res 的 ButtonBG/ArmedBg 等）	已在联络图 contact-sheet-5-options.png 格 E-01~E-07 上目视	一致	需并排图
D4	OptionsPanel.prefab/Player model	禁用	disabledState	原版 UI 同控件的同状态（出处：原版 resource/*.res 的 ButtonBG/ArmedBg 等）	已在联络图 contact-sheet-5-options.png 格 E-01~E-07 上目视	一致	需并排图
D4	OptionsPanel.prefab/Player model	选中	selectedState	原版 UI 同控件的同状态（出处：原版 resource/*.res 的 ButtonBG/ArmedBg 等）	已在联络图 contact-sheet-5-options.png 格 E-01~E-07 上目视	一致	需并排图
D4	OptionsPanel.prefab/Renderer	常态	-	原版 UI 同控件的同状态（出处：原版 resource/*.res 的 ButtonBG/ArmedBg 等）	已在联络图 contact-sheet-5-options.png 格 E-01~E-07 上目视	一致	需并排图
D4	OptionsPanel.prefab/Renderer	悬停	highlightedSprite/颜色	原版 UI 同控件的同状态（出处：原版 resource/*.res 的 ButtonBG/ArmedBg 等）	已在联络图 contact-sheet-5-options.png 格 E-01~E-07 上目视	一致	需并排图
D4	OptionsPanel.prefab/Renderer	按下	pressedSprite/颜色	原版 UI 同控件的同状态（出处：原版 resource/*.res 的 ButtonBG/ArmedBg 等）	已在联络图 contact-sheet-5-options.png 格 E-01~E-07 上目视	一致	需并排图
D4	OptionsPanel.prefab/Renderer	禁用	disabledState	原版 UI 同控件的同状态（出处：原版 resource/*.res 的 ButtonBG/ArmedBg 等）	已在联络图 contact-sheet-5-options.png 格 E-01~E-07 上目视	一致	需并排图
D4	OptionsPanel.prefab/Renderer	选中	selectedState	原版 UI 同控件的同状态（出处：原版 resource/*.res 的 ButtonBG/ArmedBg 等）	已在联络图 contact-sheet-5-options.png 格 E-01~E-07 上目视	一致	需并排图
D4	OptionsPanel.prefab/Resolution	常态	-	原版 UI 同控件的同状态（出处：原版 resource/*.res 的 ButtonBG/ArmedBg 等）	已在联络图 contact-sheet-5-options.png 格 E-01~E-07 上目视	一致	需并排图
D4	OptionsPanel.prefab/Resolution	悬停	highlightedSprite/颜色	原版 UI 同控件的同状态（出处：原版 resource/*.res 的 ButtonBG/ArmedBg 等）	已在联络图 contact-sheet-5-options.png 格 E-01~E-07 上目视	一致	需并排图
D4	OptionsPanel.prefab/Resolution	按下	pressedSprite/颜色	原版 UI 同控件的同状态（出处：原版 resource/*.res 的 ButtonBG/ArmedBg 等）	已在联络图 contact-sheet-5-options.png 格 E-01~E-07 上目视	一致	需并排图
D4	OptionsPanel.prefab/Resolution	禁用	disabledState	原版 UI 同控件的同状态（出处：原版 resource/*.res 的 ButtonBG/ArmedBg 等）	已在联络图 contact-sheet-5-options.png 格 E-01~E-07 上目视	一致	需并排图
D4	OptionsPanel.prefab/Resolution	选中	selectedState	原版 UI 同控件的同状态（出处：原版 resource/*.res 的 ButtonBG/ArmedBg 等）	已在联络图 contact-sheet-5-options.png 格 E-01~E-07 上目视	一致	需并排图
D4	OptionsPanel.prefab/ReverseMouse	常态	-	原版 UI 同控件的同状态（出处：原版 resource/*.res 的 ButtonBG/ArmedBg 等）	已在联络图 contact-sheet-5-options.png 格 E-01~E-07 上目视	一致	需并排图
D4	OptionsPanel.prefab/ReverseMouse	悬停	highlightedSprite/颜色	原版 UI 同控件的同状态（出处：原版 resource/*.res 的 ButtonBG/ArmedBg 等）	已在联络图 contact-sheet-5-options.png 格 E-01~E-07 上目视	一致	需并排图
D4	OptionsPanel.prefab/ReverseMouse	按下	pressedSprite/颜色	原版 UI 同控件的同状态（出处：原版 resource/*.res 的 ButtonBG/ArmedBg 等）	已在联络图 contact-sheet-5-options.png 格 E-01~E-07 上目视	一致	需并排图
D4	OptionsPanel.prefab/ReverseMouse	禁用	disabledState	原版 UI 同控件的同状态（出处：原版 resource/*.res 的 ButtonBG/ArmedBg 等）	已在联络图 contact-sheet-5-options.png 格 E-01~E-07 上目视	一致	需并排图
D4	OptionsPanel.prefab/ReverseMouse	选中	selectedState	原版 UI 同控件的同状态（出处：原版 resource/*.res 的 ButtonBG/ArmedBg 等）	已在联络图 contact-sheet-5-options.png 格 E-01~E-07 上目视	一致	需并排图
D4	OptionsPanel.prefab/ShowFps	常态	-	原版 UI 同控件的同状态（出处：原版 resource/*.res 的 ButtonBG/ArmedBg 等）	已在联络图 contact-sheet-5-options.png 格 E-01~E-07 上目视	一致	需并排图
D4	OptionsPanel.prefab/ShowFps	悬停	highlightedSprite/颜色	原版 UI 同控件的同状态（出处：原版 resource/*.res 的 ButtonBG/ArmedBg 等）	已在联络图 contact-sheet-5-options.png 格 E-01~E-07 上目视	一致	需并排图
D4	OptionsPanel.prefab/ShowFps	按下	pressedSprite/颜色	原版 UI 同控件的同状态（出处：原版 resource/*.res 的 ButtonBG/ArmedBg 等）	已在联络图 contact-sheet-5-options.png 格 E-01~E-07 上目视	一致	需并排图
D4	OptionsPanel.prefab/ShowFps	禁用	disabledState	原版 UI 同控件的同状态（出处：原版 resource/*.res 的 ButtonBG/ArmedBg 等）	已在联络图 contact-sheet-5-options.png 格 E-01~E-07 上目视	一致	需并排图
D4	OptionsPanel.prefab/ShowFps	选中	selectedState	原版 UI 同控件的同状态（出处：原版 resource/*.res 的 ButtonBG/ArmedBg 等）	已在联络图 contact-sheet-5-options.png 格 E-01~E-07 上目视	一致	需并排图
D4	OptionsPanel.prefab/SpraypaintColor	常态	-	原版 UI 同控件的同状态（出处：原版 resource/*.res 的 ButtonBG/ArmedBg 等）	已在联络图 contact-sheet-5-options.png 格 E-01~E-07 上目视	一致	需并排图
D4	OptionsPanel.prefab/SpraypaintColor	悬停	highlightedSprite/颜色	原版 UI 同控件的同状态（出处：原版 resource/*.res 的 ButtonBG/ArmedBg 等）	已在联络图 contact-sheet-5-options.png 格 E-01~E-07 上目视	一致	需并排图
D4	OptionsPanel.prefab/SpraypaintColor	按下	pressedSprite/颜色	原版 UI 同控件的同状态（出处：原版 resource/*.res 的 ButtonBG/ArmedBg 等）	已在联络图 contact-sheet-5-options.png 格 E-01~E-07 上目视	一致	需并排图
D4	OptionsPanel.prefab/SpraypaintColor	禁用	disabledState	原版 UI 同控件的同状态（出处：原版 resource/*.res 的 ButtonBG/ArmedBg 等）	已在联络图 contact-sheet-5-options.png 格 E-01~E-07 上目视	一致	需并排图
D4	OptionsPanel.prefab/SpraypaintColor	选中	selectedState	原版 UI 同控件的同状态（出处：原版 resource/*.res 的 ButtonBG/ArmedBg 等）	已在联络图 contact-sheet-5-options.png 格 E-01~E-07 上目视	一致	需并排图
D4	OptionsPanel.prefab/SpraypaintList	常态	-	原版 UI 同控件的同状态（出处：原版 resource/*.res 的 ButtonBG/ArmedBg 等）	已在联络图 contact-sheet-5-options.png 格 E-01~E-07 上目视	一致	需并排图
D4	OptionsPanel.prefab/SpraypaintList	悬停	highlightedSprite/颜色	原版 UI 同控件的同状态（出处：原版 resource/*.res 的 ButtonBG/ArmedBg 等）	已在联络图 contact-sheet-5-options.png 格 E-01~E-07 上目视	一致	需并排图
D4	OptionsPanel.prefab/SpraypaintList	按下	pressedSprite/颜色	原版 UI 同控件的同状态（出处：原版 resource/*.res 的 ButtonBG/ArmedBg 等）	已在联络图 contact-sheet-5-options.png 格 E-01~E-07 上目视	一致	需并排图
D4	OptionsPanel.prefab/SpraypaintList	禁用	disabledState	原版 UI 同控件的同状态（出处：原版 resource/*.res 的 ButtonBG/ArmedBg 等）	已在联络图 contact-sheet-5-options.png 格 E-01~E-07 上目视	一致	需并排图
D4	OptionsPanel.prefab/SpraypaintList	选中	selectedState	原版 UI 同控件的同状态（出处：原版 resource/*.res 的 ButtonBG/ArmedBg 等）	已在联络图 contact-sheet-5-options.png 格 E-01~E-07 上目视	一致	需并排图
D4	OptionsPanel.prefab/Tab_Advanced	常态	-	原版 UI 同控件的同状态（出处：原版 resource/*.res 的 ButtonBG/ArmedBg 等）	已在联络图 contact-sheet-5-options.png 格 E-01~E-07 上目视	一致	需并排图
D4	OptionsPanel.prefab/Tab_Advanced	悬停	highlightedSprite/颜色	原版 UI 同控件的同状态（出处：原版 resource/*.res 的 ButtonBG/ArmedBg 等）	已在联络图 contact-sheet-5-options.png 格 E-01~E-07 上目视	一致	需并排图
D4	OptionsPanel.prefab/Tab_Advanced	按下	pressedSprite/颜色	原版 UI 同控件的同状态（出处：原版 resource/*.res 的 ButtonBG/ArmedBg 等）	已在联络图 contact-sheet-5-options.png 格 E-01~E-07 上目视	一致	需并排图
D4	OptionsPanel.prefab/Tab_Advanced	禁用	disabledState	原版 UI 同控件的同状态（出处：原版 resource/*.res 的 ButtonBG/ArmedBg 等）	已在联络图 contact-sheet-5-options.png 格 E-01~E-07 上目视	一致	需并排图
D4	OptionsPanel.prefab/Tab_Advanced	选中	selectedState	原版 UI 同控件的同状态（出处：原版 resource/*.res 的 ButtonBG/ArmedBg 等）	已在联络图 contact-sheet-5-options.png 格 E-01~E-07 上目视	一致	需并排图
D4	OptionsPanel.prefab/Tab_Audio	常态	-	原版 UI 同控件的同状态（出处：原版 resource/*.res 的 ButtonBG/ArmedBg 等）	已在联络图 contact-sheet-5-options.png 格 E-01~E-07 上目视	一致	需并排图
D4	OptionsPanel.prefab/Tab_Audio	悬停	highlightedSprite/颜色	原版 UI 同控件的同状态（出处：原版 resource/*.res 的 ButtonBG/ArmedBg 等）	已在联络图 contact-sheet-5-options.png 格 E-01~E-07 上目视	一致	需并排图
D4	OptionsPanel.prefab/Tab_Audio	按下	pressedSprite/颜色	原版 UI 同控件的同状态（出处：原版 resource/*.res 的 ButtonBG/ArmedBg 等）	已在联络图 contact-sheet-5-options.png 格 E-01~E-07 上目视	一致	需并排图
D4	OptionsPanel.prefab/Tab_Audio	禁用	disabledState	原版 UI 同控件的同状态（出处：原版 resource/*.res 的 ButtonBG/ArmedBg 等）	已在联络图 contact-sheet-5-options.png 格 E-01~E-07 上目视	一致	需并排图
D4	OptionsPanel.prefab/Tab_Audio	选中	selectedState	原版 UI 同控件的同状态（出处：原版 resource/*.res 的 ButtonBG/ArmedBg 等）	已在联络图 contact-sheet-5-options.png 格 E-01~E-07 上目视	一致	需并排图
D4	OptionsPanel.prefab/Tab_Keyboard	常态	-	原版 UI 同控件的同状态（出处：原版 resource/*.res 的 ButtonBG/ArmedBg 等）	已在联络图 contact-sheet-5-options.png 格 E-01~E-07 上目视	一致	需并排图
D4	OptionsPanel.prefab/Tab_Keyboard	悬停	highlightedSprite/颜色	原版 UI 同控件的同状态（出处：原版 resource/*.res 的 ButtonBG/ArmedBg 等）	已在联络图 contact-sheet-5-options.png 格 E-01~E-07 上目视	一致	需并排图
D4	OptionsPanel.prefab/Tab_Keyboard	按下	pressedSprite/颜色	原版 UI 同控件的同状态（出处：原版 resource/*.res 的 ButtonBG/ArmedBg 等）	已在联络图 contact-sheet-5-options.png 格 E-01~E-07 上目视	一致	需并排图
D4	OptionsPanel.prefab/Tab_Keyboard	禁用	disabledState	原版 UI 同控件的同状态（出处：原版 resource/*.res 的 ButtonBG/ArmedBg 等）	已在联络图 contact-sheet-5-options.png 格 E-01~E-07 上目视	一致	需并排图
D4	OptionsPanel.prefab/Tab_Keyboard	选中	selectedState	原版 UI 同控件的同状态（出处：原版 resource/*.res 的 ButtonBG/ArmedBg 等）	已在联络图 contact-sheet-5-options.png 格 E-01~E-07 上目视	一致	需并排图
D4	OptionsPanel.prefab/Tab_Mouse	常态	-	原版 UI 同控件的同状态（出处：原版 resource/*.res 的 ButtonBG/ArmedBg 等）	已在联络图 contact-sheet-5-options.png 格 E-01~E-07 上目视	一致	需并排图
D4	OptionsPanel.prefab/Tab_Mouse	悬停	highlightedSprite/颜色	原版 UI 同控件的同状态（出处：原版 resource/*.res 的 ButtonBG/ArmedBg 等）	已在联络图 contact-sheet-5-options.png 格 E-01~E-07 上目视	一致	需并排图
D4	OptionsPanel.prefab/Tab_Mouse	按下	pressedSprite/颜色	原版 UI 同控件的同状态（出处：原版 resource/*.res 的 ButtonBG/ArmedBg 等）	已在联络图 contact-sheet-5-options.png 格 E-01~E-07 上目视	一致	需并排图
D4	OptionsPanel.prefab/Tab_Mouse	禁用	disabledState	原版 UI 同控件的同状态（出处：原版 resource/*.res 的 ButtonBG/ArmedBg 等）	已在联络图 contact-sheet-5-options.png 格 E-01~E-07 上目视	一致	需并排图
D4	OptionsPanel.prefab/Tab_Mouse	选中	selectedState	原版 UI 同控件的同状态（出处：原版 resource/*.res 的 ButtonBG/ArmedBg 等）	已在联络图 contact-sheet-5-options.png 格 E-01~E-07 上目视	一致	需并排图
D4	OptionsPanel.prefab/Tab_Multiplayer	常态	-	原版 UI 同控件的同状态（出处：原版 resource/*.res 的 ButtonBG/ArmedBg 等）	已在联络图 contact-sheet-5-options.png 格 E-01~E-07 上目视	一致	需并排图
D4	OptionsPanel.prefab/Tab_Multiplayer	悬停	highlightedSprite/颜色	原版 UI 同控件的同状态（出处：原版 resource/*.res 的 ButtonBG/ArmedBg 等）	已在联络图 contact-sheet-5-options.png 格 E-01~E-07 上目视	一致	需并排图
D4	OptionsPanel.prefab/Tab_Multiplayer	按下	pressedSprite/颜色	原版 UI 同控件的同状态（出处：原版 resource/*.res 的 ButtonBG/ArmedBg 等）	已在联络图 contact-sheet-5-options.png 格 E-01~E-07 上目视	一致	需并排图
D4	OptionsPanel.prefab/Tab_Multiplayer	禁用	disabledState	原版 UI 同控件的同状态（出处：原版 resource/*.res 的 ButtonBG/ArmedBg 等）	已在联络图 contact-sheet-5-options.png 格 E-01~E-07 上目视	一致	需并排图
D4	OptionsPanel.prefab/Tab_Multiplayer	选中	selectedState	原版 UI 同控件的同状态（出处：原版 resource/*.res 的 ButtonBG/ArmedBg 等）	已在联络图 contact-sheet-5-options.png 格 E-01~E-07 上目视	一致	需并排图
D4	OptionsPanel.prefab/Tab_Video	常态	-	原版 UI 同控件的同状态（出处：原版 resource/*.res 的 ButtonBG/ArmedBg 等）	已在联络图 contact-sheet-5-options.png 格 E-01~E-07 上目视	一致	需并排图
D4	OptionsPanel.prefab/Tab_Video	悬停	highlightedSprite/颜色	原版 UI 同控件的同状态（出处：原版 resource/*.res 的 ButtonBG/ArmedBg 等）	已在联络图 contact-sheet-5-options.png 格 E-01~E-07 上目视	一致	需并排图
D4	OptionsPanel.prefab/Tab_Video	按下	pressedSprite/颜色	原版 UI 同控件的同状态（出处：原版 resource/*.res 的 ButtonBG/ArmedBg 等）	已在联络图 contact-sheet-5-options.png 格 E-01~E-07 上目视	一致	需并排图
D4	OptionsPanel.prefab/Tab_Video	禁用	disabledState	原版 UI 同控件的同状态（出处：原版 resource/*.res 的 ButtonBG/ArmedBg 等）	已在联络图 contact-sheet-5-options.png 格 E-01~E-07 上目视	一致	需并排图
D4	OptionsPanel.prefab/Tab_Video	选中	selectedState	原版 UI 同控件的同状态（出处：原版 resource/*.res 的 ButtonBG/ArmedBg 等）	已在联络图 contact-sheet-5-options.png 格 E-01~E-07 上目视	一致	需并排图
D4	OptionsPanel.prefab/Tab_Voice	常态	-	原版 UI 同控件的同状态（出处：原版 resource/*.res 的 ButtonBG/ArmedBg 等）	已在联络图 contact-sheet-5-options.png 格 E-01~E-07 上目视	一致	需并排图
D4	OptionsPanel.prefab/Tab_Voice	悬停	highlightedSprite/颜色	原版 UI 同控件的同状态（出处：原版 resource/*.res 的 ButtonBG/ArmedBg 等）	已在联络图 contact-sheet-5-options.png 格 E-01~E-07 上目视	一致	需并排图
D4	OptionsPanel.prefab/Tab_Voice	按下	pressedSprite/颜色	原版 UI 同控件的同状态（出处：原版 resource/*.res 的 ButtonBG/ArmedBg 等）	已在联络图 contact-sheet-5-options.png 格 E-01~E-07 上目视	一致	需并排图
D4	OptionsPanel.prefab/Tab_Voice	禁用	disabledState	原版 UI 同控件的同状态（出处：原版 resource/*.res 的 ButtonBG/ArmedBg 等）	已在联络图 contact-sheet-5-options.png 格 E-01~E-07 上目视	一致	需并排图
D4	OptionsPanel.prefab/Tab_Voice	选中	selectedState	原版 UI 同控件的同状态（出处：原版 resource/*.res 的 ButtonBG/ArmedBg 等）	已在联络图 contact-sheet-5-options.png 格 E-01~E-07 上目视	一致	需并排图
D4	OptionsPanel.prefab/TestMicrophone	常态	-	原版 UI 同控件的同状态（出处：原版 resource/*.res 的 ButtonBG/ArmedBg 等）	已在联络图 contact-sheet-5-options.png 格 E-01~E-07 上目视	一致	需并排图
D4	OptionsPanel.prefab/TestMicrophone	悬停	highlightedSprite/颜色	原版 UI 同控件的同状态（出处：原版 resource/*.res 的 ButtonBG/ArmedBg 等）	已在联络图 contact-sheet-5-options.png 格 E-01~E-07 上目视	一致	需并排图
D4	OptionsPanel.prefab/TestMicrophone	按下	pressedSprite/颜色	原版 UI 同控件的同状态（出处：原版 resource/*.res 的 ButtonBG/ArmedBg 等）	已在联络图 contact-sheet-5-options.png 格 E-01~E-07 上目视	一致	需并排图
D4	OptionsPanel.prefab/TestMicrophone	禁用	disabledState	原版 UI 同控件的同状态（出处：原版 resource/*.res 的 ButtonBG/ArmedBg 等）	已在联络图 contact-sheet-5-options.png 格 E-01~E-07 上目视	一致	需并排图
D4	OptionsPanel.prefab/TestMicrophone	选中	selectedState	原版 UI 同控件的同状态（出处：原版 resource/*.res 的 ButtonBG/ArmedBg 等）	已在联络图 contact-sheet-5-options.png 格 E-01~E-07 上目视	一致	需并排图
D4	OptionsPanel.prefab/Windowed	常态	-	原版 UI 同控件的同状态（出处：原版 resource/*.res 的 ButtonBG/ArmedBg 等）	已在联络图 contact-sheet-5-options.png 格 E-01~E-07 上目视	一致	需并排图
D4	OptionsPanel.prefab/Windowed	悬停	highlightedSprite/颜色	原版 UI 同控件的同状态（出处：原版 resource/*.res 的 ButtonBG/ArmedBg 等）	已在联络图 contact-sheet-5-options.png 格 E-01~E-07 上目视	一致	需并排图
D4	OptionsPanel.prefab/Windowed	按下	pressedSprite/颜色	原版 UI 同控件的同状态（出处：原版 resource/*.res 的 ButtonBG/ArmedBg 等）	已在联络图 contact-sheet-5-options.png 格 E-01~E-07 上目视	一致	需并排图
D4	OptionsPanel.prefab/Windowed	禁用	disabledState	原版 UI 同控件的同状态（出处：原版 resource/*.res 的 ButtonBG/ArmedBg 等）	已在联络图 contact-sheet-5-options.png 格 E-01~E-07 上目视	一致	需并排图
D4	OptionsPanel.prefab/Windowed	选中	selectedState	原版 UI 同控件的同状态（出处：原版 resource/*.res 的 ButtonBG/ArmedBg 等）	已在联络图 contact-sheet-5-options.png 格 E-01~E-07 上目视	一致	需并排图
D4	OptionsPanel.prefab/voice_modenable	常态	-	原版 UI 同控件的同状态（出处：原版 resource/*.res 的 ButtonBG/ArmedBg 等）	已在联络图 contact-sheet-5-options.png 格 E-01~E-07 上目视	一致	需并排图
D4	OptionsPanel.prefab/voice_modenable	悬停	highlightedSprite/颜色	原版 UI 同控件的同状态（出处：原版 resource/*.res 的 ButtonBG/ArmedBg 等）	已在联络图 contact-sheet-5-options.png 格 E-01~E-07 上目视	一致	需并排图
D4	OptionsPanel.prefab/voice_modenable	按下	pressedSprite/颜色	原版 UI 同控件的同状态（出处：原版 resource/*.res 的 ButtonBG/ArmedBg 等）	已在联络图 contact-sheet-5-options.png 格 E-01~E-07 上目视	一致	需并排图
D4	OptionsPanel.prefab/voice_modenable	禁用	disabledState	原版 UI 同控件的同状态（出处：原版 resource/*.res 的 ButtonBG/ArmedBg 等）	已在联络图 contact-sheet-5-options.png 格 E-01~E-07 上目视	一致	需并排图
D4	OptionsPanel.prefab/voice_modenable	选中	selectedState	原版 UI 同控件的同状态（出处：原版 resource/*.res 的 ButtonBG/ArmedBg 等）	已在联络图 contact-sheet-5-options.png 格 E-01~E-07 上目视	一致	需并排图
D4	PausePanel.prefab/Btn_BackToMain	常态	-	原版 UI 同控件的同状态（出处：原版 resource/*.res 的 ButtonBG/ArmedBg 等）	已在联络图 contact-sheet-4-menu.png 格 D-08 上目视	一致	需并排图
D4	PausePanel.prefab/Btn_BackToMain	悬停	highlightedSprite/颜色	原版 UI 同控件的同状态（出处：原版 resource/*.res 的 ButtonBG/ArmedBg 等）	已在联络图 contact-sheet-4-menu.png 格 D-08 上目视	一致	需并排图
D4	PausePanel.prefab/Btn_BackToMain	按下	pressedSprite/颜色	原版 UI 同控件的同状态（出处：原版 resource/*.res 的 ButtonBG/ArmedBg 等）	已在联络图 contact-sheet-4-menu.png 格 D-08 上目视	一致	需并排图
D4	PausePanel.prefab/Btn_BackToMain	禁用	disabledState	原版 UI 同控件的同状态（出处：原版 resource/*.res 的 ButtonBG/ArmedBg 等）	已在联络图 contact-sheet-4-menu.png 格 D-08 上目视	一致	需并排图
D4	PausePanel.prefab/Btn_BackToMain	选中	selectedState	原版 UI 同控件的同状态（出处：原版 resource/*.res 的 ButtonBG/ArmedBg 等）	已在联络图 contact-sheet-4-menu.png 格 D-08 上目视	一致	需并排图
D4	PausePanel.prefab/Btn_Options	常态	-	原版 UI 同控件的同状态（出处：原版 resource/*.res 的 ButtonBG/ArmedBg 等）	已在联络图 contact-sheet-4-menu.png 格 D-08 上目视	一致	需并排图
D4	PausePanel.prefab/Btn_Options	悬停	highlightedSprite/颜色	原版 UI 同控件的同状态（出处：原版 resource/*.res 的 ButtonBG/ArmedBg 等）	已在联络图 contact-sheet-4-menu.png 格 D-08 上目视	一致	需并排图
D4	PausePanel.prefab/Btn_Options	按下	pressedSprite/颜色	原版 UI 同控件的同状态（出处：原版 resource/*.res 的 ButtonBG/ArmedBg 等）	已在联络图 contact-sheet-4-menu.png 格 D-08 上目视	一致	需并排图
D4	PausePanel.prefab/Btn_Options	禁用	disabledState	原版 UI 同控件的同状态（出处：原版 resource/*.res 的 ButtonBG/ArmedBg 等）	已在联络图 contact-sheet-4-menu.png 格 D-08 上目视	一致	需并排图
D4	PausePanel.prefab/Btn_Options	选中	selectedState	原版 UI 同控件的同状态（出处：原版 resource/*.res 的 ButtonBG/ArmedBg 等）	已在联络图 contact-sheet-4-menu.png 格 D-08 上目视	一致	需并排图
D4	PausePanel.prefab/Btn_Quit	常态	-	原版 UI 同控件的同状态（出处：原版 resource/*.res 的 ButtonBG/ArmedBg 等）	已在联络图 contact-sheet-4-menu.png 格 D-08 上目视	一致	需并排图
D4	PausePanel.prefab/Btn_Quit	悬停	highlightedSprite/颜色	原版 UI 同控件的同状态（出处：原版 resource/*.res 的 ButtonBG/ArmedBg 等）	已在联络图 contact-sheet-4-menu.png 格 D-08 上目视	一致	需并排图
D4	PausePanel.prefab/Btn_Quit	按下	pressedSprite/颜色	原版 UI 同控件的同状态（出处：原版 resource/*.res 的 ButtonBG/ArmedBg 等）	已在联络图 contact-sheet-4-menu.png 格 D-08 上目视	一致	需并排图
D4	PausePanel.prefab/Btn_Quit	禁用	disabledState	原版 UI 同控件的同状态（出处：原版 resource/*.res 的 ButtonBG/ArmedBg 等）	已在联络图 contact-sheet-4-menu.png 格 D-08 上目视	一致	需并排图
D4	PausePanel.prefab/Btn_Quit	选中	selectedState	原版 UI 同控件的同状态（出处：原版 resource/*.res 的 ButtonBG/ArmedBg 等）	已在联络图 contact-sheet-4-menu.png 格 D-08 上目视	一致	需并排图
D4	PausePanel.prefab/Btn_Resume	常态	-	原版 UI 同控件的同状态（出处：原版 resource/*.res 的 ButtonBG/ArmedBg 等）	已在联络图 contact-sheet-4-menu.png 格 D-08 上目视	一致	需并排图
D4	PausePanel.prefab/Btn_Resume	悬停	highlightedSprite/颜色	原版 UI 同控件的同状态（出处：原版 resource/*.res 的 ButtonBG/ArmedBg 等）	已在联络图 contact-sheet-4-menu.png 格 D-08 上目视	一致	需并排图
D4	PausePanel.prefab/Btn_Resume	按下	pressedSprite/颜色	原版 UI 同控件的同状态（出处：原版 resource/*.res 的 ButtonBG/ArmedBg 等）	已在联络图 contact-sheet-4-menu.png 格 D-08 上目视	一致	需并排图
D4	PausePanel.prefab/Btn_Resume	禁用	disabledState	原版 UI 同控件的同状态（出处：原版 resource/*.res 的 ButtonBG/ArmedBg 等）	已在联络图 contact-sheet-4-menu.png 格 D-08 上目视	一致	需并排图
D4	PausePanel.prefab/Btn_Resume	选中	selectedState	原版 UI 同控件的同状态（出处：原版 resource/*.res 的 ButtonBG/ArmedBg 等）	已在联络图 contact-sheet-4-menu.png 格 D-08 上目视	一致	需并排图
D4	ServerListPanel.prefab/Btn_Back	常态	-	原版 UI 同控件的同状态（出处：原版 resource/*.res 的 ButtonBG/ArmedBg 等）	已在联络图 contact-sheet-4-menu.png 格 D-04 上目视	一致	需并排图
D4	ServerListPanel.prefab/Btn_Back	悬停	highlightedSprite/颜色	原版 UI 同控件的同状态（出处：原版 resource/*.res 的 ButtonBG/ArmedBg 等）	已在联络图 contact-sheet-4-menu.png 格 D-04 上目视	一致	需并排图
D4	ServerListPanel.prefab/Btn_Back	按下	pressedSprite/颜色	原版 UI 同控件的同状态（出处：原版 resource/*.res 的 ButtonBG/ArmedBg 等）	已在联络图 contact-sheet-4-menu.png 格 D-04 上目视	一致	需并排图
D4	ServerListPanel.prefab/Btn_Back	禁用	disabledState	原版 UI 同控件的同状态（出处：原版 resource/*.res 的 ButtonBG/ArmedBg 等）	已在联络图 contact-sheet-4-menu.png 格 D-04 上目视	一致	需并排图
D4	ServerListPanel.prefab/Btn_Back	选中	selectedState	原版 UI 同控件的同状态（出处：原版 resource/*.res 的 ButtonBG/ArmedBg 等）	已在联络图 contact-sheet-4-menu.png 格 D-04 上目视	一致	需并排图
D4	ServerListPanel.prefab/Btn_Refresh	常态	-	原版 UI 同控件的同状态（出处：原版 resource/*.res 的 ButtonBG/ArmedBg 等）	已在联络图 contact-sheet-4-menu.png 格 D-04 上目视	一致	需并排图
D4	ServerListPanel.prefab/Btn_Refresh	悬停	highlightedSprite/颜色	原版 UI 同控件的同状态（出处：原版 resource/*.res 的 ButtonBG/ArmedBg 等）	已在联络图 contact-sheet-4-menu.png 格 D-04 上目视	一致	需并排图
D4	ServerListPanel.prefab/Btn_Refresh	按下	pressedSprite/颜色	原版 UI 同控件的同状态（出处：原版 resource/*.res 的 ButtonBG/ArmedBg 等）	已在联络图 contact-sheet-4-menu.png 格 D-04 上目视	一致	需并排图
D4	ServerListPanel.prefab/Btn_Refresh	禁用	disabledState	原版 UI 同控件的同状态（出处：原版 resource/*.res 的 ButtonBG/ArmedBg 等）	已在联络图 contact-sheet-4-menu.png 格 D-04 上目视	一致	需并排图
D4	ServerListPanel.prefab/Btn_Refresh	选中	selectedState	原版 UI 同控件的同状态（出处：原版 resource/*.res 的 ButtonBG/ArmedBg 等）	已在联络图 contact-sheet-4-menu.png 格 D-04 上目视	一致	需并排图
D4	TeamSelectPanel.prefab/CancelButton	常态	-	原版 UI 同控件的同状态（出处：原版 resource/*.res 的 ButtonBG/ArmedBg 等）	已在联络图 contact-sheet-4-menu.png 格 D-06（常态）/ D-07（悬停） 上目视	一致	需并排图
D4	TeamSelectPanel.prefab/CancelButton	悬停	highlightedSprite/颜色	原版 UI 同控件的同状态（出处：原版 resource/*.res 的 ButtonBG/ArmedBg 等）	已在联络图 contact-sheet-4-menu.png 格 D-06（常态）/ D-07（悬停） 上目视	一致	需并排图
D4	TeamSelectPanel.prefab/CancelButton	按下	pressedSprite/颜色	原版 UI 同控件的同状态（出处：原版 resource/*.res 的 ButtonBG/ArmedBg 等）	已在联络图 contact-sheet-4-menu.png 格 D-06（常态）/ D-07（悬停） 上目视	一致	需并排图
D4	TeamSelectPanel.prefab/CancelButton	禁用	disabledState	原版 UI 同控件的同状态（出处：原版 resource/*.res 的 ButtonBG/ArmedBg 等）	已在联络图 contact-sheet-4-menu.png 格 D-06（常态）/ D-07（悬停） 上目视	一致	需并排图
D4	TeamSelectPanel.prefab/CancelButton	选中	selectedState	原版 UI 同控件的同状态（出处：原版 resource/*.res 的 ButtonBG/ArmedBg 等）	已在联络图 contact-sheet-4-menu.png 格 D-06（常态）/ D-07（悬停） 上目视	一致	需并排图
D4	TeamSelectPanel.prefab/autobutton	常态	-	原版 UI 同控件的同状态（出处：原版 resource/*.res 的 ButtonBG/ArmedBg 等）	已在联络图 contact-sheet-4-menu.png 格 D-06（常态）/ D-07（悬停） 上目视	一致	需并排图
D4	TeamSelectPanel.prefab/autobutton	悬停	highlightedSprite/颜色	原版 UI 同控件的同状态（出处：原版 resource/*.res 的 ButtonBG/ArmedBg 等）	已在联络图 contact-sheet-4-menu.png 格 D-06（常态）/ D-07（悬停） 上目视	一致	需并排图
D4	TeamSelectPanel.prefab/autobutton	按下	pressedSprite/颜色	原版 UI 同控件的同状态（出处：原版 resource/*.res 的 ButtonBG/ArmedBg 等）	已在联络图 contact-sheet-4-menu.png 格 D-06（常态）/ D-07（悬停） 上目视	一致	需并排图
D4	TeamSelectPanel.prefab/autobutton	禁用	disabledState	原版 UI 同控件的同状态（出处：原版 resource/*.res 的 ButtonBG/ArmedBg 等）	已在联络图 contact-sheet-4-menu.png 格 D-06（常态）/ D-07（悬停） 上目视	一致	需并排图
D4	TeamSelectPanel.prefab/autobutton	选中	selectedState	原版 UI 同控件的同状态（出处：原版 resource/*.res 的 ButtonBG/ArmedBg 等）	已在联络图 contact-sheet-4-menu.png 格 D-06（常态）/ D-07（悬停） 上目视	一致	需并排图
D4	TeamSelectPanel.prefab/ctbutton	常态	-	原版 UI 同控件的同状态（出处：原版 resource/*.res 的 ButtonBG/ArmedBg 等）	已在联络图 contact-sheet-4-menu.png 格 D-06（常态）/ D-07（悬停） 上目视	一致	需并排图
D4	TeamSelectPanel.prefab/ctbutton	悬停	highlightedSprite/颜色	原版 UI 同控件的同状态（出处：原版 resource/*.res 的 ButtonBG/ArmedBg 等）	已在联络图 contact-sheet-4-menu.png 格 D-06（常态）/ D-07（悬停） 上目视	一致	需并排图
D4	TeamSelectPanel.prefab/ctbutton	按下	pressedSprite/颜色	原版 UI 同控件的同状态（出处：原版 resource/*.res 的 ButtonBG/ArmedBg 等）	已在联络图 contact-sheet-4-menu.png 格 D-06（常态）/ D-07（悬停） 上目视	一致	需并排图
D4	TeamSelectPanel.prefab/ctbutton	禁用	disabledState	原版 UI 同控件的同状态（出处：原版 resource/*.res 的 ButtonBG/ArmedBg 等）	已在联络图 contact-sheet-4-menu.png 格 D-06（常态）/ D-07（悬停） 上目视	一致	需并排图
D4	TeamSelectPanel.prefab/ctbutton	选中	selectedState	原版 UI 同控件的同状态（出处：原版 resource/*.res 的 ButtonBG/ArmedBg 等）	已在联络图 contact-sheet-4-menu.png 格 D-06（常态）/ D-07（悬停） 上目视	一致	需并排图
D4	TeamSelectPanel.prefab/specbutton	常态	-	原版 UI 同控件的同状态（出处：原版 resource/*.res 的 ButtonBG/ArmedBg 等）	已在联络图 contact-sheet-4-menu.png 格 D-06（常态）/ D-07（悬停） 上目视	一致	需并排图
D4	TeamSelectPanel.prefab/specbutton	悬停	highlightedSprite/颜色	原版 UI 同控件的同状态（出处：原版 resource/*.res 的 ButtonBG/ArmedBg 等）	已在联络图 contact-sheet-4-menu.png 格 D-06（常态）/ D-07（悬停） 上目视	一致	需并排图
D4	TeamSelectPanel.prefab/specbutton	按下	pressedSprite/颜色	原版 UI 同控件的同状态（出处：原版 resource/*.res 的 ButtonBG/ArmedBg 等）	已在联络图 contact-sheet-4-menu.png 格 D-06（常态）/ D-07（悬停） 上目视	一致	需并排图
D4	TeamSelectPanel.prefab/specbutton	禁用	disabledState	原版 UI 同控件的同状态（出处：原版 resource/*.res 的 ButtonBG/ArmedBg 等）	已在联络图 contact-sheet-4-menu.png 格 D-06（常态）/ D-07（悬停） 上目视	一致	需并排图
D4	TeamSelectPanel.prefab/specbutton	选中	selectedState	原版 UI 同控件的同状态（出处：原版 resource/*.res 的 ButtonBG/ArmedBg 等）	已在联络图 contact-sheet-4-menu.png 格 D-06（常态）/ D-07（悬停） 上目视	一致	需并排图
D4	TeamSelectPanel.prefab/terbutton	常态	-	原版 UI 同控件的同状态（出处：原版 resource/*.res 的 ButtonBG/ArmedBg 等）	已在联络图 contact-sheet-4-menu.png 格 D-06（常态）/ D-07（悬停） 上目视	一致	需并排图
D4	TeamSelectPanel.prefab/terbutton	悬停	highlightedSprite/颜色	原版 UI 同控件的同状态（出处：原版 resource/*.res 的 ButtonBG/ArmedBg 等）	已在联络图 contact-sheet-4-menu.png 格 D-06（常态）/ D-07（悬停） 上目视	一致	需并排图
D4	TeamSelectPanel.prefab/terbutton	按下	pressedSprite/颜色	原版 UI 同控件的同状态（出处：原版 resource/*.res 的 ButtonBG/ArmedBg 等）	已在联络图 contact-sheet-4-menu.png 格 D-06（常态）/ D-07（悬停） 上目视	一致	需并排图
D4	TeamSelectPanel.prefab/terbutton	禁用	disabledState	原版 UI 同控件的同状态（出处：原版 resource/*.res 的 ButtonBG/ArmedBg 等）	已在联络图 contact-sheet-4-menu.png 格 D-06（常态）/ D-07（悬停） 上目视	一致	需并排图
D4	TeamSelectPanel.prefab/terbutton	选中	selectedState	原版 UI 同控件的同状态（出处：原版 resource/*.res 的 ButtonBG/ArmedBg 等）	已在联络图 contact-sheet-4-menu.png 格 D-06（常态）/ D-07（悬停） 上目视	一致	需并排图
D4	TeamSelectPanel.prefab/vipbutton	常态	-	原版 UI 同控件的同状态（出处：原版 resource/*.res 的 ButtonBG/ArmedBg 等）	已在联络图 contact-sheet-4-menu.png 格 D-06（常态）/ D-07（悬停） 上目视	一致	需并排图
D4	TeamSelectPanel.prefab/vipbutton	悬停	highlightedSprite/颜色	原版 UI 同控件的同状态（出处：原版 resource/*.res 的 ButtonBG/ArmedBg 等）	已在联络图 contact-sheet-4-menu.png 格 D-06（常态）/ D-07（悬停） 上目视	一致	需并排图
D4	TeamSelectPanel.prefab/vipbutton	按下	pressedSprite/颜色	原版 UI 同控件的同状态（出处：原版 resource/*.res 的 ButtonBG/ArmedBg 等）	已在联络图 contact-sheet-4-menu.png 格 D-06（常态）/ D-07（悬停） 上目视	一致	需并排图
D4	TeamSelectPanel.prefab/vipbutton	禁用	disabledState	原版 UI 同控件的同状态（出处：原版 resource/*.res 的 ButtonBG/ArmedBg 等）	已在联络图 contact-sheet-4-menu.png 格 D-06（常态）/ D-07（悬停） 上目视	一致	需并排图
D4	TeamSelectPanel.prefab/vipbutton	选中	selectedState	原版 UI 同控件的同状态（出处：原版 resource/*.res 的 ButtonBG/ArmedBg 等）	已在联络图 contact-sheet-4-menu.png 格 D-06（常态）/ D-07（悬停） 上目视	一致	需并排图
D4	买枪界面（BuyMenuPanel）	用户本轮报的场景	真实机 / 本片只诊断（修在后续切片）	复现用户描述的现象	未修（登记为允许的差异）	允许的差异(→ 差异登记.tsv)	离线可判：`BuyMenuPanel.cs` 的**全部布局常量是自建**（`:27-38` 的 Dialog/Category/List/Row 十项），出处是"任务书 §4.2 / 规格 G3"——⛔ 不是原版载体。原版口径的载体**已在盘**：`原版资源/cs16src/cstrike/sprites/weapon_*.txt`（31 份，片AW 取回；每份逐字给出 320/640 两档下 `weapon/ammo/crosshair` 部件取自哪张 HUD 精灵 + 源矩形 + 屏幕落点）与 `640hud10/640hud11.spr`（`原版资源/cs16src/cstrike/cstrike__sprites__640hud10.spr`）⇒ **有出处但未接** ⇒ 差异 #70
D4	交叉 D4×D12 UI×流程状态	交叉状态	-	暂停时的 HUD / 买枪区菜单 / 观战记分板；联络图 contact-sheet-4-menu.png 格 D-08（GAME PAUSED 对话框与背后的 HUD 同帧）+ contact-sheet-2-ingame.png 格 B-15（买枪菜单）/ B-04（记分板）	地域研判	一致	patterns/full-coverage-audit.md §4
D4	选人（选兵种）界面（TeamSelectPanel / classmenu）	用户本轮报的场景	真实机 / 本片只诊断（修在后续切片）	复现用户描述的现象	未修（登记为允许的差异）	允许的差异(→ 差异登记.tsv)	本工程**没有**选兵种界面（只有选阵营 `TeamSelectPanel.cs`，其载体 `teammenu.res` 已实现见差异 #25/#27/#38）；差异 #36 早先已登记"原版 `classmenu_*.res` 未做"，本片按用户本轮 #5 把它**并进同一条**（同一差异 #70），⛔ 不新开差异号（避免同一件事两个号）。判据 = 原版 `.res` 到位后按控件逐条落 + 并排图
D4	雷达/世界范围映射（引擎 Game.Map 原点/尺寸）	点位与朝向	rotated 0/1	原版 overviews/de_dust2.txt 的 ZOOM/ORIGIN/ROTATED（本机不在盘）	has_map_api=True	一致	client/Assets/Scripts/UI/InGame/CsRadarWidget.cs
D5	player_CT.controller/crouch_idle	入口与轮播	帧率/时长	原版 mdl 序列帧数与 fps（出处：原版资源/cs16src/cs16_anim.py）	序列资产 client/Assets/Resources/Art/Anim/player_CT_crouch_idle.anim	一致	client/Assets/Resources/Art/Anim/player_CT.controller
D5	player_CT.controller/crouch_reload_carbine	入口与轮播	帧率/时长	原版 mdl 序列帧数与 fps（出处：原版资源/cs16src/cs16_anim.py）	序列资产 client/Assets/Resources/Art/Anim/player_CT_crouch_reload_carbine.anim	一致	client/Assets/Resources/Art/Anim/player_CT.controller
D5	player_CT.controller/crouch_reload_dualpistols_1	入口与轮播	帧率/时长	原版 mdl 序列帧数与 fps（出处：原版资源/cs16src/cs16_anim.py）	序列资产 client/Assets/Resources/Art/Anim/player_CT_crouch_reload_dualpistols_1.anim	一致	client/Assets/Resources/Art/Anim/player_CT.controller
D5	player_CT.controller/crouch_reload_m249	入口与轮播	帧率/时长	原版 mdl 序列帧数与 fps（出处：原版资源/cs16src/cs16_anim.py）	序列资产 client/Assets/Resources/Art/Anim/player_CT_crouch_reload_m249.anim	一致	client/Assets/Resources/Art/Anim/player_CT.controller
D5	player_CT.controller/crouch_reload_mp5	入口与轮播	帧率/时长	原版 mdl 序列帧数与 fps（出处：原版资源/cs16src/cs16_anim.py）	序列资产 client/Assets/Resources/Art/Anim/player_CT_crouch_reload_mp5.anim	一致	client/Assets/Resources/Art/Anim/player_CT.controller
D5	player_CT.controller/crouch_reload_onehanded	入口与轮播	帧率/时长	原版 mdl 序列帧数与 fps（出处：原版资源/cs16src/cs16_anim.py）	序列资产 client/Assets/Resources/Art/Anim/player_CT_crouch_reload_onehanded.anim	一致	client/Assets/Resources/Art/Anim/player_CT.controller
D5	player_CT.controller/crouch_reload_rifle	入口与轮播	帧率/时长	原版 mdl 序列帧数与 fps（出处：原版资源/cs16src/cs16_anim.py）	序列资产 client/Assets/Resources/Art/Anim/player_CT_crouch_reload_rifle.anim	一致	client/Assets/Resources/Art/Anim/player_CT.controller
D5	player_CT.controller/crouch_reload_shotgun	入口与轮播	帧率/时长	原版 mdl 序列帧数与 fps（出处：原版资源/cs16src/cs16_anim.py）	序列资产 client/Assets/Resources/Art/Anim/player_CT_crouch_reload_shotgun.anim	一致	client/Assets/Resources/Art/Anim/player_CT.controller
D5	player_CT.controller/crouch_shoot_ak47	入口与轮播	帧率/时长	原版 mdl 序列帧数与 fps（出处：原版资源/cs16src/cs16_anim.py）	序列资产 client/Assets/Resources/Art/Anim/player_CT_crouch_shoot_ak47.anim	一致	client/Assets/Resources/Art/Anim/player_CT.controller
D5	player_CT.controller/crouch_shoot_c4	入口与轮播	帧率/时长	原版 mdl 序列帧数与 fps（出处：原版资源/cs16src/cs16_anim.py）	序列资产 client/Assets/Resources/Art/Anim/player_CT_crouch_shoot_c4.anim	一致	client/Assets/Resources/Art/Anim/player_CT.controller
D5	player_CT.controller/crouch_shoot_carbine	入口与轮播	帧率/时长	原版 mdl 序列帧数与 fps（出处：原版资源/cs16src/cs16_anim.py）	序列资产 client/Assets/Resources/Art/Anim/player_CT_crouch_shoot_carbine.anim	一致	client/Assets/Resources/Art/Anim/player_CT.controller
D5	player_CT.controller/crouch_shoot_dualpistols_1	入口与轮播	帧率/时长	原版 mdl 序列帧数与 fps（出处：原版资源/cs16src/cs16_anim.py）	序列资产 client/Assets/Resources/Art/Anim/player_CT_crouch_shoot_dualpistols_1.anim	一致	client/Assets/Resources/Art/Anim/player_CT.controller
D5	player_CT.controller/crouch_shoot_grenade	入口与轮播	帧率/时长	原版 mdl 序列帧数与 fps（出处：原版资源/cs16src/cs16_anim.py）	序列资产 client/Assets/Resources/Art/Anim/player_CT_crouch_shoot_grenade.anim	一致	client/Assets/Resources/Art/Anim/player_CT.controller
D5	player_CT.controller/crouch_shoot_knife	入口与轮播	帧率/时长	原版 mdl 序列帧数与 fps（出处：原版资源/cs16src/cs16_anim.py）	序列资产 client/Assets/Resources/Art/Anim/player_CT_crouch_shoot_knife.anim	一致	client/Assets/Resources/Art/Anim/player_CT.controller
D5	player_CT.controller/crouch_shoot_m249	入口与轮播	帧率/时长	原版 mdl 序列帧数与 fps（出处：原版资源/cs16src/cs16_anim.py）	序列资产 client/Assets/Resources/Art/Anim/player_CT_crouch_shoot_m249.anim	一致	client/Assets/Resources/Art/Anim/player_CT.controller
D5	player_CT.controller/crouch_shoot_mp5	入口与轮播	帧率/时长	原版 mdl 序列帧数与 fps（出处：原版资源/cs16src/cs16_anim.py）	序列资产 client/Assets/Resources/Art/Anim/player_CT_crouch_shoot_mp5.anim	一致	client/Assets/Resources/Art/Anim/player_CT.controller
D5	player_CT.controller/crouch_shoot_onehanded	入口与轮播	帧率/时长	原版 mdl 序列帧数与 fps（出处：原版资源/cs16src/cs16_anim.py）	序列资产 client/Assets/Resources/Art/Anim/player_CT_crouch_shoot_onehanded.anim	一致	client/Assets/Resources/Art/Anim/player_CT.controller
D5	player_CT.controller/crouch_shoot_rifle	入口与轮播	帧率/时长	原版 mdl 序列帧数与 fps（出处：原版资源/cs16src/cs16_anim.py）	序列资产 client/Assets/Resources/Art/Anim/player_CT_crouch_shoot_rifle.anim	一致	client/Assets/Resources/Art/Anim/player_CT.controller
D5	player_CT.controller/crouch_shoot_shotgun	入口与轮播	帧率/时长	原版 mdl 序列帧数与 fps（出处：原版资源/cs16src/cs16_anim.py）	序列资产 client/Assets/Resources/Art/Anim/player_CT_crouch_shoot_shotgun.anim	一致	client/Assets/Resources/Art/Anim/player_CT.controller
D5	player_CT.controller/crouchrun	入口与轮播	帧率/时长	原版 mdl 序列帧数与 fps（出处：原版资源/cs16src/cs16_anim.py）	序列资产 client/Assets/Resources/Art/Anim/player_CT_crouchrun.anim	一致	client/Assets/Resources/Art/Anim/player_CT.controller
D5	player_CT.controller/death1	入口与轮播	帧率/时长	原版 mdl 序列帧数与 fps（出处：原版资源/cs16src/cs16_anim.py）	序列资产 client/Assets/Resources/Art/Anim/player_CT_death1.anim	一致	client/Assets/Resources/Art/Anim/player_CT.controller
D5	player_CT.controller/death2	入口与轮播	帧率/时长	原版 mdl 序列帧数与 fps（出处：原版资源/cs16src/cs16_anim.py）	序列资产 client/Assets/Resources/Art/Anim/player_CT_death2.anim	一致	client/Assets/Resources/Art/Anim/player_CT.controller
D5	player_CT.controller/death3	入口与轮播	帧率/时长	原版 mdl 序列帧数与 fps（出处：原版资源/cs16src/cs16_anim.py）	序列资产 client/Assets/Resources/Art/Anim/player_CT_death3.anim	一致	client/Assets/Resources/Art/Anim/player_CT.controller
D5	player_CT.controller/idle1	入口与轮播	帧率/时长	原版 mdl 序列帧数与 fps（出处：原版资源/cs16src/cs16_anim.py）	序列资产 client/Assets/Resources/Art/Anim/player_CT_idle1.anim	一致	client/Assets/Resources/Art/Anim/player_CT.controller
D5	player_CT.controller/jump	入口与轮播	帧率/时长	原版 mdl 序列帧数与 fps（出处：原版资源/cs16src/cs16_anim.py）	序列资产 client/Assets/Resources/Art/Anim/player_CT_jump.anim	一致	client/Assets/Resources/Art/Anim/player_CT.controller
D5	player_CT.controller/ref_reload_c4	入口与轮播	帧率/时长	原版 mdl 序列帧数与 fps（出处：原版资源/cs16src/cs16_anim.py）	序列资产 client/Assets/Resources/Art/Anim/player_CT_ref_reload_c4.anim	一致	client/Assets/Resources/Art/Anim/player_CT.controller
D5	player_CT.controller/ref_reload_carbine	入口与轮播	帧率/时长	原版 mdl 序列帧数与 fps（出处：原版资源/cs16src/cs16_anim.py）	序列资产 client/Assets/Resources/Art/Anim/player_CT_ref_reload_carbine.anim	一致	client/Assets/Resources/Art/Anim/player_CT.controller
D5	player_CT.controller/ref_reload_dualpistols_1	入口与轮播	帧率/时长	原版 mdl 序列帧数与 fps（出处：原版资源/cs16src/cs16_anim.py）	序列资产 client/Assets/Resources/Art/Anim/player_CT_ref_reload_dualpistols_1.anim	一致	client/Assets/Resources/Art/Anim/player_CT.controller
D5	player_CT.controller/ref_reload_m249	入口与轮播	帧率/时长	原版 mdl 序列帧数与 fps（出处：原版资源/cs16src/cs16_anim.py）	序列资产 client/Assets/Resources/Art/Anim/player_CT_ref_reload_m249.anim	一致	client/Assets/Resources/Art/Anim/player_CT.controller
D5	player_CT.controller/ref_reload_mp5	入口与轮播	帧率/时长	原版 mdl 序列帧数与 fps（出处：原版资源/cs16src/cs16_anim.py）	序列资产 client/Assets/Resources/Art/Anim/player_CT_ref_reload_mp5.anim	一致	client/Assets/Resources/Art/Anim/player_CT.controller
D5	player_CT.controller/ref_reload_onehanded	入口与轮播	帧率/时长	原版 mdl 序列帧数与 fps（出处：原版资源/cs16src/cs16_anim.py）	序列资产 client/Assets/Resources/Art/Anim/player_CT_ref_reload_onehanded.anim	一致	client/Assets/Resources/Art/Anim/player_CT.controller
D5	player_CT.controller/ref_reload_rifle	入口与轮播	帧率/时长	原版 mdl 序列帧数与 fps（出处：原版资源/cs16src/cs16_anim.py）	序列资产 client/Assets/Resources/Art/Anim/player_CT_ref_reload_rifle.anim	一致	client/Assets/Resources/Art/Anim/player_CT.controller
D5	player_CT.controller/ref_reload_shotgun	入口与轮播	帧率/时长	原版 mdl 序列帧数与 fps（出处：原版资源/cs16src/cs16_anim.py）	序列资产 client/Assets/Resources/Art/Anim/player_CT_ref_reload_shotgun.anim	一致	client/Assets/Resources/Art/Anim/player_CT.controller
D5	player_CT.controller/ref_shoot_ak47	入口与轮播	帧率/时长	原版 mdl 序列帧数与 fps（出处：原版资源/cs16src/cs16_anim.py）	序列资产 client/Assets/Resources/Art/Anim/player_CT_ref_shoot_ak47.anim	一致	client/Assets/Resources/Art/Anim/player_CT.controller
D5	player_CT.controller/ref_shoot_c4	入口与轮播	帧率/时长	原版 mdl 序列帧数与 fps（出处：原版资源/cs16src/cs16_anim.py）	序列资产 client/Assets/Resources/Art/Anim/player_CT_ref_shoot_c4.anim	一致	client/Assets/Resources/Art/Anim/player_CT.controller
D5	player_CT.controller/ref_shoot_carbine	入口与轮播	帧率/时长	原版 mdl 序列帧数与 fps（出处：原版资源/cs16src/cs16_anim.py）	序列资产 client/Assets/Resources/Art/Anim/player_CT_ref_shoot_carbine.anim	一致	client/Assets/Resources/Art/Anim/player_CT.controller
D5	player_CT.controller/ref_shoot_dualpistols_1	入口与轮播	帧率/时长	原版 mdl 序列帧数与 fps（出处：原版资源/cs16src/cs16_anim.py）	序列资产 client/Assets/Resources/Art/Anim/player_CT_ref_shoot_dualpistols_1.anim	一致	client/Assets/Resources/Art/Anim/player_CT.controller
D5	player_CT.controller/ref_shoot_grenade	入口与轮播	帧率/时长	原版 mdl 序列帧数与 fps（出处：原版资源/cs16src/cs16_anim.py）	序列资产 client/Assets/Resources/Art/Anim/player_CT_ref_shoot_grenade.anim	一致	client/Assets/Resources/Art/Anim/player_CT.controller
D5	player_CT.controller/ref_shoot_knife	入口与轮播	帧率/时长	原版 mdl 序列帧数与 fps（出处：原版资源/cs16src/cs16_anim.py）	序列资产 client/Assets/Resources/Art/Anim/player_CT_ref_shoot_knife.anim	一致	client/Assets/Resources/Art/Anim/player_CT.controller
D5	player_CT.controller/ref_shoot_m249	入口与轮播	帧率/时长	原版 mdl 序列帧数与 fps（出处：原版资源/cs16src/cs16_anim.py）	序列资产 client/Assets/Resources/Art/Anim/player_CT_ref_shoot_m249.anim	一致	client/Assets/Resources/Art/Anim/player_CT.controller
D5	player_CT.controller/ref_shoot_mp5	入口与轮播	帧率/时长	原版 mdl 序列帧数与 fps（出处：原版资源/cs16src/cs16_anim.py）	序列资产 client/Assets/Resources/Art/Anim/player_CT_ref_shoot_mp5.anim	一致	client/Assets/Resources/Art/Anim/player_CT.controller
D5	player_CT.controller/ref_shoot_onehanded	入口与轮播	帧率/时长	原版 mdl 序列帧数与 fps（出处：原版资源/cs16src/cs16_anim.py）	序列资产 client/Assets/Resources/Art/Anim/player_CT_ref_shoot_onehanded.anim	一致	client/Assets/Resources/Art/Anim/player_CT.controller
D5	player_CT.controller/ref_shoot_rifle	入口与轮播	帧率/时长	原版 mdl 序列帧数与 fps（出处：原版资源/cs16src/cs16_anim.py）	序列资产 client/Assets/Resources/Art/Anim/player_CT_ref_shoot_rifle.anim	一致	client/Assets/Resources/Art/Anim/player_CT.controller
D5	player_CT.controller/ref_shoot_shotgun	入口与轮播	帧率/时长	原版 mdl 序列帧数与 fps（出处：原版资源/cs16src/cs16_anim.py）	序列资产 client/Assets/Resources/Art/Anim/player_CT_ref_shoot_shotgun.anim	一致	client/Assets/Resources/Art/Anim/player_CT.controller
D5	player_CT.controller/run	入口与轮播	帧率/时长	原版 mdl 序列帧数与 fps（出处：原版资源/cs16src/cs16_anim.py）	序列资产 client/Assets/Resources/Art/Anim/player_CT_run.anim	一致	client/Assets/Resources/Art/Anim/player_CT.controller
D5	player_CT.controller/walk	入口与轮播	帧率/时长	原版 mdl 序列帧数与 fps（出处：原版资源/cs16src/cs16_anim.py）	序列资产 client/Assets/Resources/Art/Anim/player_CT_walk.anim	一致	client/Assets/Resources/Art/Anim/player_CT.controller
D5	player_CT_gign.controller/crouch_idle	入口与轮播	帧率/时长	原版 mdl 序列帧数与 fps（出处：原版资源/cs16src/cs16_anim.py）	序列资产 client/Assets/Resources/Art/Anim/player_CT_gign_crouch_idle.anim	一致	client/Assets/Resources/Art/Anim/player_CT_gign.controller
D5	player_CT_gign.controller/crouch_reload_carbine	入口与轮播	帧率/时长	原版 mdl 序列帧数与 fps（出处：原版资源/cs16src/cs16_anim.py）	序列资产 client/Assets/Resources/Art/Anim/player_CT_gign_crouch_reload_carbine.anim	一致	client/Assets/Resources/Art/Anim/player_CT_gign.controller
D5	player_CT_gign.controller/crouch_reload_dualpistols_1	入口与轮播	帧率/时长	原版 mdl 序列帧数与 fps（出处：原版资源/cs16src/cs16_anim.py）	序列资产 client/Assets/Resources/Art/Anim/player_CT_gign_crouch_reload_dualpistols_1.anim	一致	client/Assets/Resources/Art/Anim/player_CT_gign.controller
D5	player_CT_gign.controller/crouch_reload_m249	入口与轮播	帧率/时长	原版 mdl 序列帧数与 fps（出处：原版资源/cs16src/cs16_anim.py）	序列资产 client/Assets/Resources/Art/Anim/player_CT_gign_crouch_reload_m249.anim	一致	client/Assets/Resources/Art/Anim/player_CT_gign.controller
D5	player_CT_gign.controller/crouch_reload_mp5	入口与轮播	帧率/时长	原版 mdl 序列帧数与 fps（出处：原版资源/cs16src/cs16_anim.py）	序列资产 client/Assets/Resources/Art/Anim/player_CT_gign_crouch_reload_mp5.anim	一致	client/Assets/Resources/Art/Anim/player_CT_gign.controller
D5	player_CT_gign.controller/crouch_reload_onehanded	入口与轮播	帧率/时长	原版 mdl 序列帧数与 fps（出处：原版资源/cs16src/cs16_anim.py）	序列资产 client/Assets/Resources/Art/Anim/player_CT_gign_crouch_reload_onehanded.anim	一致	client/Assets/Resources/Art/Anim/player_CT_gign.controller
D5	player_CT_gign.controller/crouch_reload_rifle	入口与轮播	帧率/时长	原版 mdl 序列帧数与 fps（出处：原版资源/cs16src/cs16_anim.py）	序列资产 client/Assets/Resources/Art/Anim/player_CT_gign_crouch_reload_rifle.anim	一致	client/Assets/Resources/Art/Anim/player_CT_gign.controller
D5	player_CT_gign.controller/crouch_reload_shotgun	入口与轮播	帧率/时长	原版 mdl 序列帧数与 fps（出处：原版资源/cs16src/cs16_anim.py）	序列资产 client/Assets/Resources/Art/Anim/player_CT_gign_crouch_reload_shotgun.anim	一致	client/Assets/Resources/Art/Anim/player_CT_gign.controller
D5	player_CT_gign.controller/crouch_shoot_ak47	入口与轮播	帧率/时长	原版 mdl 序列帧数与 fps（出处：原版资源/cs16src/cs16_anim.py）	序列资产 client/Assets/Resources/Art/Anim/player_CT_gign_crouch_shoot_ak47.anim	一致	client/Assets/Resources/Art/Anim/player_CT_gign.controller
D5	player_CT_gign.controller/crouch_shoot_c4	入口与轮播	帧率/时长	原版 mdl 序列帧数与 fps（出处：原版资源/cs16src/cs16_anim.py）	序列资产 client/Assets/Resources/Art/Anim/player_CT_gign_crouch_shoot_c4.anim	一致	client/Assets/Resources/Art/Anim/player_CT_gign.controller
D5	player_CT_gign.controller/crouch_shoot_carbine	入口与轮播	帧率/时长	原版 mdl 序列帧数与 fps（出处：原版资源/cs16src/cs16_anim.py）	序列资产 client/Assets/Resources/Art/Anim/player_CT_gign_crouch_shoot_carbine.anim	一致	client/Assets/Resources/Art/Anim/player_CT_gign.controller
D5	player_CT_gign.controller/crouch_shoot_dualpistols_1	入口与轮播	帧率/时长	原版 mdl 序列帧数与 fps（出处：原版资源/cs16src/cs16_anim.py）	序列资产 client/Assets/Resources/Art/Anim/player_CT_gign_crouch_shoot_dualpistols_1.anim	一致	client/Assets/Resources/Art/Anim/player_CT_gign.controller
D5	player_CT_gign.controller/crouch_shoot_grenade	入口与轮播	帧率/时长	原版 mdl 序列帧数与 fps（出处：原版资源/cs16src/cs16_anim.py）	序列资产 client/Assets/Resources/Art/Anim/player_CT_gign_crouch_shoot_grenade.anim	一致	client/Assets/Resources/Art/Anim/player_CT_gign.controller
D5	player_CT_gign.controller/crouch_shoot_knife	入口与轮播	帧率/时长	原版 mdl 序列帧数与 fps（出处：原版资源/cs16src/cs16_anim.py）	序列资产 client/Assets/Resources/Art/Anim/player_CT_gign_crouch_shoot_knife.anim	一致	client/Assets/Resources/Art/Anim/player_CT_gign.controller
D5	player_CT_gign.controller/crouch_shoot_m249	入口与轮播	帧率/时长	原版 mdl 序列帧数与 fps（出处：原版资源/cs16src/cs16_anim.py）	序列资产 client/Assets/Resources/Art/Anim/player_CT_gign_crouch_shoot_m249.anim	一致	client/Assets/Resources/Art/Anim/player_CT_gign.controller
D5	player_CT_gign.controller/crouch_shoot_mp5	入口与轮播	帧率/时长	原版 mdl 序列帧数与 fps（出处：原版资源/cs16src/cs16_anim.py）	序列资产 client/Assets/Resources/Art/Anim/player_CT_gign_crouch_shoot_mp5.anim	一致	client/Assets/Resources/Art/Anim/player_CT_gign.controller
D5	player_CT_gign.controller/crouch_shoot_onehanded	入口与轮播	帧率/时长	原版 mdl 序列帧数与 fps（出处：原版资源/cs16src/cs16_anim.py）	序列资产 client/Assets/Resources/Art/Anim/player_CT_gign_crouch_shoot_onehanded.anim	一致	client/Assets/Resources/Art/Anim/player_CT_gign.controller
D5	player_CT_gign.controller/crouch_shoot_rifle	入口与轮播	帧率/时长	原版 mdl 序列帧数与 fps（出处：原版资源/cs16src/cs16_anim.py）	序列资产 client/Assets/Resources/Art/Anim/player_CT_gign_crouch_shoot_rifle.anim	一致	client/Assets/Resources/Art/Anim/player_CT_gign.controller
D5	player_CT_gign.controller/crouch_shoot_shotgun	入口与轮播	帧率/时长	原版 mdl 序列帧数与 fps（出处：原版资源/cs16src/cs16_anim.py）	序列资产 client/Assets/Resources/Art/Anim/player_CT_gign_crouch_shoot_shotgun.anim	一致	client/Assets/Resources/Art/Anim/player_CT_gign.controller
D5	player_CT_gign.controller/crouchrun	入口与轮播	帧率/时长	原版 mdl 序列帧数与 fps（出处：原版资源/cs16src/cs16_anim.py）	序列资产 client/Assets/Resources/Art/Anim/player_CT_gign_crouchrun.anim	一致	client/Assets/Resources/Art/Anim/player_CT_gign.controller
D5	player_CT_gign.controller/death1	入口与轮播	帧率/时长	原版 mdl 序列帧数与 fps（出处：原版资源/cs16src/cs16_anim.py）	序列资产 client/Assets/Resources/Art/Anim/player_CT_gign_death1.anim	一致	client/Assets/Resources/Art/Anim/player_CT_gign.controller
D5	player_CT_gign.controller/death2	入口与轮播	帧率/时长	原版 mdl 序列帧数与 fps（出处：原版资源/cs16src/cs16_anim.py）	序列资产 client/Assets/Resources/Art/Anim/player_CT_gign_death2.anim	一致	client/Assets/Resources/Art/Anim/player_CT_gign.controller
D5	player_CT_gign.controller/death3	入口与轮播	帧率/时长	原版 mdl 序列帧数与 fps（出处：原版资源/cs16src/cs16_anim.py）	序列资产 client/Assets/Resources/Art/Anim/player_CT_gign_death3.anim	一致	client/Assets/Resources/Art/Anim/player_CT_gign.controller
D5	player_CT_gign.controller/idle1	入口与轮播	帧率/时长	原版 mdl 序列帧数与 fps（出处：原版资源/cs16src/cs16_anim.py）	序列资产 client/Assets/Resources/Art/Anim/player_CT_gign_idle1.anim	一致	client/Assets/Resources/Art/Anim/player_CT_gign.controller
D5	player_CT_gign.controller/jump	入口与轮播	帧率/时长	原版 mdl 序列帧数与 fps（出处：原版资源/cs16src/cs16_anim.py）	序列资产 client/Assets/Resources/Art/Anim/player_CT_gign_jump.anim	一致	client/Assets/Resources/Art/Anim/player_CT_gign.controller
D5	player_CT_gign.controller/ref_reload_c4	入口与轮播	帧率/时长	原版 mdl 序列帧数与 fps（出处：原版资源/cs16src/cs16_anim.py）	序列资产 client/Assets/Resources/Art/Anim/player_CT_gign_ref_reload_c4.anim	一致	client/Assets/Resources/Art/Anim/player_CT_gign.controller
D5	player_CT_gign.controller/ref_reload_carbine	入口与轮播	帧率/时长	原版 mdl 序列帧数与 fps（出处：原版资源/cs16src/cs16_anim.py）	序列资产 client/Assets/Resources/Art/Anim/player_CT_gign_ref_reload_carbine.anim	一致	client/Assets/Resources/Art/Anim/player_CT_gign.controller
D5	player_CT_gign.controller/ref_reload_dualpistols_1	入口与轮播	帧率/时长	原版 mdl 序列帧数与 fps（出处：原版资源/cs16src/cs16_anim.py）	序列资产 client/Assets/Resources/Art/Anim/player_CT_gign_ref_reload_dualpistols_1.anim	一致	client/Assets/Resources/Art/Anim/player_CT_gign.controller
D5	player_CT_gign.controller/ref_reload_m249	入口与轮播	帧率/时长	原版 mdl 序列帧数与 fps（出处：原版资源/cs16src/cs16_anim.py）	序列资产 client/Assets/Resources/Art/Anim/player_CT_gign_ref_reload_m249.anim	一致	client/Assets/Resources/Art/Anim/player_CT_gign.controller
D5	player_CT_gign.controller/ref_reload_mp5	入口与轮播	帧率/时长	原版 mdl 序列帧数与 fps（出处：原版资源/cs16src/cs16_anim.py）	序列资产 client/Assets/Resources/Art/Anim/player_CT_gign_ref_reload_mp5.anim	一致	client/Assets/Resources/Art/Anim/player_CT_gign.controller
D5	player_CT_gign.controller/ref_reload_onehanded	入口与轮播	帧率/时长	原版 mdl 序列帧数与 fps（出处：原版资源/cs16src/cs16_anim.py）	序列资产 client/Assets/Resources/Art/Anim/player_CT_gign_ref_reload_onehanded.anim	一致	client/Assets/Resources/Art/Anim/player_CT_gign.controller
D5	player_CT_gign.controller/ref_reload_rifle	入口与轮播	帧率/时长	原版 mdl 序列帧数与 fps（出处：原版资源/cs16src/cs16_anim.py）	序列资产 client/Assets/Resources/Art/Anim/player_CT_gign_ref_reload_rifle.anim	一致	client/Assets/Resources/Art/Anim/player_CT_gign.controller
D5	player_CT_gign.controller/ref_reload_shotgun	入口与轮播	帧率/时长	原版 mdl 序列帧数与 fps（出处：原版资源/cs16src/cs16_anim.py）	序列资产 client/Assets/Resources/Art/Anim/player_CT_gign_ref_reload_shotgun.anim	一致	client/Assets/Resources/Art/Anim/player_CT_gign.controller
D5	player_CT_gign.controller/ref_shoot_ak47	入口与轮播	帧率/时长	原版 mdl 序列帧数与 fps（出处：原版资源/cs16src/cs16_anim.py）	序列资产 client/Assets/Resources/Art/Anim/player_CT_gign_ref_shoot_ak47.anim	一致	client/Assets/Resources/Art/Anim/player_CT_gign.controller
D5	player_CT_gign.controller/ref_shoot_c4	入口与轮播	帧率/时长	原版 mdl 序列帧数与 fps（出处：原版资源/cs16src/cs16_anim.py）	序列资产 client/Assets/Resources/Art/Anim/player_CT_gign_ref_shoot_c4.anim	一致	client/Assets/Resources/Art/Anim/player_CT_gign.controller
D5	player_CT_gign.controller/ref_shoot_carbine	入口与轮播	帧率/时长	原版 mdl 序列帧数与 fps（出处：原版资源/cs16src/cs16_anim.py）	序列资产 client/Assets/Resources/Art/Anim/player_CT_gign_ref_shoot_carbine.anim	一致	client/Assets/Resources/Art/Anim/player_CT_gign.controller
D5	player_CT_gign.controller/ref_shoot_dualpistols_1	入口与轮播	帧率/时长	原版 mdl 序列帧数与 fps（出处：原版资源/cs16src/cs16_anim.py）	序列资产 client/Assets/Resources/Art/Anim/player_CT_gign_ref_shoot_dualpistols_1.anim	一致	client/Assets/Resources/Art/Anim/player_CT_gign.controller
D5	player_CT_gign.controller/ref_shoot_grenade	入口与轮播	帧率/时长	原版 mdl 序列帧数与 fps（出处：原版资源/cs16src/cs16_anim.py）	序列资产 client/Assets/Resources/Art/Anim/player_CT_gign_ref_shoot_grenade.anim	一致	client/Assets/Resources/Art/Anim/player_CT_gign.controller
D5	player_CT_gign.controller/ref_shoot_knife	入口与轮播	帧率/时长	原版 mdl 序列帧数与 fps（出处：原版资源/cs16src/cs16_anim.py）	序列资产 client/Assets/Resources/Art/Anim/player_CT_gign_ref_shoot_knife.anim	一致	client/Assets/Resources/Art/Anim/player_CT_gign.controller
D5	player_CT_gign.controller/ref_shoot_m249	入口与轮播	帧率/时长	原版 mdl 序列帧数与 fps（出处：原版资源/cs16src/cs16_anim.py）	序列资产 client/Assets/Resources/Art/Anim/player_CT_gign_ref_shoot_m249.anim	一致	client/Assets/Resources/Art/Anim/player_CT_gign.controller
D5	player_CT_gign.controller/ref_shoot_mp5	入口与轮播	帧率/时长	原版 mdl 序列帧数与 fps（出处：原版资源/cs16src/cs16_anim.py）	序列资产 client/Assets/Resources/Art/Anim/player_CT_gign_ref_shoot_mp5.anim	一致	client/Assets/Resources/Art/Anim/player_CT_gign.controller
D5	player_CT_gign.controller/ref_shoot_onehanded	入口与轮播	帧率/时长	原版 mdl 序列帧数与 fps（出处：原版资源/cs16src/cs16_anim.py）	序列资产 client/Assets/Resources/Art/Anim/player_CT_gign_ref_shoot_onehanded.anim	一致	client/Assets/Resources/Art/Anim/player_CT_gign.controller
D5	player_CT_gign.controller/ref_shoot_rifle	入口与轮播	帧率/时长	原版 mdl 序列帧数与 fps（出处：原版资源/cs16src/cs16_anim.py）	序列资产 client/Assets/Resources/Art/Anim/player_CT_gign_ref_shoot_rifle.anim	一致	client/Assets/Resources/Art/Anim/player_CT_gign.controller
D5	player_CT_gign.controller/ref_shoot_shotgun	入口与轮播	帧率/时长	原版 mdl 序列帧数与 fps（出处：原版资源/cs16src/cs16_anim.py）	序列资产 client/Assets/Resources/Art/Anim/player_CT_gign_ref_shoot_shotgun.anim	一致	client/Assets/Resources/Art/Anim/player_CT_gign.controller
D5	player_CT_gign.controller/run	入口与轮播	帧率/时长	原版 mdl 序列帧数与 fps（出处：原版资源/cs16src/cs16_anim.py）	序列资产 client/Assets/Resources/Art/Anim/player_CT_gign_run.anim	一致	client/Assets/Resources/Art/Anim/player_CT_gign.controller
D5	player_CT_gign.controller/walk	入口与轮播	帧率/时长	原版 mdl 序列帧数与 fps（出处：原版资源/cs16src/cs16_anim.py）	序列资产 client/Assets/Resources/Art/Anim/player_CT_gign_walk.anim	一致	client/Assets/Resources/Art/Anim/player_CT_gign.controller
D5	player_CT_gsg9.controller/crouch_idle	入口与轮播	帧率/时长	原版 mdl 序列帧数与 fps（出处：原版资源/cs16src/cs16_anim.py）	序列资产 client/Assets/Resources/Art/Anim/player_CT_gsg9_crouch_idle.anim	一致	client/Assets/Resources/Art/Anim/player_CT_gsg9.controller
D5	player_CT_gsg9.controller/crouch_reload_carbine	入口与轮播	帧率/时长	原版 mdl 序列帧数与 fps（出处：原版资源/cs16src/cs16_anim.py）	序列资产 client/Assets/Resources/Art/Anim/player_CT_gsg9_crouch_reload_carbine.anim	一致	client/Assets/Resources/Art/Anim/player_CT_gsg9.controller
D5	player_CT_gsg9.controller/crouch_reload_dualpistols_1	入口与轮播	帧率/时长	原版 mdl 序列帧数与 fps（出处：原版资源/cs16src/cs16_anim.py）	序列资产 client/Assets/Resources/Art/Anim/player_CT_gsg9_crouch_reload_dualpistols_1.anim	一致	client/Assets/Resources/Art/Anim/player_CT_gsg9.controller
D5	player_CT_gsg9.controller/crouch_reload_m249	入口与轮播	帧率/时长	原版 mdl 序列帧数与 fps（出处：原版资源/cs16src/cs16_anim.py）	序列资产 client/Assets/Resources/Art/Anim/player_CT_gsg9_crouch_reload_m249.anim	一致	client/Assets/Resources/Art/Anim/player_CT_gsg9.controller
D5	player_CT_gsg9.controller/crouch_reload_mp5	入口与轮播	帧率/时长	原版 mdl 序列帧数与 fps（出处：原版资源/cs16src/cs16_anim.py）	序列资产 client/Assets/Resources/Art/Anim/player_CT_gsg9_crouch_reload_mp5.anim	一致	client/Assets/Resources/Art/Anim/player_CT_gsg9.controller
D5	player_CT_gsg9.controller/crouch_reload_onehanded	入口与轮播	帧率/时长	原版 mdl 序列帧数与 fps（出处：原版资源/cs16src/cs16_anim.py）	序列资产 client/Assets/Resources/Art/Anim/player_CT_gsg9_crouch_reload_onehanded.anim	一致	client/Assets/Resources/Art/Anim/player_CT_gsg9.controller
D5	player_CT_gsg9.controller/crouch_reload_rifle	入口与轮播	帧率/时长	原版 mdl 序列帧数与 fps（出处：原版资源/cs16src/cs16_anim.py）	序列资产 client/Assets/Resources/Art/Anim/player_CT_gsg9_crouch_reload_rifle.anim	一致	client/Assets/Resources/Art/Anim/player_CT_gsg9.controller
D5	player_CT_gsg9.controller/crouch_reload_shotgun	入口与轮播	帧率/时长	原版 mdl 序列帧数与 fps（出处：原版资源/cs16src/cs16_anim.py）	序列资产 client/Assets/Resources/Art/Anim/player_CT_gsg9_crouch_reload_shotgun.anim	一致	client/Assets/Resources/Art/Anim/player_CT_gsg9.controller
D5	player_CT_gsg9.controller/crouch_shoot_ak47	入口与轮播	帧率/时长	原版 mdl 序列帧数与 fps（出处：原版资源/cs16src/cs16_anim.py）	序列资产 client/Assets/Resources/Art/Anim/player_CT_gsg9_crouch_shoot_ak47.anim	一致	client/Assets/Resources/Art/Anim/player_CT_gsg9.controller
D5	player_CT_gsg9.controller/crouch_shoot_c4	入口与轮播	帧率/时长	原版 mdl 序列帧数与 fps（出处：原版资源/cs16src/cs16_anim.py）	序列资产 client/Assets/Resources/Art/Anim/player_CT_gsg9_crouch_shoot_c4.anim	一致	client/Assets/Resources/Art/Anim/player_CT_gsg9.controller
D5	player_CT_gsg9.controller/crouch_shoot_carbine	入口与轮播	帧率/时长	原版 mdl 序列帧数与 fps（出处：原版资源/cs16src/cs16_anim.py）	序列资产 client/Assets/Resources/Art/Anim/player_CT_gsg9_crouch_shoot_carbine.anim	一致	client/Assets/Resources/Art/Anim/player_CT_gsg9.controller
D5	player_CT_gsg9.controller/crouch_shoot_dualpistols_1	入口与轮播	帧率/时长	原版 mdl 序列帧数与 fps（出处：原版资源/cs16src/cs16_anim.py）	序列资产 client/Assets/Resources/Art/Anim/player_CT_gsg9_crouch_shoot_dualpistols_1.anim	一致	client/Assets/Resources/Art/Anim/player_CT_gsg9.controller
D5	player_CT_gsg9.controller/crouch_shoot_grenade	入口与轮播	帧率/时长	原版 mdl 序列帧数与 fps（出处：原版资源/cs16src/cs16_anim.py）	序列资产 client/Assets/Resources/Art/Anim/player_CT_gsg9_crouch_shoot_grenade.anim	一致	client/Assets/Resources/Art/Anim/player_CT_gsg9.controller
D5	player_CT_gsg9.controller/crouch_shoot_knife	入口与轮播	帧率/时长	原版 mdl 序列帧数与 fps（出处：原版资源/cs16src/cs16_anim.py）	序列资产 client/Assets/Resources/Art/Anim/player_CT_gsg9_crouch_shoot_knife.anim	一致	client/Assets/Resources/Art/Anim/player_CT_gsg9.controller
D5	player_CT_gsg9.controller/crouch_shoot_m249	入口与轮播	帧率/时长	原版 mdl 序列帧数与 fps（出处：原版资源/cs16src/cs16_anim.py）	序列资产 client/Assets/Resources/Art/Anim/player_CT_gsg9_crouch_shoot_m249.anim	一致	client/Assets/Resources/Art/Anim/player_CT_gsg9.controller
D5	player_CT_gsg9.controller/crouch_shoot_mp5	入口与轮播	帧率/时长	原版 mdl 序列帧数与 fps（出处：原版资源/cs16src/cs16_anim.py）	序列资产 client/Assets/Resources/Art/Anim/player_CT_gsg9_crouch_shoot_mp5.anim	一致	client/Assets/Resources/Art/Anim/player_CT_gsg9.controller
D5	player_CT_gsg9.controller/crouch_shoot_onehanded	入口与轮播	帧率/时长	原版 mdl 序列帧数与 fps（出处：原版资源/cs16src/cs16_anim.py）	序列资产 client/Assets/Resources/Art/Anim/player_CT_gsg9_crouch_shoot_onehanded.anim	一致	client/Assets/Resources/Art/Anim/player_CT_gsg9.controller
D5	player_CT_gsg9.controller/crouch_shoot_rifle	入口与轮播	帧率/时长	原版 mdl 序列帧数与 fps（出处：原版资源/cs16src/cs16_anim.py）	序列资产 client/Assets/Resources/Art/Anim/player_CT_gsg9_crouch_shoot_rifle.anim	一致	client/Assets/Resources/Art/Anim/player_CT_gsg9.controller
D5	player_CT_gsg9.controller/crouch_shoot_shotgun	入口与轮播	帧率/时长	原版 mdl 序列帧数与 fps（出处：原版资源/cs16src/cs16_anim.py）	序列资产 client/Assets/Resources/Art/Anim/player_CT_gsg9_crouch_shoot_shotgun.anim	一致	client/Assets/Resources/Art/Anim/player_CT_gsg9.controller
D5	player_CT_gsg9.controller/crouchrun	入口与轮播	帧率/时长	原版 mdl 序列帧数与 fps（出处：原版资源/cs16src/cs16_anim.py）	序列资产 client/Assets/Resources/Art/Anim/player_CT_gsg9_crouchrun.anim	一致	client/Assets/Resources/Art/Anim/player_CT_gsg9.controller
D5	player_CT_gsg9.controller/death1	入口与轮播	帧率/时长	原版 mdl 序列帧数与 fps（出处：原版资源/cs16src/cs16_anim.py）	序列资产 client/Assets/Resources/Art/Anim/player_CT_gsg9_death1.anim	一致	client/Assets/Resources/Art/Anim/player_CT_gsg9.controller
D5	player_CT_gsg9.controller/death2	入口与轮播	帧率/时长	原版 mdl 序列帧数与 fps（出处：原版资源/cs16src/cs16_anim.py）	序列资产 client/Assets/Resources/Art/Anim/player_CT_gsg9_death2.anim	一致	client/Assets/Resources/Art/Anim/player_CT_gsg9.controller
D5	player_CT_gsg9.controller/death3	入口与轮播	帧率/时长	原版 mdl 序列帧数与 fps（出处：原版资源/cs16src/cs16_anim.py）	序列资产 client/Assets/Resources/Art/Anim/player_CT_gsg9_death3.anim	一致	client/Assets/Resources/Art/Anim/player_CT_gsg9.controller
D5	player_CT_gsg9.controller/idle1	入口与轮播	帧率/时长	原版 mdl 序列帧数与 fps（出处：原版资源/cs16src/cs16_anim.py）	序列资产 client/Assets/Resources/Art/Anim/player_CT_gsg9_idle1.anim	一致	client/Assets/Resources/Art/Anim/player_CT_gsg9.controller
D5	player_CT_gsg9.controller/jump	入口与轮播	帧率/时长	原版 mdl 序列帧数与 fps（出处：原版资源/cs16src/cs16_anim.py）	序列资产 client/Assets/Resources/Art/Anim/player_CT_gsg9_jump.anim	一致	client/Assets/Resources/Art/Anim/player_CT_gsg9.controller
D5	player_CT_gsg9.controller/ref_reload_c4	入口与轮播	帧率/时长	原版 mdl 序列帧数与 fps（出处：原版资源/cs16src/cs16_anim.py）	序列资产 client/Assets/Resources/Art/Anim/player_CT_gsg9_ref_reload_c4.anim	一致	client/Assets/Resources/Art/Anim/player_CT_gsg9.controller
D5	player_CT_gsg9.controller/ref_reload_carbine	入口与轮播	帧率/时长	原版 mdl 序列帧数与 fps（出处：原版资源/cs16src/cs16_anim.py）	序列资产 client/Assets/Resources/Art/Anim/player_CT_gsg9_ref_reload_carbine.anim	一致	client/Assets/Resources/Art/Anim/player_CT_gsg9.controller
D5	player_CT_gsg9.controller/ref_reload_dualpistols_1	入口与轮播	帧率/时长	原版 mdl 序列帧数与 fps（出处：原版资源/cs16src/cs16_anim.py）	序列资产 client/Assets/Resources/Art/Anim/player_CT_gsg9_ref_reload_dualpistols_1.anim	一致	client/Assets/Resources/Art/Anim/player_CT_gsg9.controller
D5	player_CT_gsg9.controller/ref_reload_m249	入口与轮播	帧率/时长	原版 mdl 序列帧数与 fps（出处：原版资源/cs16src/cs16_anim.py）	序列资产 client/Assets/Resources/Art/Anim/player_CT_gsg9_ref_reload_m249.anim	一致	client/Assets/Resources/Art/Anim/player_CT_gsg9.controller
D5	player_CT_gsg9.controller/ref_reload_mp5	入口与轮播	帧率/时长	原版 mdl 序列帧数与 fps（出处：原版资源/cs16src/cs16_anim.py）	序列资产 client/Assets/Resources/Art/Anim/player_CT_gsg9_ref_reload_mp5.anim	一致	client/Assets/Resources/Art/Anim/player_CT_gsg9.controller
D5	player_CT_gsg9.controller/ref_reload_onehanded	入口与轮播	帧率/时长	原版 mdl 序列帧数与 fps（出处：原版资源/cs16src/cs16_anim.py）	序列资产 client/Assets/Resources/Art/Anim/player_CT_gsg9_ref_reload_onehanded.anim	一致	client/Assets/Resources/Art/Anim/player_CT_gsg9.controller
D5	player_CT_gsg9.controller/ref_reload_rifle	入口与轮播	帧率/时长	原版 mdl 序列帧数与 fps（出处：原版资源/cs16src/cs16_anim.py）	序列资产 client/Assets/Resources/Art/Anim/player_CT_gsg9_ref_reload_rifle.anim	一致	client/Assets/Resources/Art/Anim/player_CT_gsg9.controller
D5	player_CT_gsg9.controller/ref_reload_shotgun	入口与轮播	帧率/时长	原版 mdl 序列帧数与 fps（出处：原版资源/cs16src/cs16_anim.py）	序列资产 client/Assets/Resources/Art/Anim/player_CT_gsg9_ref_reload_shotgun.anim	一致	client/Assets/Resources/Art/Anim/player_CT_gsg9.controller
D5	player_CT_gsg9.controller/ref_shoot_ak47	入口与轮播	帧率/时长	原版 mdl 序列帧数与 fps（出处：原版资源/cs16src/cs16_anim.py）	序列资产 client/Assets/Resources/Art/Anim/player_CT_gsg9_ref_shoot_ak47.anim	一致	client/Assets/Resources/Art/Anim/player_CT_gsg9.controller
D5	player_CT_gsg9.controller/ref_shoot_c4	入口与轮播	帧率/时长	原版 mdl 序列帧数与 fps（出处：原版资源/cs16src/cs16_anim.py）	序列资产 client/Assets/Resources/Art/Anim/player_CT_gsg9_ref_shoot_c4.anim	一致	client/Assets/Resources/Art/Anim/player_CT_gsg9.controller
D5	player_CT_gsg9.controller/ref_shoot_carbine	入口与轮播	帧率/时长	原版 mdl 序列帧数与 fps（出处：原版资源/cs16src/cs16_anim.py）	序列资产 client/Assets/Resources/Art/Anim/player_CT_gsg9_ref_shoot_carbine.anim	一致	client/Assets/Resources/Art/Anim/player_CT_gsg9.controller
D5	player_CT_gsg9.controller/ref_shoot_dualpistols_1	入口与轮播	帧率/时长	原版 mdl 序列帧数与 fps（出处：原版资源/cs16src/cs16_anim.py）	序列资产 client/Assets/Resources/Art/Anim/player_CT_gsg9_ref_shoot_dualpistols_1.anim	一致	client/Assets/Resources/Art/Anim/player_CT_gsg9.controller
D5	player_CT_gsg9.controller/ref_shoot_grenade	入口与轮播	帧率/时长	原版 mdl 序列帧数与 fps（出处：原版资源/cs16src/cs16_anim.py）	序列资产 client/Assets/Resources/Art/Anim/player_CT_gsg9_ref_shoot_grenade.anim	一致	client/Assets/Resources/Art/Anim/player_CT_gsg9.controller
D5	player_CT_gsg9.controller/ref_shoot_knife	入口与轮播	帧率/时长	原版 mdl 序列帧数与 fps（出处：原版资源/cs16src/cs16_anim.py）	序列资产 client/Assets/Resources/Art/Anim/player_CT_gsg9_ref_shoot_knife.anim	一致	client/Assets/Resources/Art/Anim/player_CT_gsg9.controller
D5	player_CT_gsg9.controller/ref_shoot_m249	入口与轮播	帧率/时长	原版 mdl 序列帧数与 fps（出处：原版资源/cs16src/cs16_anim.py）	序列资产 client/Assets/Resources/Art/Anim/player_CT_gsg9_ref_shoot_m249.anim	一致	client/Assets/Resources/Art/Anim/player_CT_gsg9.controller
D5	player_CT_gsg9.controller/ref_shoot_mp5	入口与轮播	帧率/时长	原版 mdl 序列帧数与 fps（出处：原版资源/cs16src/cs16_anim.py）	序列资产 client/Assets/Resources/Art/Anim/player_CT_gsg9_ref_shoot_mp5.anim	一致	client/Assets/Resources/Art/Anim/player_CT_gsg9.controller
D5	player_CT_gsg9.controller/ref_shoot_onehanded	入口与轮播	帧率/时长	原版 mdl 序列帧数与 fps（出处：原版资源/cs16src/cs16_anim.py）	序列资产 client/Assets/Resources/Art/Anim/player_CT_gsg9_ref_shoot_onehanded.anim	一致	client/Assets/Resources/Art/Anim/player_CT_gsg9.controller
D5	player_CT_gsg9.controller/ref_shoot_rifle	入口与轮播	帧率/时长	原版 mdl 序列帧数与 fps（出处：原版资源/cs16src/cs16_anim.py）	序列资产 client/Assets/Resources/Art/Anim/player_CT_gsg9_ref_shoot_rifle.anim	一致	client/Assets/Resources/Art/Anim/player_CT_gsg9.controller
D5	player_CT_gsg9.controller/ref_shoot_shotgun	入口与轮播	帧率/时长	原版 mdl 序列帧数与 fps（出处：原版资源/cs16src/cs16_anim.py）	序列资产 client/Assets/Resources/Art/Anim/player_CT_gsg9_ref_shoot_shotgun.anim	一致	client/Assets/Resources/Art/Anim/player_CT_gsg9.controller
D5	player_CT_gsg9.controller/run	入口与轮播	帧率/时长	原版 mdl 序列帧数与 fps（出处：原版资源/cs16src/cs16_anim.py）	序列资产 client/Assets/Resources/Art/Anim/player_CT_gsg9_run.anim	一致	client/Assets/Resources/Art/Anim/player_CT_gsg9.controller
D5	player_CT_gsg9.controller/walk	入口与轮播	帧率/时长	原版 mdl 序列帧数与 fps（出处：原版资源/cs16src/cs16_anim.py）	序列资产 client/Assets/Resources/Art/Anim/player_CT_gsg9_walk.anim	一致	client/Assets/Resources/Art/Anim/player_CT_gsg9.controller
D5	player_CT_sas.controller/crouch_idle	入口与轮播	帧率/时长	原版 mdl 序列帧数与 fps（出处：原版资源/cs16src/cs16_anim.py）	序列资产 client/Assets/Resources/Art/Anim/player_CT_sas_crouch_idle.anim	一致	client/Assets/Resources/Art/Anim/player_CT_sas.controller
D5	player_CT_sas.controller/crouch_reload_carbine	入口与轮播	帧率/时长	原版 mdl 序列帧数与 fps（出处：原版资源/cs16src/cs16_anim.py）	序列资产 client/Assets/Resources/Art/Anim/player_CT_sas_crouch_reload_carbine.anim	一致	client/Assets/Resources/Art/Anim/player_CT_sas.controller
D5	player_CT_sas.controller/crouch_reload_dualpistols_1	入口与轮播	帧率/时长	原版 mdl 序列帧数与 fps（出处：原版资源/cs16src/cs16_anim.py）	序列资产 client/Assets/Resources/Art/Anim/player_CT_sas_crouch_reload_dualpistols_1.anim	一致	client/Assets/Resources/Art/Anim/player_CT_sas.controller
D5	player_CT_sas.controller/crouch_reload_m249	入口与轮播	帧率/时长	原版 mdl 序列帧数与 fps（出处：原版资源/cs16src/cs16_anim.py）	序列资产 client/Assets/Resources/Art/Anim/player_CT_sas_crouch_reload_m249.anim	一致	client/Assets/Resources/Art/Anim/player_CT_sas.controller
D5	player_CT_sas.controller/crouch_reload_mp5	入口与轮播	帧率/时长	原版 mdl 序列帧数与 fps（出处：原版资源/cs16src/cs16_anim.py）	序列资产 client/Assets/Resources/Art/Anim/player_CT_sas_crouch_reload_mp5.anim	一致	client/Assets/Resources/Art/Anim/player_CT_sas.controller
D5	player_CT_sas.controller/crouch_reload_onehanded	入口与轮播	帧率/时长	原版 mdl 序列帧数与 fps（出处：原版资源/cs16src/cs16_anim.py）	序列资产 client/Assets/Resources/Art/Anim/player_CT_sas_crouch_reload_onehanded.anim	一致	client/Assets/Resources/Art/Anim/player_CT_sas.controller
D5	player_CT_sas.controller/crouch_reload_rifle	入口与轮播	帧率/时长	原版 mdl 序列帧数与 fps（出处：原版资源/cs16src/cs16_anim.py）	序列资产 client/Assets/Resources/Art/Anim/player_CT_sas_crouch_reload_rifle.anim	一致	client/Assets/Resources/Art/Anim/player_CT_sas.controller
D5	player_CT_sas.controller/crouch_reload_shotgun	入口与轮播	帧率/时长	原版 mdl 序列帧数与 fps（出处：原版资源/cs16src/cs16_anim.py）	序列资产 client/Assets/Resources/Art/Anim/player_CT_sas_crouch_reload_shotgun.anim	一致	client/Assets/Resources/Art/Anim/player_CT_sas.controller
D5	player_CT_sas.controller/crouch_shoot_ak47	入口与轮播	帧率/时长	原版 mdl 序列帧数与 fps（出处：原版资源/cs16src/cs16_anim.py）	序列资产 client/Assets/Resources/Art/Anim/player_CT_sas_crouch_shoot_ak47.anim	一致	client/Assets/Resources/Art/Anim/player_CT_sas.controller
D5	player_CT_sas.controller/crouch_shoot_c4	入口与轮播	帧率/时长	原版 mdl 序列帧数与 fps（出处：原版资源/cs16src/cs16_anim.py）	序列资产 client/Assets/Resources/Art/Anim/player_CT_sas_crouch_shoot_c4.anim	一致	client/Assets/Resources/Art/Anim/player_CT_sas.controller
D5	player_CT_sas.controller/crouch_shoot_carbine	入口与轮播	帧率/时长	原版 mdl 序列帧数与 fps（出处：原版资源/cs16src/cs16_anim.py）	序列资产 client/Assets/Resources/Art/Anim/player_CT_sas_crouch_shoot_carbine.anim	一致	client/Assets/Resources/Art/Anim/player_CT_sas.controller
D5	player_CT_sas.controller/crouch_shoot_dualpistols_1	入口与轮播	帧率/时长	原版 mdl 序列帧数与 fps（出处：原版资源/cs16src/cs16_anim.py）	序列资产 client/Assets/Resources/Art/Anim/player_CT_sas_crouch_shoot_dualpistols_1.anim	一致	client/Assets/Resources/Art/Anim/player_CT_sas.controller
D5	player_CT_sas.controller/crouch_shoot_grenade	入口与轮播	帧率/时长	原版 mdl 序列帧数与 fps（出处：原版资源/cs16src/cs16_anim.py）	序列资产 client/Assets/Resources/Art/Anim/player_CT_sas_crouch_shoot_grenade.anim	一致	client/Assets/Resources/Art/Anim/player_CT_sas.controller
D5	player_CT_sas.controller/crouch_shoot_knife	入口与轮播	帧率/时长	原版 mdl 序列帧数与 fps（出处：原版资源/cs16src/cs16_anim.py）	序列资产 client/Assets/Resources/Art/Anim/player_CT_sas_crouch_shoot_knife.anim	一致	client/Assets/Resources/Art/Anim/player_CT_sas.controller
D5	player_CT_sas.controller/crouch_shoot_m249	入口与轮播	帧率/时长	原版 mdl 序列帧数与 fps（出处：原版资源/cs16src/cs16_anim.py）	序列资产 client/Assets/Resources/Art/Anim/player_CT_sas_crouch_shoot_m249.anim	一致	client/Assets/Resources/Art/Anim/player_CT_sas.controller
D5	player_CT_sas.controller/crouch_shoot_mp5	入口与轮播	帧率/时长	原版 mdl 序列帧数与 fps（出处：原版资源/cs16src/cs16_anim.py）	序列资产 client/Assets/Resources/Art/Anim/player_CT_sas_crouch_shoot_mp5.anim	一致	client/Assets/Resources/Art/Anim/player_CT_sas.controller
D5	player_CT_sas.controller/crouch_shoot_onehanded	入口与轮播	帧率/时长	原版 mdl 序列帧数与 fps（出处：原版资源/cs16src/cs16_anim.py）	序列资产 client/Assets/Resources/Art/Anim/player_CT_sas_crouch_shoot_onehanded.anim	一致	client/Assets/Resources/Art/Anim/player_CT_sas.controller
D5	player_CT_sas.controller/crouch_shoot_rifle	入口与轮播	帧率/时长	原版 mdl 序列帧数与 fps（出处：原版资源/cs16src/cs16_anim.py）	序列资产 client/Assets/Resources/Art/Anim/player_CT_sas_crouch_shoot_rifle.anim	一致	client/Assets/Resources/Art/Anim/player_CT_sas.controller
D5	player_CT_sas.controller/crouch_shoot_shotgun	入口与轮播	帧率/时长	原版 mdl 序列帧数与 fps（出处：原版资源/cs16src/cs16_anim.py）	序列资产 client/Assets/Resources/Art/Anim/player_CT_sas_crouch_shoot_shotgun.anim	一致	client/Assets/Resources/Art/Anim/player_CT_sas.controller
D5	player_CT_sas.controller/crouchrun	入口与轮播	帧率/时长	原版 mdl 序列帧数与 fps（出处：原版资源/cs16src/cs16_anim.py）	序列资产 client/Assets/Resources/Art/Anim/player_CT_sas_crouchrun.anim	一致	client/Assets/Resources/Art/Anim/player_CT_sas.controller
D5	player_CT_sas.controller/death1	入口与轮播	帧率/时长	原版 mdl 序列帧数与 fps（出处：原版资源/cs16src/cs16_anim.py）	序列资产 client/Assets/Resources/Art/Anim/player_CT_sas_death1.anim	一致	client/Assets/Resources/Art/Anim/player_CT_sas.controller
D5	player_CT_sas.controller/death2	入口与轮播	帧率/时长	原版 mdl 序列帧数与 fps（出处：原版资源/cs16src/cs16_anim.py）	序列资产 client/Assets/Resources/Art/Anim/player_CT_sas_death2.anim	一致	client/Assets/Resources/Art/Anim/player_CT_sas.controller
D5	player_CT_sas.controller/death3	入口与轮播	帧率/时长	原版 mdl 序列帧数与 fps（出处：原版资源/cs16src/cs16_anim.py）	序列资产 client/Assets/Resources/Art/Anim/player_CT_sas_death3.anim	一致	client/Assets/Resources/Art/Anim/player_CT_sas.controller
D5	player_CT_sas.controller/idle1	入口与轮播	帧率/时长	原版 mdl 序列帧数与 fps（出处：原版资源/cs16src/cs16_anim.py）	序列资产 client/Assets/Resources/Art/Anim/player_CT_sas_idle1.anim	一致	client/Assets/Resources/Art/Anim/player_CT_sas.controller
D5	player_CT_sas.controller/jump	入口与轮播	帧率/时长	原版 mdl 序列帧数与 fps（出处：原版资源/cs16src/cs16_anim.py）	序列资产 client/Assets/Resources/Art/Anim/player_CT_sas_jump.anim	一致	client/Assets/Resources/Art/Anim/player_CT_sas.controller
D5	player_CT_sas.controller/ref_reload_c4	入口与轮播	帧率/时长	原版 mdl 序列帧数与 fps（出处：原版资源/cs16src/cs16_anim.py）	序列资产 client/Assets/Resources/Art/Anim/player_CT_sas_ref_reload_c4.anim	一致	client/Assets/Resources/Art/Anim/player_CT_sas.controller
D5	player_CT_sas.controller/ref_reload_carbine	入口与轮播	帧率/时长	原版 mdl 序列帧数与 fps（出处：原版资源/cs16src/cs16_anim.py）	序列资产 client/Assets/Resources/Art/Anim/player_CT_sas_ref_reload_carbine.anim	一致	client/Assets/Resources/Art/Anim/player_CT_sas.controller
D5	player_CT_sas.controller/ref_reload_dualpistols_1	入口与轮播	帧率/时长	原版 mdl 序列帧数与 fps（出处：原版资源/cs16src/cs16_anim.py）	序列资产 client/Assets/Resources/Art/Anim/player_CT_sas_ref_reload_dualpistols_1.anim	一致	client/Assets/Resources/Art/Anim/player_CT_sas.controller
D5	player_CT_sas.controller/ref_reload_m249	入口与轮播	帧率/时长	原版 mdl 序列帧数与 fps（出处：原版资源/cs16src/cs16_anim.py）	序列资产 client/Assets/Resources/Art/Anim/player_CT_sas_ref_reload_m249.anim	一致	client/Assets/Resources/Art/Anim/player_CT_sas.controller
D5	player_CT_sas.controller/ref_reload_mp5	入口与轮播	帧率/时长	原版 mdl 序列帧数与 fps（出处：原版资源/cs16src/cs16_anim.py）	序列资产 client/Assets/Resources/Art/Anim/player_CT_sas_ref_reload_mp5.anim	一致	client/Assets/Resources/Art/Anim/player_CT_sas.controller
D5	player_CT_sas.controller/ref_reload_onehanded	入口与轮播	帧率/时长	原版 mdl 序列帧数与 fps（出处：原版资源/cs16src/cs16_anim.py）	序列资产 client/Assets/Resources/Art/Anim/player_CT_sas_ref_reload_onehanded.anim	一致	client/Assets/Resources/Art/Anim/player_CT_sas.controller
D5	player_CT_sas.controller/ref_reload_rifle	入口与轮播	帧率/时长	原版 mdl 序列帧数与 fps（出处：原版资源/cs16src/cs16_anim.py）	序列资产 client/Assets/Resources/Art/Anim/player_CT_sas_ref_reload_rifle.anim	一致	client/Assets/Resources/Art/Anim/player_CT_sas.controller
D5	player_CT_sas.controller/ref_reload_shotgun	入口与轮播	帧率/时长	原版 mdl 序列帧数与 fps（出处：原版资源/cs16src/cs16_anim.py）	序列资产 client/Assets/Resources/Art/Anim/player_CT_sas_ref_reload_shotgun.anim	一致	client/Assets/Resources/Art/Anim/player_CT_sas.controller
D5	player_CT_sas.controller/ref_shoot_ak47	入口与轮播	帧率/时长	原版 mdl 序列帧数与 fps（出处：原版资源/cs16src/cs16_anim.py）	序列资产 client/Assets/Resources/Art/Anim/player_CT_sas_ref_shoot_ak47.anim	一致	client/Assets/Resources/Art/Anim/player_CT_sas.controller
D5	player_CT_sas.controller/ref_shoot_c4	入口与轮播	帧率/时长	原版 mdl 序列帧数与 fps（出处：原版资源/cs16src/cs16_anim.py）	序列资产 client/Assets/Resources/Art/Anim/player_CT_sas_ref_shoot_c4.anim	一致	client/Assets/Resources/Art/Anim/player_CT_sas.controller
D5	player_CT_sas.controller/ref_shoot_carbine	入口与轮播	帧率/时长	原版 mdl 序列帧数与 fps（出处：原版资源/cs16src/cs16_anim.py）	序列资产 client/Assets/Resources/Art/Anim/player_CT_sas_ref_shoot_carbine.anim	一致	client/Assets/Resources/Art/Anim/player_CT_sas.controller
D5	player_CT_sas.controller/ref_shoot_dualpistols_1	入口与轮播	帧率/时长	原版 mdl 序列帧数与 fps（出处：原版资源/cs16src/cs16_anim.py）	序列资产 client/Assets/Resources/Art/Anim/player_CT_sas_ref_shoot_dualpistols_1.anim	一致	client/Assets/Resources/Art/Anim/player_CT_sas.controller
D5	player_CT_sas.controller/ref_shoot_grenade	入口与轮播	帧率/时长	原版 mdl 序列帧数与 fps（出处：原版资源/cs16src/cs16_anim.py）	序列资产 client/Assets/Resources/Art/Anim/player_CT_sas_ref_shoot_grenade.anim	一致	client/Assets/Resources/Art/Anim/player_CT_sas.controller
D5	player_CT_sas.controller/ref_shoot_knife	入口与轮播	帧率/时长	原版 mdl 序列帧数与 fps（出处：原版资源/cs16src/cs16_anim.py）	序列资产 client/Assets/Resources/Art/Anim/player_CT_sas_ref_shoot_knife.anim	一致	client/Assets/Resources/Art/Anim/player_CT_sas.controller
D5	player_CT_sas.controller/ref_shoot_m249	入口与轮播	帧率/时长	原版 mdl 序列帧数与 fps（出处：原版资源/cs16src/cs16_anim.py）	序列资产 client/Assets/Resources/Art/Anim/player_CT_sas_ref_shoot_m249.anim	一致	client/Assets/Resources/Art/Anim/player_CT_sas.controller
D5	player_CT_sas.controller/ref_shoot_mp5	入口与轮播	帧率/时长	原版 mdl 序列帧数与 fps（出处：原版资源/cs16src/cs16_anim.py）	序列资产 client/Assets/Resources/Art/Anim/player_CT_sas_ref_shoot_mp5.anim	一致	client/Assets/Resources/Art/Anim/player_CT_sas.controller
D5	player_CT_sas.controller/ref_shoot_onehanded	入口与轮播	帧率/时长	原版 mdl 序列帧数与 fps（出处：原版资源/cs16src/cs16_anim.py）	序列资产 client/Assets/Resources/Art/Anim/player_CT_sas_ref_shoot_onehanded.anim	一致	client/Assets/Resources/Art/Anim/player_CT_sas.controller
D5	player_CT_sas.controller/ref_shoot_rifle	入口与轮播	帧率/时长	原版 mdl 序列帧数与 fps（出处：原版资源/cs16src/cs16_anim.py）	序列资产 client/Assets/Resources/Art/Anim/player_CT_sas_ref_shoot_rifle.anim	一致	client/Assets/Resources/Art/Anim/player_CT_sas.controller
D5	player_CT_sas.controller/ref_shoot_shotgun	入口与轮播	帧率/时长	原版 mdl 序列帧数与 fps（出处：原版资源/cs16src/cs16_anim.py）	序列资产 client/Assets/Resources/Art/Anim/player_CT_sas_ref_shoot_shotgun.anim	一致	client/Assets/Resources/Art/Anim/player_CT_sas.controller
D5	player_CT_sas.controller/run	入口与轮播	帧率/时长	原版 mdl 序列帧数与 fps（出处：原版资源/cs16src/cs16_anim.py）	序列资产 client/Assets/Resources/Art/Anim/player_CT_sas_run.anim	一致	client/Assets/Resources/Art/Anim/player_CT_sas.controller
D5	player_CT_sas.controller/walk	入口与轮播	帧率/时长	原版 mdl 序列帧数与 fps（出处：原版资源/cs16src/cs16_anim.py）	序列资产 client/Assets/Resources/Art/Anim/player_CT_sas_walk.anim	一致	client/Assets/Resources/Art/Anim/player_CT_sas.controller
D5	player_CT_vip.controller/crouch_idle	入口与轮播	帧率/时长	原版 mdl 序列帧数与 fps（出处：原版资源/cs16src/cs16_anim.py）	序列资产 client/Assets/Resources/Art/Anim/player_CT_vip_crouch_idle.anim	一致	client/Assets/Resources/Art/Anim/player_CT_vip.controller
D5	player_CT_vip.controller/crouch_reload_carbine	入口与轮播	帧率/时长	原版 mdl 序列帧数与 fps（出处：原版资源/cs16src/cs16_anim.py）	序列资产 client/Assets/Resources/Art/Anim/player_CT_vip_crouch_reload_carbine.anim	一致	client/Assets/Resources/Art/Anim/player_CT_vip.controller
D5	player_CT_vip.controller/crouch_reload_dualpistols_1	入口与轮播	帧率/时长	原版 mdl 序列帧数与 fps（出处：原版资源/cs16src/cs16_anim.py）	序列资产 client/Assets/Resources/Art/Anim/player_CT_vip_crouch_reload_dualpistols_1.anim	一致	client/Assets/Resources/Art/Anim/player_CT_vip.controller
D5	player_CT_vip.controller/crouch_reload_m249	入口与轮播	帧率/时长	原版 mdl 序列帧数与 fps（出处：原版资源/cs16src/cs16_anim.py）	序列资产 client/Assets/Resources/Art/Anim/player_CT_vip_crouch_reload_m249.anim	一致	client/Assets/Resources/Art/Anim/player_CT_vip.controller
D5	player_CT_vip.controller/crouch_reload_mp5	入口与轮播	帧率/时长	原版 mdl 序列帧数与 fps（出处：原版资源/cs16src/cs16_anim.py）	序列资产 client/Assets/Resources/Art/Anim/player_CT_vip_crouch_reload_mp5.anim	一致	client/Assets/Resources/Art/Anim/player_CT_vip.controller
D5	player_CT_vip.controller/crouch_reload_onehanded	入口与轮播	帧率/时长	原版 mdl 序列帧数与 fps（出处：原版资源/cs16src/cs16_anim.py）	序列资产 client/Assets/Resources/Art/Anim/player_CT_vip_crouch_reload_onehanded.anim	一致	client/Assets/Resources/Art/Anim/player_CT_vip.controller
D5	player_CT_vip.controller/crouch_reload_rifle	入口与轮播	帧率/时长	原版 mdl 序列帧数与 fps（出处：原版资源/cs16src/cs16_anim.py）	序列资产 client/Assets/Resources/Art/Anim/player_CT_vip_crouch_reload_rifle.anim	一致	client/Assets/Resources/Art/Anim/player_CT_vip.controller
D5	player_CT_vip.controller/crouch_reload_shotgun	入口与轮播	帧率/时长	原版 mdl 序列帧数与 fps（出处：原版资源/cs16src/cs16_anim.py）	序列资产 client/Assets/Resources/Art/Anim/player_CT_vip_crouch_reload_shotgun.anim	一致	client/Assets/Resources/Art/Anim/player_CT_vip.controller
D5	player_CT_vip.controller/crouch_shoot_ak47	入口与轮播	帧率/时长	原版 mdl 序列帧数与 fps（出处：原版资源/cs16src/cs16_anim.py）	序列资产 client/Assets/Resources/Art/Anim/player_CT_vip_crouch_shoot_ak47.anim	一致	client/Assets/Resources/Art/Anim/player_CT_vip.controller
D5	player_CT_vip.controller/crouch_shoot_c4	入口与轮播	帧率/时长	原版 mdl 序列帧数与 fps（出处：原版资源/cs16src/cs16_anim.py）	序列资产 client/Assets/Resources/Art/Anim/player_CT_vip_crouch_shoot_c4.anim	一致	client/Assets/Resources/Art/Anim/player_CT_vip.controller
D5	player_CT_vip.controller/crouch_shoot_carbine	入口与轮播	帧率/时长	原版 mdl 序列帧数与 fps（出处：原版资源/cs16src/cs16_anim.py）	序列资产 client/Assets/Resources/Art/Anim/player_CT_vip_crouch_shoot_carbine.anim	一致	client/Assets/Resources/Art/Anim/player_CT_vip.controller
D5	player_CT_vip.controller/crouch_shoot_dualpistols_1	入口与轮播	帧率/时长	原版 mdl 序列帧数与 fps（出处：原版资源/cs16src/cs16_anim.py）	序列资产 client/Assets/Resources/Art/Anim/player_CT_vip_crouch_shoot_dualpistols_1.anim	一致	client/Assets/Resources/Art/Anim/player_CT_vip.controller
D5	player_CT_vip.controller/crouch_shoot_grenade	入口与轮播	帧率/时长	原版 mdl 序列帧数与 fps（出处：原版资源/cs16src/cs16_anim.py）	序列资产 client/Assets/Resources/Art/Anim/player_CT_vip_crouch_shoot_grenade.anim	一致	client/Assets/Resources/Art/Anim/player_CT_vip.controller
D5	player_CT_vip.controller/crouch_shoot_knife	入口与轮播	帧率/时长	原版 mdl 序列帧数与 fps（出处：原版资源/cs16src/cs16_anim.py）	序列资产 client/Assets/Resources/Art/Anim/player_CT_vip_crouch_shoot_knife.anim	一致	client/Assets/Resources/Art/Anim/player_CT_vip.controller
D5	player_CT_vip.controller/crouch_shoot_m249	入口与轮播	帧率/时长	原版 mdl 序列帧数与 fps（出处：原版资源/cs16src/cs16_anim.py）	序列资产 client/Assets/Resources/Art/Anim/player_CT_vip_crouch_shoot_m249.anim	一致	client/Assets/Resources/Art/Anim/player_CT_vip.controller
D5	player_CT_vip.controller/crouch_shoot_mp5	入口与轮播	帧率/时长	原版 mdl 序列帧数与 fps（出处：原版资源/cs16src/cs16_anim.py）	序列资产 client/Assets/Resources/Art/Anim/player_CT_vip_crouch_shoot_mp5.anim	一致	client/Assets/Resources/Art/Anim/player_CT_vip.controller
D5	player_CT_vip.controller/crouch_shoot_onehanded	入口与轮播	帧率/时长	原版 mdl 序列帧数与 fps（出处：原版资源/cs16src/cs16_anim.py）	序列资产 client/Assets/Resources/Art/Anim/player_CT_vip_crouch_shoot_onehanded.anim	一致	client/Assets/Resources/Art/Anim/player_CT_vip.controller
D5	player_CT_vip.controller/crouch_shoot_rifle	入口与轮播	帧率/时长	原版 mdl 序列帧数与 fps（出处：原版资源/cs16src/cs16_anim.py）	序列资产 client/Assets/Resources/Art/Anim/player_CT_vip_crouch_shoot_rifle.anim	一致	client/Assets/Resources/Art/Anim/player_CT_vip.controller
D5	player_CT_vip.controller/crouch_shoot_shotgun	入口与轮播	帧率/时长	原版 mdl 序列帧数与 fps（出处：原版资源/cs16src/cs16_anim.py）	序列资产 client/Assets/Resources/Art/Anim/player_CT_vip_crouch_shoot_shotgun.anim	一致	client/Assets/Resources/Art/Anim/player_CT_vip.controller
D5	player_CT_vip.controller/crouchrun	入口与轮播	帧率/时长	原版 mdl 序列帧数与 fps（出处：原版资源/cs16src/cs16_anim.py）	序列资产 client/Assets/Resources/Art/Anim/player_CT_vip_crouchrun.anim	一致	client/Assets/Resources/Art/Anim/player_CT_vip.controller
D5	player_CT_vip.controller/death1	入口与轮播	帧率/时长	原版 mdl 序列帧数与 fps（出处：原版资源/cs16src/cs16_anim.py）	序列资产 client/Assets/Resources/Art/Anim/player_CT_vip_death1.anim	一致	client/Assets/Resources/Art/Anim/player_CT_vip.controller
D5	player_CT_vip.controller/death2	入口与轮播	帧率/时长	原版 mdl 序列帧数与 fps（出处：原版资源/cs16src/cs16_anim.py）	序列资产 client/Assets/Resources/Art/Anim/player_CT_vip_death2.anim	一致	client/Assets/Resources/Art/Anim/player_CT_vip.controller
D5	player_CT_vip.controller/death3	入口与轮播	帧率/时长	原版 mdl 序列帧数与 fps（出处：原版资源/cs16src/cs16_anim.py）	序列资产 client/Assets/Resources/Art/Anim/player_CT_vip_death3.anim	一致	client/Assets/Resources/Art/Anim/player_CT_vip.controller
D5	player_CT_vip.controller/idle1	入口与轮播	帧率/时长	原版 mdl 序列帧数与 fps（出处：原版资源/cs16src/cs16_anim.py）	序列资产 client/Assets/Resources/Art/Anim/player_CT_vip_idle1.anim	一致	client/Assets/Resources/Art/Anim/player_CT_vip.controller
D5	player_CT_vip.controller/jump	入口与轮播	帧率/时长	原版 mdl 序列帧数与 fps（出处：原版资源/cs16src/cs16_anim.py）	序列资产 client/Assets/Resources/Art/Anim/player_CT_vip_jump.anim	一致	client/Assets/Resources/Art/Anim/player_CT_vip.controller
D5	player_CT_vip.controller/ref_reload_c4	入口与轮播	帧率/时长	原版 mdl 序列帧数与 fps（出处：原版资源/cs16src/cs16_anim.py）	序列资产 client/Assets/Resources/Art/Anim/player_CT_vip_ref_reload_c4.anim	一致	client/Assets/Resources/Art/Anim/player_CT_vip.controller
D5	player_CT_vip.controller/ref_reload_carbine	入口与轮播	帧率/时长	原版 mdl 序列帧数与 fps（出处：原版资源/cs16src/cs16_anim.py）	序列资产 client/Assets/Resources/Art/Anim/player_CT_vip_ref_reload_carbine.anim	一致	client/Assets/Resources/Art/Anim/player_CT_vip.controller
D5	player_CT_vip.controller/ref_reload_dualpistols_1	入口与轮播	帧率/时长	原版 mdl 序列帧数与 fps（出处：原版资源/cs16src/cs16_anim.py）	序列资产 client/Assets/Resources/Art/Anim/player_CT_vip_ref_reload_dualpistols_1.anim	一致	client/Assets/Resources/Art/Anim/player_CT_vip.controller
D5	player_CT_vip.controller/ref_reload_m249	入口与轮播	帧率/时长	原版 mdl 序列帧数与 fps（出处：原版资源/cs16src/cs16_anim.py）	序列资产 client/Assets/Resources/Art/Anim/player_CT_vip_ref_reload_m249.anim	一致	client/Assets/Resources/Art/Anim/player_CT_vip.controller
D5	player_CT_vip.controller/ref_reload_mp5	入口与轮播	帧率/时长	原版 mdl 序列帧数与 fps（出处：原版资源/cs16src/cs16_anim.py）	序列资产 client/Assets/Resources/Art/Anim/player_CT_vip_ref_reload_mp5.anim	一致	client/Assets/Resources/Art/Anim/player_CT_vip.controller
D5	player_CT_vip.controller/ref_reload_onehanded	入口与轮播	帧率/时长	原版 mdl 序列帧数与 fps（出处：原版资源/cs16src/cs16_anim.py）	序列资产 client/Assets/Resources/Art/Anim/player_CT_vip_ref_reload_onehanded.anim	一致	client/Assets/Resources/Art/Anim/player_CT_vip.controller
D5	player_CT_vip.controller/ref_reload_rifle	入口与轮播	帧率/时长	原版 mdl 序列帧数与 fps（出处：原版资源/cs16src/cs16_anim.py）	序列资产 client/Assets/Resources/Art/Anim/player_CT_vip_ref_reload_rifle.anim	一致	client/Assets/Resources/Art/Anim/player_CT_vip.controller
D5	player_CT_vip.controller/ref_reload_shotgun	入口与轮播	帧率/时长	原版 mdl 序列帧数与 fps（出处：原版资源/cs16src/cs16_anim.py）	序列资产 client/Assets/Resources/Art/Anim/player_CT_vip_ref_reload_shotgun.anim	一致	client/Assets/Resources/Art/Anim/player_CT_vip.controller
D5	player_CT_vip.controller/ref_shoot_ak47	入口与轮播	帧率/时长	原版 mdl 序列帧数与 fps（出处：原版资源/cs16src/cs16_anim.py）	序列资产 client/Assets/Resources/Art/Anim/player_CT_vip_ref_shoot_ak47.anim	一致	client/Assets/Resources/Art/Anim/player_CT_vip.controller
D5	player_CT_vip.controller/ref_shoot_c4	入口与轮播	帧率/时长	原版 mdl 序列帧数与 fps（出处：原版资源/cs16src/cs16_anim.py）	序列资产 client/Assets/Resources/Art/Anim/player_CT_vip_ref_shoot_c4.anim	一致	client/Assets/Resources/Art/Anim/player_CT_vip.controller
D5	player_CT_vip.controller/ref_shoot_carbine	入口与轮播	帧率/时长	原版 mdl 序列帧数与 fps（出处：原版资源/cs16src/cs16_anim.py）	序列资产 client/Assets/Resources/Art/Anim/player_CT_vip_ref_shoot_carbine.anim	一致	client/Assets/Resources/Art/Anim/player_CT_vip.controller
D5	player_CT_vip.controller/ref_shoot_dualpistols_1	入口与轮播	帧率/时长	原版 mdl 序列帧数与 fps（出处：原版资源/cs16src/cs16_anim.py）	序列资产 client/Assets/Resources/Art/Anim/player_CT_vip_ref_shoot_dualpistols_1.anim	一致	client/Assets/Resources/Art/Anim/player_CT_vip.controller
D5	player_CT_vip.controller/ref_shoot_grenade	入口与轮播	帧率/时长	原版 mdl 序列帧数与 fps（出处：原版资源/cs16src/cs16_anim.py）	序列资产 client/Assets/Resources/Art/Anim/player_CT_vip_ref_shoot_grenade.anim	一致	client/Assets/Resources/Art/Anim/player_CT_vip.controller
D5	player_CT_vip.controller/ref_shoot_knife	入口与轮播	帧率/时长	原版 mdl 序列帧数与 fps（出处：原版资源/cs16src/cs16_anim.py）	序列资产 client/Assets/Resources/Art/Anim/player_CT_vip_ref_shoot_knife.anim	一致	client/Assets/Resources/Art/Anim/player_CT_vip.controller
D5	player_CT_vip.controller/ref_shoot_m249	入口与轮播	帧率/时长	原版 mdl 序列帧数与 fps（出处：原版资源/cs16src/cs16_anim.py）	序列资产 client/Assets/Resources/Art/Anim/player_CT_vip_ref_shoot_m249.anim	一致	client/Assets/Resources/Art/Anim/player_CT_vip.controller
D5	player_CT_vip.controller/ref_shoot_mp5	入口与轮播	帧率/时长	原版 mdl 序列帧数与 fps（出处：原版资源/cs16src/cs16_anim.py）	序列资产 client/Assets/Resources/Art/Anim/player_CT_vip_ref_shoot_mp5.anim	一致	client/Assets/Resources/Art/Anim/player_CT_vip.controller
D5	player_CT_vip.controller/ref_shoot_onehanded	入口与轮播	帧率/时长	原版 mdl 序列帧数与 fps（出处：原版资源/cs16src/cs16_anim.py）	序列资产 client/Assets/Resources/Art/Anim/player_CT_vip_ref_shoot_onehanded.anim	一致	client/Assets/Resources/Art/Anim/player_CT_vip.controller
D5	player_CT_vip.controller/ref_shoot_rifle	入口与轮播	帧率/时长	原版 mdl 序列帧数与 fps（出处：原版资源/cs16src/cs16_anim.py）	序列资产 client/Assets/Resources/Art/Anim/player_CT_vip_ref_shoot_rifle.anim	一致	client/Assets/Resources/Art/Anim/player_CT_vip.controller
D5	player_CT_vip.controller/ref_shoot_shotgun	入口与轮播	帧率/时长	原版 mdl 序列帧数与 fps（出处：原版资源/cs16src/cs16_anim.py）	序列资产 client/Assets/Resources/Art/Anim/player_CT_vip_ref_shoot_shotgun.anim	一致	client/Assets/Resources/Art/Anim/player_CT_vip.controller
D5	player_CT_vip.controller/run	入口与轮播	帧率/时长	原版 mdl 序列帧数与 fps（出处：原版资源/cs16src/cs16_anim.py）	序列资产 client/Assets/Resources/Art/Anim/player_CT_vip_run.anim	一致	client/Assets/Resources/Art/Anim/player_CT_vip.controller
D5	player_CT_vip.controller/walk	入口与轮播	帧率/时长	原版 mdl 序列帧数与 fps（出处：原版资源/cs16src/cs16_anim.py）	序列资产 client/Assets/Resources/Art/Anim/player_CT_vip_walk.anim	一致	client/Assets/Resources/Art/Anim/player_CT_vip.controller
D5	player_T.controller/crouch_idle	入口与轮播	帧率/时长	原版 mdl 序列帧数与 fps（出处：原版资源/cs16src/cs16_anim.py）	序列资产 client/Assets/Resources/Art/Anim/player_T_crouch_idle.anim	一致	client/Assets/Resources/Art/Anim/player_T.controller
D5	player_T.controller/crouch_reload_carbine	入口与轮播	帧率/时长	原版 mdl 序列帧数与 fps（出处：原版资源/cs16src/cs16_anim.py）	序列资产 client/Assets/Resources/Art/Anim/player_T_crouch_reload_carbine.anim	一致	client/Assets/Resources/Art/Anim/player_T.controller
D5	player_T.controller/crouch_reload_dualpistols_1	入口与轮播	帧率/时长	原版 mdl 序列帧数与 fps（出处：原版资源/cs16src/cs16_anim.py）	序列资产 client/Assets/Resources/Art/Anim/player_T_crouch_reload_dualpistols_1.anim	一致	client/Assets/Resources/Art/Anim/player_T.controller
D5	player_T.controller/crouch_reload_m249	入口与轮播	帧率/时长	原版 mdl 序列帧数与 fps（出处：原版资源/cs16src/cs16_anim.py）	序列资产 client/Assets/Resources/Art/Anim/player_T_crouch_reload_m249.anim	一致	client/Assets/Resources/Art/Anim/player_T.controller
D5	player_T.controller/crouch_reload_mp5	入口与轮播	帧率/时长	原版 mdl 序列帧数与 fps（出处：原版资源/cs16src/cs16_anim.py）	序列资产 client/Assets/Resources/Art/Anim/player_T_crouch_reload_mp5.anim	一致	client/Assets/Resources/Art/Anim/player_T.controller
D5	player_T.controller/crouch_reload_onehanded	入口与轮播	帧率/时长	原版 mdl 序列帧数与 fps（出处：原版资源/cs16src/cs16_anim.py）	序列资产 client/Assets/Resources/Art/Anim/player_T_crouch_reload_onehanded.anim	一致	client/Assets/Resources/Art/Anim/player_T.controller
D5	player_T.controller/crouch_reload_rifle	入口与轮播	帧率/时长	原版 mdl 序列帧数与 fps（出处：原版资源/cs16src/cs16_anim.py）	序列资产 client/Assets/Resources/Art/Anim/player_T_crouch_reload_rifle.anim	一致	client/Assets/Resources/Art/Anim/player_T.controller
D5	player_T.controller/crouch_reload_shotgun	入口与轮播	帧率/时长	原版 mdl 序列帧数与 fps（出处：原版资源/cs16src/cs16_anim.py）	序列资产 client/Assets/Resources/Art/Anim/player_T_crouch_reload_shotgun.anim	一致	client/Assets/Resources/Art/Anim/player_T.controller
D5	player_T.controller/crouch_shoot_ak47	入口与轮播	帧率/时长	原版 mdl 序列帧数与 fps（出处：原版资源/cs16src/cs16_anim.py）	序列资产 client/Assets/Resources/Art/Anim/player_T_crouch_shoot_ak47.anim	一致	client/Assets/Resources/Art/Anim/player_T.controller
D5	player_T.controller/crouch_shoot_c4	入口与轮播	帧率/时长	原版 mdl 序列帧数与 fps（出处：原版资源/cs16src/cs16_anim.py）	序列资产 client/Assets/Resources/Art/Anim/player_T_crouch_shoot_c4.anim	一致	client/Assets/Resources/Art/Anim/player_T.controller
D5	player_T.controller/crouch_shoot_carbine	入口与轮播	帧率/时长	原版 mdl 序列帧数与 fps（出处：原版资源/cs16src/cs16_anim.py）	序列资产 client/Assets/Resources/Art/Anim/player_T_crouch_shoot_carbine.anim	一致	client/Assets/Resources/Art/Anim/player_T.controller
D5	player_T.controller/crouch_shoot_dualpistols_1	入口与轮播	帧率/时长	原版 mdl 序列帧数与 fps（出处：原版资源/cs16src/cs16_anim.py）	序列资产 client/Assets/Resources/Art/Anim/player_T_crouch_shoot_dualpistols_1.anim	一致	client/Assets/Resources/Art/Anim/player_T.controller
D5	player_T.controller/crouch_shoot_grenade	入口与轮播	帧率/时长	原版 mdl 序列帧数与 fps（出处：原版资源/cs16src/cs16_anim.py）	序列资产 client/Assets/Resources/Art/Anim/player_T_crouch_shoot_grenade.anim	一致	client/Assets/Resources/Art/Anim/player_T.controller
D5	player_T.controller/crouch_shoot_knife	入口与轮播	帧率/时长	原版 mdl 序列帧数与 fps（出处：原版资源/cs16src/cs16_anim.py）	序列资产 client/Assets/Resources/Art/Anim/player_T_crouch_shoot_knife.anim	一致	client/Assets/Resources/Art/Anim/player_T.controller
D5	player_T.controller/crouch_shoot_m249	入口与轮播	帧率/时长	原版 mdl 序列帧数与 fps（出处：原版资源/cs16src/cs16_anim.py）	序列资产 client/Assets/Resources/Art/Anim/player_T_crouch_shoot_m249.anim	一致	client/Assets/Resources/Art/Anim/player_T.controller
D5	player_T.controller/crouch_shoot_mp5	入口与轮播	帧率/时长	原版 mdl 序列帧数与 fps（出处：原版资源/cs16src/cs16_anim.py）	序列资产 client/Assets/Resources/Art/Anim/player_T_crouch_shoot_mp5.anim	一致	client/Assets/Resources/Art/Anim/player_T.controller
D5	player_T.controller/crouch_shoot_onehanded	入口与轮播	帧率/时长	原版 mdl 序列帧数与 fps（出处：原版资源/cs16src/cs16_anim.py）	序列资产 client/Assets/Resources/Art/Anim/player_T_crouch_shoot_onehanded.anim	一致	client/Assets/Resources/Art/Anim/player_T.controller
D5	player_T.controller/crouch_shoot_rifle	入口与轮播	帧率/时长	原版 mdl 序列帧数与 fps（出处：原版资源/cs16src/cs16_anim.py）	序列资产 client/Assets/Resources/Art/Anim/player_T_crouch_shoot_rifle.anim	一致	client/Assets/Resources/Art/Anim/player_T.controller
D5	player_T.controller/crouch_shoot_shotgun	入口与轮播	帧率/时长	原版 mdl 序列帧数与 fps（出处：原版资源/cs16src/cs16_anim.py）	序列资产 client/Assets/Resources/Art/Anim/player_T_crouch_shoot_shotgun.anim	一致	client/Assets/Resources/Art/Anim/player_T.controller
D5	player_T.controller/crouchrun	入口与轮播	帧率/时长	原版 mdl 序列帧数与 fps（出处：原版资源/cs16src/cs16_anim.py）	序列资产 client/Assets/Resources/Art/Anim/player_T_crouchrun.anim	一致	client/Assets/Resources/Art/Anim/player_T.controller
D5	player_T.controller/death1	入口与轮播	帧率/时长	原版 mdl 序列帧数与 fps（出处：原版资源/cs16src/cs16_anim.py）	序列资产 client/Assets/Resources/Art/Anim/player_T_death1.anim	一致	client/Assets/Resources/Art/Anim/player_T.controller
D5	player_T.controller/death2	入口与轮播	帧率/时长	原版 mdl 序列帧数与 fps（出处：原版资源/cs16src/cs16_anim.py）	序列资产 client/Assets/Resources/Art/Anim/player_T_death2.anim	一致	client/Assets/Resources/Art/Anim/player_T.controller
D5	player_T.controller/death3	入口与轮播	帧率/时长	原版 mdl 序列帧数与 fps（出处：原版资源/cs16src/cs16_anim.py）	序列资产 client/Assets/Resources/Art/Anim/player_T_death3.anim	一致	client/Assets/Resources/Art/Anim/player_T.controller
D5	player_T.controller/idle1	入口与轮播	帧率/时长	原版 mdl 序列帧数与 fps（出处：原版资源/cs16src/cs16_anim.py）	序列资产 client/Assets/Resources/Art/Anim/player_T_idle1.anim	一致	client/Assets/Resources/Art/Anim/player_T.controller
D5	player_T.controller/jump	入口与轮播	帧率/时长	原版 mdl 序列帧数与 fps（出处：原版资源/cs16src/cs16_anim.py）	序列资产 client/Assets/Resources/Art/Anim/player_T_jump.anim	一致	client/Assets/Resources/Art/Anim/player_T.controller
D5	player_T.controller/ref_reload_c4	入口与轮播	帧率/时长	原版 mdl 序列帧数与 fps（出处：原版资源/cs16src/cs16_anim.py）	序列资产 client/Assets/Resources/Art/Anim/player_T_ref_reload_c4.anim	一致	client/Assets/Resources/Art/Anim/player_T.controller
D5	player_T.controller/ref_reload_carbine	入口与轮播	帧率/时长	原版 mdl 序列帧数与 fps（出处：原版资源/cs16src/cs16_anim.py）	序列资产 client/Assets/Resources/Art/Anim/player_T_ref_reload_carbine.anim	一致	client/Assets/Resources/Art/Anim/player_T.controller
D5	player_T.controller/ref_reload_dualpistols_1	入口与轮播	帧率/时长	原版 mdl 序列帧数与 fps（出处：原版资源/cs16src/cs16_anim.py）	序列资产 client/Assets/Resources/Art/Anim/player_T_ref_reload_dualpistols_1.anim	一致	client/Assets/Resources/Art/Anim/player_T.controller
D5	player_T.controller/ref_reload_m249	入口与轮播	帧率/时长	原版 mdl 序列帧数与 fps（出处：原版资源/cs16src/cs16_anim.py）	序列资产 client/Assets/Resources/Art/Anim/player_T_ref_reload_m249.anim	一致	client/Assets/Resources/Art/Anim/player_T.controller
D5	player_T.controller/ref_reload_mp5	入口与轮播	帧率/时长	原版 mdl 序列帧数与 fps（出处：原版资源/cs16src/cs16_anim.py）	序列资产 client/Assets/Resources/Art/Anim/player_T_ref_reload_mp5.anim	一致	client/Assets/Resources/Art/Anim/player_T.controller
D5	player_T.controller/ref_reload_onehanded	入口与轮播	帧率/时长	原版 mdl 序列帧数与 fps（出处：原版资源/cs16src/cs16_anim.py）	序列资产 client/Assets/Resources/Art/Anim/player_T_ref_reload_onehanded.anim	一致	client/Assets/Resources/Art/Anim/player_T.controller
D5	player_T.controller/ref_reload_rifle	入口与轮播	帧率/时长	原版 mdl 序列帧数与 fps（出处：原版资源/cs16src/cs16_anim.py）	序列资产 client/Assets/Resources/Art/Anim/player_T_ref_reload_rifle.anim	一致	client/Assets/Resources/Art/Anim/player_T.controller
D5	player_T.controller/ref_reload_shotgun	入口与轮播	帧率/时长	原版 mdl 序列帧数与 fps（出处：原版资源/cs16src/cs16_anim.py）	序列资产 client/Assets/Resources/Art/Anim/player_T_ref_reload_shotgun.anim	一致	client/Assets/Resources/Art/Anim/player_T.controller
D5	player_T.controller/ref_shoot_ak47	入口与轮播	帧率/时长	原版 mdl 序列帧数与 fps（出处：原版资源/cs16src/cs16_anim.py）	序列资产 client/Assets/Resources/Art/Anim/player_T_ref_shoot_ak47.anim	一致	client/Assets/Resources/Art/Anim/player_T.controller
D5	player_T.controller/ref_shoot_c4	入口与轮播	帧率/时长	原版 mdl 序列帧数与 fps（出处：原版资源/cs16src/cs16_anim.py）	序列资产 client/Assets/Resources/Art/Anim/player_T_ref_shoot_c4.anim	一致	client/Assets/Resources/Art/Anim/player_T.controller
D5	player_T.controller/ref_shoot_carbine	入口与轮播	帧率/时长	原版 mdl 序列帧数与 fps（出处：原版资源/cs16src/cs16_anim.py）	序列资产 client/Assets/Resources/Art/Anim/player_T_ref_shoot_carbine.anim	一致	client/Assets/Resources/Art/Anim/player_T.controller
D5	player_T.controller/ref_shoot_dualpistols_1	入口与轮播	帧率/时长	原版 mdl 序列帧数与 fps（出处：原版资源/cs16src/cs16_anim.py）	序列资产 client/Assets/Resources/Art/Anim/player_T_ref_shoot_dualpistols_1.anim	一致	client/Assets/Resources/Art/Anim/player_T.controller
D5	player_T.controller/ref_shoot_grenade	入口与轮播	帧率/时长	原版 mdl 序列帧数与 fps（出处：原版资源/cs16src/cs16_anim.py）	序列资产 client/Assets/Resources/Art/Anim/player_T_ref_shoot_grenade.anim	一致	client/Assets/Resources/Art/Anim/player_T.controller
D5	player_T.controller/ref_shoot_knife	入口与轮播	帧率/时长	原版 mdl 序列帧数与 fps（出处：原版资源/cs16src/cs16_anim.py）	序列资产 client/Assets/Resources/Art/Anim/player_T_ref_shoot_knife.anim	一致	client/Assets/Resources/Art/Anim/player_T.controller
D5	player_T.controller/ref_shoot_m249	入口与轮播	帧率/时长	原版 mdl 序列帧数与 fps（出处：原版资源/cs16src/cs16_anim.py）	序列资产 client/Assets/Resources/Art/Anim/player_T_ref_shoot_m249.anim	一致	client/Assets/Resources/Art/Anim/player_T.controller
D5	player_T.controller/ref_shoot_mp5	入口与轮播	帧率/时长	原版 mdl 序列帧数与 fps（出处：原版资源/cs16src/cs16_anim.py）	序列资产 client/Assets/Resources/Art/Anim/player_T_ref_shoot_mp5.anim	一致	client/Assets/Resources/Art/Anim/player_T.controller
D5	player_T.controller/ref_shoot_onehanded	入口与轮播	帧率/时长	原版 mdl 序列帧数与 fps（出处：原版资源/cs16src/cs16_anim.py）	序列资产 client/Assets/Resources/Art/Anim/player_T_ref_shoot_onehanded.anim	一致	client/Assets/Resources/Art/Anim/player_T.controller
D5	player_T.controller/ref_shoot_rifle	入口与轮播	帧率/时长	原版 mdl 序列帧数与 fps（出处：原版资源/cs16src/cs16_anim.py）	序列资产 client/Assets/Resources/Art/Anim/player_T_ref_shoot_rifle.anim	一致	client/Assets/Resources/Art/Anim/player_T.controller
D5	player_T.controller/ref_shoot_shotgun	入口与轮播	帧率/时长	原版 mdl 序列帧数与 fps（出处：原版资源/cs16src/cs16_anim.py）	序列资产 client/Assets/Resources/Art/Anim/player_T_ref_shoot_shotgun.anim	一致	client/Assets/Resources/Art/Anim/player_T.controller
D5	player_T.controller/run	入口与轮播	帧率/时长	原版 mdl 序列帧数与 fps（出处：原版资源/cs16src/cs16_anim.py）	序列资产 client/Assets/Resources/Art/Anim/player_T_run.anim	一致	client/Assets/Resources/Art/Anim/player_T.controller
D5	player_T.controller/walk	入口与轮播	帧率/时长	原版 mdl 序列帧数与 fps（出处：原版资源/cs16src/cs16_anim.py）	序列资产 client/Assets/Resources/Art/Anim/player_T_walk.anim	一致	client/Assets/Resources/Art/Anim/player_T.controller
D5	player_T_arctic.controller/crouch_idle	入口与轮播	帧率/时长	原版 mdl 序列帧数与 fps（出处：原版资源/cs16src/cs16_anim.py）	序列资产 client/Assets/Resources/Art/Anim/player_T_arctic_crouch_idle.anim	一致	client/Assets/Resources/Art/Anim/player_T_arctic.controller
D5	player_T_arctic.controller/crouch_reload_carbine	入口与轮播	帧率/时长	原版 mdl 序列帧数与 fps（出处：原版资源/cs16src/cs16_anim.py）	序列资产 client/Assets/Resources/Art/Anim/player_T_arctic_crouch_reload_carbine.anim	一致	client/Assets/Resources/Art/Anim/player_T_arctic.controller
D5	player_T_arctic.controller/crouch_reload_dualpistols_1	入口与轮播	帧率/时长	原版 mdl 序列帧数与 fps（出处：原版资源/cs16src/cs16_anim.py）	序列资产 client/Assets/Resources/Art/Anim/player_T_arctic_crouch_reload_dualpistols_1.anim	一致	client/Assets/Resources/Art/Anim/player_T_arctic.controller
D5	player_T_arctic.controller/crouch_reload_m249	入口与轮播	帧率/时长	原版 mdl 序列帧数与 fps（出处：原版资源/cs16src/cs16_anim.py）	序列资产 client/Assets/Resources/Art/Anim/player_T_arctic_crouch_reload_m249.anim	一致	client/Assets/Resources/Art/Anim/player_T_arctic.controller
D5	player_T_arctic.controller/crouch_reload_mp5	入口与轮播	帧率/时长	原版 mdl 序列帧数与 fps（出处：原版资源/cs16src/cs16_anim.py）	序列资产 client/Assets/Resources/Art/Anim/player_T_arctic_crouch_reload_mp5.anim	一致	client/Assets/Resources/Art/Anim/player_T_arctic.controller
D5	player_T_arctic.controller/crouch_reload_onehanded	入口与轮播	帧率/时长	原版 mdl 序列帧数与 fps（出处：原版资源/cs16src/cs16_anim.py）	序列资产 client/Assets/Resources/Art/Anim/player_T_arctic_crouch_reload_onehanded.anim	一致	client/Assets/Resources/Art/Anim/player_T_arctic.controller
D5	player_T_arctic.controller/crouch_reload_rifle	入口与轮播	帧率/时长	原版 mdl 序列帧数与 fps（出处：原版资源/cs16src/cs16_anim.py）	序列资产 client/Assets/Resources/Art/Anim/player_T_arctic_crouch_reload_rifle.anim	一致	client/Assets/Resources/Art/Anim/player_T_arctic.controller
D5	player_T_arctic.controller/crouch_reload_shotgun	入口与轮播	帧率/时长	原版 mdl 序列帧数与 fps（出处：原版资源/cs16src/cs16_anim.py）	序列资产 client/Assets/Resources/Art/Anim/player_T_arctic_crouch_reload_shotgun.anim	一致	client/Assets/Resources/Art/Anim/player_T_arctic.controller
D5	player_T_arctic.controller/crouch_shoot_ak47	入口与轮播	帧率/时长	原版 mdl 序列帧数与 fps（出处：原版资源/cs16src/cs16_anim.py）	序列资产 client/Assets/Resources/Art/Anim/player_T_arctic_crouch_shoot_ak47.anim	一致	client/Assets/Resources/Art/Anim/player_T_arctic.controller
D5	player_T_arctic.controller/crouch_shoot_c4	入口与轮播	帧率/时长	原版 mdl 序列帧数与 fps（出处：原版资源/cs16src/cs16_anim.py）	序列资产 client/Assets/Resources/Art/Anim/player_T_arctic_crouch_shoot_c4.anim	一致	client/Assets/Resources/Art/Anim/player_T_arctic.controller
D5	player_T_arctic.controller/crouch_shoot_carbine	入口与轮播	帧率/时长	原版 mdl 序列帧数与 fps（出处：原版资源/cs16src/cs16_anim.py）	序列资产 client/Assets/Resources/Art/Anim/player_T_arctic_crouch_shoot_carbine.anim	一致	client/Assets/Resources/Art/Anim/player_T_arctic.controller
D5	player_T_arctic.controller/crouch_shoot_dualpistols_1	入口与轮播	帧率/时长	原版 mdl 序列帧数与 fps（出处：原版资源/cs16src/cs16_anim.py）	序列资产 client/Assets/Resources/Art/Anim/player_T_arctic_crouch_shoot_dualpistols_1.anim	一致	client/Assets/Resources/Art/Anim/player_T_arctic.controller
D5	player_T_arctic.controller/crouch_shoot_grenade	入口与轮播	帧率/时长	原版 mdl 序列帧数与 fps（出处：原版资源/cs16src/cs16_anim.py）	序列资产 client/Assets/Resources/Art/Anim/player_T_arctic_crouch_shoot_grenade.anim	一致	client/Assets/Resources/Art/Anim/player_T_arctic.controller
D5	player_T_arctic.controller/crouch_shoot_knife	入口与轮播	帧率/时长	原版 mdl 序列帧数与 fps（出处：原版资源/cs16src/cs16_anim.py）	序列资产 client/Assets/Resources/Art/Anim/player_T_arctic_crouch_shoot_knife.anim	一致	client/Assets/Resources/Art/Anim/player_T_arctic.controller
D5	player_T_arctic.controller/crouch_shoot_m249	入口与轮播	帧率/时长	原版 mdl 序列帧数与 fps（出处：原版资源/cs16src/cs16_anim.py）	序列资产 client/Assets/Resources/Art/Anim/player_T_arctic_crouch_shoot_m249.anim	一致	client/Assets/Resources/Art/Anim/player_T_arctic.controller
D5	player_T_arctic.controller/crouch_shoot_mp5	入口与轮播	帧率/时长	原版 mdl 序列帧数与 fps（出处：原版资源/cs16src/cs16_anim.py）	序列资产 client/Assets/Resources/Art/Anim/player_T_arctic_crouch_shoot_mp5.anim	一致	client/Assets/Resources/Art/Anim/player_T_arctic.controller
D5	player_T_arctic.controller/crouch_shoot_onehanded	入口与轮播	帧率/时长	原版 mdl 序列帧数与 fps（出处：原版资源/cs16src/cs16_anim.py）	序列资产 client/Assets/Resources/Art/Anim/player_T_arctic_crouch_shoot_onehanded.anim	一致	client/Assets/Resources/Art/Anim/player_T_arctic.controller
D5	player_T_arctic.controller/crouch_shoot_rifle	入口与轮播	帧率/时长	原版 mdl 序列帧数与 fps（出处：原版资源/cs16src/cs16_anim.py）	序列资产 client/Assets/Resources/Art/Anim/player_T_arctic_crouch_shoot_rifle.anim	一致	client/Assets/Resources/Art/Anim/player_T_arctic.controller
D5	player_T_arctic.controller/crouch_shoot_shotgun	入口与轮播	帧率/时长	原版 mdl 序列帧数与 fps（出处：原版资源/cs16src/cs16_anim.py）	序列资产 client/Assets/Resources/Art/Anim/player_T_arctic_crouch_shoot_shotgun.anim	一致	client/Assets/Resources/Art/Anim/player_T_arctic.controller
D5	player_T_arctic.controller/crouchrun	入口与轮播	帧率/时长	原版 mdl 序列帧数与 fps（出处：原版资源/cs16src/cs16_anim.py）	序列资产 client/Assets/Resources/Art/Anim/player_T_arctic_crouchrun.anim	一致	client/Assets/Resources/Art/Anim/player_T_arctic.controller
D5	player_T_arctic.controller/death1	入口与轮播	帧率/时长	原版 mdl 序列帧数与 fps（出处：原版资源/cs16src/cs16_anim.py）	序列资产 client/Assets/Resources/Art/Anim/player_T_arctic_death1.anim	一致	client/Assets/Resources/Art/Anim/player_T_arctic.controller
D5	player_T_arctic.controller/death2	入口与轮播	帧率/时长	原版 mdl 序列帧数与 fps（出处：原版资源/cs16src/cs16_anim.py）	序列资产 client/Assets/Resources/Art/Anim/player_T_arctic_death2.anim	一致	client/Assets/Resources/Art/Anim/player_T_arctic.controller
D5	player_T_arctic.controller/death3	入口与轮播	帧率/时长	原版 mdl 序列帧数与 fps（出处：原版资源/cs16src/cs16_anim.py）	序列资产 client/Assets/Resources/Art/Anim/player_T_arctic_death3.anim	一致	client/Assets/Resources/Art/Anim/player_T_arctic.controller
D5	player_T_arctic.controller/idle1	入口与轮播	帧率/时长	原版 mdl 序列帧数与 fps（出处：原版资源/cs16src/cs16_anim.py）	序列资产 client/Assets/Resources/Art/Anim/player_T_arctic_idle1.anim	一致	client/Assets/Resources/Art/Anim/player_T_arctic.controller
D5	player_T_arctic.controller/jump	入口与轮播	帧率/时长	原版 mdl 序列帧数与 fps（出处：原版资源/cs16src/cs16_anim.py）	序列资产 client/Assets/Resources/Art/Anim/player_T_arctic_jump.anim	一致	client/Assets/Resources/Art/Anim/player_T_arctic.controller
D5	player_T_arctic.controller/ref_reload_c4	入口与轮播	帧率/时长	原版 mdl 序列帧数与 fps（出处：原版资源/cs16src/cs16_anim.py）	序列资产 client/Assets/Resources/Art/Anim/player_T_arctic_ref_reload_c4.anim	一致	client/Assets/Resources/Art/Anim/player_T_arctic.controller
D5	player_T_arctic.controller/ref_reload_carbine	入口与轮播	帧率/时长	原版 mdl 序列帧数与 fps（出处：原版资源/cs16src/cs16_anim.py）	序列资产 client/Assets/Resources/Art/Anim/player_T_arctic_ref_reload_carbine.anim	一致	client/Assets/Resources/Art/Anim/player_T_arctic.controller
D5	player_T_arctic.controller/ref_reload_dualpistols_1	入口与轮播	帧率/时长	原版 mdl 序列帧数与 fps（出处：原版资源/cs16src/cs16_anim.py）	序列资产 client/Assets/Resources/Art/Anim/player_T_arctic_ref_reload_dualpistols_1.anim	一致	client/Assets/Resources/Art/Anim/player_T_arctic.controller
D5	player_T_arctic.controller/ref_reload_m249	入口与轮播	帧率/时长	原版 mdl 序列帧数与 fps（出处：原版资源/cs16src/cs16_anim.py）	序列资产 client/Assets/Resources/Art/Anim/player_T_arctic_ref_reload_m249.anim	一致	client/Assets/Resources/Art/Anim/player_T_arctic.controller
D5	player_T_arctic.controller/ref_reload_mp5	入口与轮播	帧率/时长	原版 mdl 序列帧数与 fps（出处：原版资源/cs16src/cs16_anim.py）	序列资产 client/Assets/Resources/Art/Anim/player_T_arctic_ref_reload_mp5.anim	一致	client/Assets/Resources/Art/Anim/player_T_arctic.controller
D5	player_T_arctic.controller/ref_reload_onehanded	入口与轮播	帧率/时长	原版 mdl 序列帧数与 fps（出处：原版资源/cs16src/cs16_anim.py）	序列资产 client/Assets/Resources/Art/Anim/player_T_arctic_ref_reload_onehanded.anim	一致	client/Assets/Resources/Art/Anim/player_T_arctic.controller
D5	player_T_arctic.controller/ref_reload_rifle	入口与轮播	帧率/时长	原版 mdl 序列帧数与 fps（出处：原版资源/cs16src/cs16_anim.py）	序列资产 client/Assets/Resources/Art/Anim/player_T_arctic_ref_reload_rifle.anim	一致	client/Assets/Resources/Art/Anim/player_T_arctic.controller
D5	player_T_arctic.controller/ref_reload_shotgun	入口与轮播	帧率/时长	原版 mdl 序列帧数与 fps（出处：原版资源/cs16src/cs16_anim.py）	序列资产 client/Assets/Resources/Art/Anim/player_T_arctic_ref_reload_shotgun.anim	一致	client/Assets/Resources/Art/Anim/player_T_arctic.controller
D5	player_T_arctic.controller/ref_shoot_ak47	入口与轮播	帧率/时长	原版 mdl 序列帧数与 fps（出处：原版资源/cs16src/cs16_anim.py）	序列资产 client/Assets/Resources/Art/Anim/player_T_arctic_ref_shoot_ak47.anim	一致	client/Assets/Resources/Art/Anim/player_T_arctic.controller
D5	player_T_arctic.controller/ref_shoot_c4	入口与轮播	帧率/时长	原版 mdl 序列帧数与 fps（出处：原版资源/cs16src/cs16_anim.py）	序列资产 client/Assets/Resources/Art/Anim/player_T_arctic_ref_shoot_c4.anim	一致	client/Assets/Resources/Art/Anim/player_T_arctic.controller
D5	player_T_arctic.controller/ref_shoot_carbine	入口与轮播	帧率/时长	原版 mdl 序列帧数与 fps（出处：原版资源/cs16src/cs16_anim.py）	序列资产 client/Assets/Resources/Art/Anim/player_T_arctic_ref_shoot_carbine.anim	一致	client/Assets/Resources/Art/Anim/player_T_arctic.controller
D5	player_T_arctic.controller/ref_shoot_dualpistols_1	入口与轮播	帧率/时长	原版 mdl 序列帧数与 fps（出处：原版资源/cs16src/cs16_anim.py）	序列资产 client/Assets/Resources/Art/Anim/player_T_arctic_ref_shoot_dualpistols_1.anim	一致	client/Assets/Resources/Art/Anim/player_T_arctic.controller
D5	player_T_arctic.controller/ref_shoot_grenade	入口与轮播	帧率/时长	原版 mdl 序列帧数与 fps（出处：原版资源/cs16src/cs16_anim.py）	序列资产 client/Assets/Resources/Art/Anim/player_T_arctic_ref_shoot_grenade.anim	一致	client/Assets/Resources/Art/Anim/player_T_arctic.controller
D5	player_T_arctic.controller/ref_shoot_knife	入口与轮播	帧率/时长	原版 mdl 序列帧数与 fps（出处：原版资源/cs16src/cs16_anim.py）	序列资产 client/Assets/Resources/Art/Anim/player_T_arctic_ref_shoot_knife.anim	一致	client/Assets/Resources/Art/Anim/player_T_arctic.controller
D5	player_T_arctic.controller/ref_shoot_m249	入口与轮播	帧率/时长	原版 mdl 序列帧数与 fps（出处：原版资源/cs16src/cs16_anim.py）	序列资产 client/Assets/Resources/Art/Anim/player_T_arctic_ref_shoot_m249.anim	一致	client/Assets/Resources/Art/Anim/player_T_arctic.controller
D5	player_T_arctic.controller/ref_shoot_mp5	入口与轮播	帧率/时长	原版 mdl 序列帧数与 fps（出处：原版资源/cs16src/cs16_anim.py）	序列资产 client/Assets/Resources/Art/Anim/player_T_arctic_ref_shoot_mp5.anim	一致	client/Assets/Resources/Art/Anim/player_T_arctic.controller
D5	player_T_arctic.controller/ref_shoot_onehanded	入口与轮播	帧率/时长	原版 mdl 序列帧数与 fps（出处：原版资源/cs16src/cs16_anim.py）	序列资产 client/Assets/Resources/Art/Anim/player_T_arctic_ref_shoot_onehanded.anim	一致	client/Assets/Resources/Art/Anim/player_T_arctic.controller
D5	player_T_arctic.controller/ref_shoot_rifle	入口与轮播	帧率/时长	原版 mdl 序列帧数与 fps（出处：原版资源/cs16src/cs16_anim.py）	序列资产 client/Assets/Resources/Art/Anim/player_T_arctic_ref_shoot_rifle.anim	一致	client/Assets/Resources/Art/Anim/player_T_arctic.controller
D5	player_T_arctic.controller/ref_shoot_shotgun	入口与轮播	帧率/时长	原版 mdl 序列帧数与 fps（出处：原版资源/cs16src/cs16_anim.py）	序列资产 client/Assets/Resources/Art/Anim/player_T_arctic_ref_shoot_shotgun.anim	一致	client/Assets/Resources/Art/Anim/player_T_arctic.controller
D5	player_T_arctic.controller/run	入口与轮播	帧率/时长	原版 mdl 序列帧数与 fps（出处：原版资源/cs16src/cs16_anim.py）	序列资产 client/Assets/Resources/Art/Anim/player_T_arctic_run.anim	一致	client/Assets/Resources/Art/Anim/player_T_arctic.controller
D5	player_T_arctic.controller/walk	入口与轮播	帧率/时长	原版 mdl 序列帧数与 fps（出处：原版资源/cs16src/cs16_anim.py）	序列资产 client/Assets/Resources/Art/Anim/player_T_arctic_walk.anim	一致	client/Assets/Resources/Art/Anim/player_T_arctic.controller
D5	player_T_guerilla.controller/crouch_idle	入口与轮播	帧率/时长	原版 mdl 序列帧数与 fps（出处：原版资源/cs16src/cs16_anim.py）	序列资产 client/Assets/Resources/Art/Anim/player_T_guerilla_crouch_idle.anim	一致	client/Assets/Resources/Art/Anim/player_T_guerilla.controller
D5	player_T_guerilla.controller/crouch_reload_carbine	入口与轮播	帧率/时长	原版 mdl 序列帧数与 fps（出处：原版资源/cs16src/cs16_anim.py）	序列资产 client/Assets/Resources/Art/Anim/player_T_guerilla_crouch_reload_carbine.anim	一致	client/Assets/Resources/Art/Anim/player_T_guerilla.controller
D5	player_T_guerilla.controller/crouch_reload_dualpistols_1	入口与轮播	帧率/时长	原版 mdl 序列帧数与 fps（出处：原版资源/cs16src/cs16_anim.py）	序列资产 client/Assets/Resources/Art/Anim/player_T_guerilla_crouch_reload_dualpistols_1.anim	一致	client/Assets/Resources/Art/Anim/player_T_guerilla.controller
D5	player_T_guerilla.controller/crouch_reload_m249	入口与轮播	帧率/时长	原版 mdl 序列帧数与 fps（出处：原版资源/cs16src/cs16_anim.py）	序列资产 client/Assets/Resources/Art/Anim/player_T_guerilla_crouch_reload_m249.anim	一致	client/Assets/Resources/Art/Anim/player_T_guerilla.controller
D5	player_T_guerilla.controller/crouch_reload_mp5	入口与轮播	帧率/时长	原版 mdl 序列帧数与 fps（出处：原版资源/cs16src/cs16_anim.py）	序列资产 client/Assets/Resources/Art/Anim/player_T_guerilla_crouch_reload_mp5.anim	一致	client/Assets/Resources/Art/Anim/player_T_guerilla.controller
D5	player_T_guerilla.controller/crouch_reload_onehanded	入口与轮播	帧率/时长	原版 mdl 序列帧数与 fps（出处：原版资源/cs16src/cs16_anim.py）	序列资产 client/Assets/Resources/Art/Anim/player_T_guerilla_crouch_reload_onehanded.anim	一致	client/Assets/Resources/Art/Anim/player_T_guerilla.controller
D5	player_T_guerilla.controller/crouch_reload_rifle	入口与轮播	帧率/时长	原版 mdl 序列帧数与 fps（出处：原版资源/cs16src/cs16_anim.py）	序列资产 client/Assets/Resources/Art/Anim/player_T_guerilla_crouch_reload_rifle.anim	一致	client/Assets/Resources/Art/Anim/player_T_guerilla.controller
D5	player_T_guerilla.controller/crouch_reload_shotgun	入口与轮播	帧率/时长	原版 mdl 序列帧数与 fps（出处：原版资源/cs16src/cs16_anim.py）	序列资产 client/Assets/Resources/Art/Anim/player_T_guerilla_crouch_reload_shotgun.anim	一致	client/Assets/Resources/Art/Anim/player_T_guerilla.controller
D5	player_T_guerilla.controller/crouch_shoot_ak47	入口与轮播	帧率/时长	原版 mdl 序列帧数与 fps（出处：原版资源/cs16src/cs16_anim.py）	序列资产 client/Assets/Resources/Art/Anim/player_T_guerilla_crouch_shoot_ak47.anim	一致	client/Assets/Resources/Art/Anim/player_T_guerilla.controller
D5	player_T_guerilla.controller/crouch_shoot_c4	入口与轮播	帧率/时长	原版 mdl 序列帧数与 fps（出处：原版资源/cs16src/cs16_anim.py）	序列资产 client/Assets/Resources/Art/Anim/player_T_guerilla_crouch_shoot_c4.anim	一致	client/Assets/Resources/Art/Anim/player_T_guerilla.controller
D5	player_T_guerilla.controller/crouch_shoot_carbine	入口与轮播	帧率/时长	原版 mdl 序列帧数与 fps（出处：原版资源/cs16src/cs16_anim.py）	序列资产 client/Assets/Resources/Art/Anim/player_T_guerilla_crouch_shoot_carbine.anim	一致	client/Assets/Resources/Art/Anim/player_T_guerilla.controller
D5	player_T_guerilla.controller/crouch_shoot_dualpistols_1	入口与轮播	帧率/时长	原版 mdl 序列帧数与 fps（出处：原版资源/cs16src/cs16_anim.py）	序列资产 client/Assets/Resources/Art/Anim/player_T_guerilla_crouch_shoot_dualpistols_1.anim	一致	client/Assets/Resources/Art/Anim/player_T_guerilla.controller
D5	player_T_guerilla.controller/crouch_shoot_grenade	入口与轮播	帧率/时长	原版 mdl 序列帧数与 fps（出处：原版资源/cs16src/cs16_anim.py）	序列资产 client/Assets/Resources/Art/Anim/player_T_guerilla_crouch_shoot_grenade.anim	一致	client/Assets/Resources/Art/Anim/player_T_guerilla.controller
D5	player_T_guerilla.controller/crouch_shoot_knife	入口与轮播	帧率/时长	原版 mdl 序列帧数与 fps（出处：原版资源/cs16src/cs16_anim.py）	序列资产 client/Assets/Resources/Art/Anim/player_T_guerilla_crouch_shoot_knife.anim	一致	client/Assets/Resources/Art/Anim/player_T_guerilla.controller
D5	player_T_guerilla.controller/crouch_shoot_m249	入口与轮播	帧率/时长	原版 mdl 序列帧数与 fps（出处：原版资源/cs16src/cs16_anim.py）	序列资产 client/Assets/Resources/Art/Anim/player_T_guerilla_crouch_shoot_m249.anim	一致	client/Assets/Resources/Art/Anim/player_T_guerilla.controller
D5	player_T_guerilla.controller/crouch_shoot_mp5	入口与轮播	帧率/时长	原版 mdl 序列帧数与 fps（出处：原版资源/cs16src/cs16_anim.py）	序列资产 client/Assets/Resources/Art/Anim/player_T_guerilla_crouch_shoot_mp5.anim	一致	client/Assets/Resources/Art/Anim/player_T_guerilla.controller
D5	player_T_guerilla.controller/crouch_shoot_onehanded	入口与轮播	帧率/时长	原版 mdl 序列帧数与 fps（出处：原版资源/cs16src/cs16_anim.py）	序列资产 client/Assets/Resources/Art/Anim/player_T_guerilla_crouch_shoot_onehanded.anim	一致	client/Assets/Resources/Art/Anim/player_T_guerilla.controller
D5	player_T_guerilla.controller/crouch_shoot_rifle	入口与轮播	帧率/时长	原版 mdl 序列帧数与 fps（出处：原版资源/cs16src/cs16_anim.py）	序列资产 client/Assets/Resources/Art/Anim/player_T_guerilla_crouch_shoot_rifle.anim	一致	client/Assets/Resources/Art/Anim/player_T_guerilla.controller
D5	player_T_guerilla.controller/crouch_shoot_shotgun	入口与轮播	帧率/时长	原版 mdl 序列帧数与 fps（出处：原版资源/cs16src/cs16_anim.py）	序列资产 client/Assets/Resources/Art/Anim/player_T_guerilla_crouch_shoot_shotgun.anim	一致	client/Assets/Resources/Art/Anim/player_T_guerilla.controller
D5	player_T_guerilla.controller/crouchrun	入口与轮播	帧率/时长	原版 mdl 序列帧数与 fps（出处：原版资源/cs16src/cs16_anim.py）	序列资产 client/Assets/Resources/Art/Anim/player_T_guerilla_crouchrun.anim	一致	client/Assets/Resources/Art/Anim/player_T_guerilla.controller
D5	player_T_guerilla.controller/death1	入口与轮播	帧率/时长	原版 mdl 序列帧数与 fps（出处：原版资源/cs16src/cs16_anim.py）	序列资产 client/Assets/Resources/Art/Anim/player_T_guerilla_death1.anim	一致	client/Assets/Resources/Art/Anim/player_T_guerilla.controller
D5	player_T_guerilla.controller/death2	入口与轮播	帧率/时长	原版 mdl 序列帧数与 fps（出处：原版资源/cs16src/cs16_anim.py）	序列资产 client/Assets/Resources/Art/Anim/player_T_guerilla_death2.anim	一致	client/Assets/Resources/Art/Anim/player_T_guerilla.controller
D5	player_T_guerilla.controller/death3	入口与轮播	帧率/时长	原版 mdl 序列帧数与 fps（出处：原版资源/cs16src/cs16_anim.py）	序列资产 client/Assets/Resources/Art/Anim/player_T_guerilla_death3.anim	一致	client/Assets/Resources/Art/Anim/player_T_guerilla.controller
D5	player_T_guerilla.controller/idle1	入口与轮播	帧率/时长	原版 mdl 序列帧数与 fps（出处：原版资源/cs16src/cs16_anim.py）	序列资产 client/Assets/Resources/Art/Anim/player_T_guerilla_idle1.anim	一致	client/Assets/Resources/Art/Anim/player_T_guerilla.controller
D5	player_T_guerilla.controller/jump	入口与轮播	帧率/时长	原版 mdl 序列帧数与 fps（出处：原版资源/cs16src/cs16_anim.py）	序列资产 client/Assets/Resources/Art/Anim/player_T_guerilla_jump.anim	一致	client/Assets/Resources/Art/Anim/player_T_guerilla.controller
D5	player_T_guerilla.controller/ref_reload_c4	入口与轮播	帧率/时长	原版 mdl 序列帧数与 fps（出处：原版资源/cs16src/cs16_anim.py）	序列资产 client/Assets/Resources/Art/Anim/player_T_guerilla_ref_reload_c4.anim	一致	client/Assets/Resources/Art/Anim/player_T_guerilla.controller
D5	player_T_guerilla.controller/ref_reload_carbine	入口与轮播	帧率/时长	原版 mdl 序列帧数与 fps（出处：原版资源/cs16src/cs16_anim.py）	序列资产 client/Assets/Resources/Art/Anim/player_T_guerilla_ref_reload_carbine.anim	一致	client/Assets/Resources/Art/Anim/player_T_guerilla.controller
D5	player_T_guerilla.controller/ref_reload_dualpistols_1	入口与轮播	帧率/时长	原版 mdl 序列帧数与 fps（出处：原版资源/cs16src/cs16_anim.py）	序列资产 client/Assets/Resources/Art/Anim/player_T_guerilla_ref_reload_dualpistols_1.anim	一致	client/Assets/Resources/Art/Anim/player_T_guerilla.controller
D5	player_T_guerilla.controller/ref_reload_m249	入口与轮播	帧率/时长	原版 mdl 序列帧数与 fps（出处：原版资源/cs16src/cs16_anim.py）	序列资产 client/Assets/Resources/Art/Anim/player_T_guerilla_ref_reload_m249.anim	一致	client/Assets/Resources/Art/Anim/player_T_guerilla.controller
D5	player_T_guerilla.controller/ref_reload_mp5	入口与轮播	帧率/时长	原版 mdl 序列帧数与 fps（出处：原版资源/cs16src/cs16_anim.py）	序列资产 client/Assets/Resources/Art/Anim/player_T_guerilla_ref_reload_mp5.anim	一致	client/Assets/Resources/Art/Anim/player_T_guerilla.controller
D5	player_T_guerilla.controller/ref_reload_onehanded	入口与轮播	帧率/时长	原版 mdl 序列帧数与 fps（出处：原版资源/cs16src/cs16_anim.py）	序列资产 client/Assets/Resources/Art/Anim/player_T_guerilla_ref_reload_onehanded.anim	一致	client/Assets/Resources/Art/Anim/player_T_guerilla.controller
D5	player_T_guerilla.controller/ref_reload_rifle	入口与轮播	帧率/时长	原版 mdl 序列帧数与 fps（出处：原版资源/cs16src/cs16_anim.py）	序列资产 client/Assets/Resources/Art/Anim/player_T_guerilla_ref_reload_rifle.anim	一致	client/Assets/Resources/Art/Anim/player_T_guerilla.controller
D5	player_T_guerilla.controller/ref_reload_shotgun	入口与轮播	帧率/时长	原版 mdl 序列帧数与 fps（出处：原版资源/cs16src/cs16_anim.py）	序列资产 client/Assets/Resources/Art/Anim/player_T_guerilla_ref_reload_shotgun.anim	一致	client/Assets/Resources/Art/Anim/player_T_guerilla.controller
D5	player_T_guerilla.controller/ref_shoot_ak47	入口与轮播	帧率/时长	原版 mdl 序列帧数与 fps（出处：原版资源/cs16src/cs16_anim.py）	序列资产 client/Assets/Resources/Art/Anim/player_T_guerilla_ref_shoot_ak47.anim	一致	client/Assets/Resources/Art/Anim/player_T_guerilla.controller
D5	player_T_guerilla.controller/ref_shoot_c4	入口与轮播	帧率/时长	原版 mdl 序列帧数与 fps（出处：原版资源/cs16src/cs16_anim.py）	序列资产 client/Assets/Resources/Art/Anim/player_T_guerilla_ref_shoot_c4.anim	一致	client/Assets/Resources/Art/Anim/player_T_guerilla.controller
D5	player_T_guerilla.controller/ref_shoot_carbine	入口与轮播	帧率/时长	原版 mdl 序列帧数与 fps（出处：原版资源/cs16src/cs16_anim.py）	序列资产 client/Assets/Resources/Art/Anim/player_T_guerilla_ref_shoot_carbine.anim	一致	client/Assets/Resources/Art/Anim/player_T_guerilla.controller
D5	player_T_guerilla.controller/ref_shoot_dualpistols_1	入口与轮播	帧率/时长	原版 mdl 序列帧数与 fps（出处：原版资源/cs16src/cs16_anim.py）	序列资产 client/Assets/Resources/Art/Anim/player_T_guerilla_ref_shoot_dualpistols_1.anim	一致	client/Assets/Resources/Art/Anim/player_T_guerilla.controller
D5	player_T_guerilla.controller/ref_shoot_grenade	入口与轮播	帧率/时长	原版 mdl 序列帧数与 fps（出处：原版资源/cs16src/cs16_anim.py）	序列资产 client/Assets/Resources/Art/Anim/player_T_guerilla_ref_shoot_grenade.anim	一致	client/Assets/Resources/Art/Anim/player_T_guerilla.controller
D5	player_T_guerilla.controller/ref_shoot_knife	入口与轮播	帧率/时长	原版 mdl 序列帧数与 fps（出处：原版资源/cs16src/cs16_anim.py）	序列资产 client/Assets/Resources/Art/Anim/player_T_guerilla_ref_shoot_knife.anim	一致	client/Assets/Resources/Art/Anim/player_T_guerilla.controller
D5	player_T_guerilla.controller/ref_shoot_m249	入口与轮播	帧率/时长	原版 mdl 序列帧数与 fps（出处：原版资源/cs16src/cs16_anim.py）	序列资产 client/Assets/Resources/Art/Anim/player_T_guerilla_ref_shoot_m249.anim	一致	client/Assets/Resources/Art/Anim/player_T_guerilla.controller
D5	player_T_guerilla.controller/ref_shoot_mp5	入口与轮播	帧率/时长	原版 mdl 序列帧数与 fps（出处：原版资源/cs16src/cs16_anim.py）	序列资产 client/Assets/Resources/Art/Anim/player_T_guerilla_ref_shoot_mp5.anim	一致	client/Assets/Resources/Art/Anim/player_T_guerilla.controller
D5	player_T_guerilla.controller/ref_shoot_onehanded	入口与轮播	帧率/时长	原版 mdl 序列帧数与 fps（出处：原版资源/cs16src/cs16_anim.py）	序列资产 client/Assets/Resources/Art/Anim/player_T_guerilla_ref_shoot_onehanded.anim	一致	client/Assets/Resources/Art/Anim/player_T_guerilla.controller
D5	player_T_guerilla.controller/ref_shoot_rifle	入口与轮播	帧率/时长	原版 mdl 序列帧数与 fps（出处：原版资源/cs16src/cs16_anim.py）	序列资产 client/Assets/Resources/Art/Anim/player_T_guerilla_ref_shoot_rifle.anim	一致	client/Assets/Resources/Art/Anim/player_T_guerilla.controller
D5	player_T_guerilla.controller/ref_shoot_shotgun	入口与轮播	帧率/时长	原版 mdl 序列帧数与 fps（出处：原版资源/cs16src/cs16_anim.py）	序列资产 client/Assets/Resources/Art/Anim/player_T_guerilla_ref_shoot_shotgun.anim	一致	client/Assets/Resources/Art/Anim/player_T_guerilla.controller
D5	player_T_guerilla.controller/run	入口与轮播	帧率/时长	原版 mdl 序列帧数与 fps（出处：原版资源/cs16src/cs16_anim.py）	序列资产 client/Assets/Resources/Art/Anim/player_T_guerilla_run.anim	一致	client/Assets/Resources/Art/Anim/player_T_guerilla.controller
D5	player_T_guerilla.controller/walk	入口与轮播	帧率/时长	原版 mdl 序列帧数与 fps（出处：原版资源/cs16src/cs16_anim.py）	序列资产 client/Assets/Resources/Art/Anim/player_T_guerilla_walk.anim	一致	client/Assets/Resources/Art/Anim/player_T_guerilla.controller
D5	player_T_leet.controller/crouch_idle	入口与轮播	帧率/时长	原版 mdl 序列帧数与 fps（出处：原版资源/cs16src/cs16_anim.py）	序列资产 client/Assets/Resources/Art/Anim/player_T_leet_crouch_idle.anim	一致	client/Assets/Resources/Art/Anim/player_T_leet.controller
D5	player_T_leet.controller/crouch_reload_carbine	入口与轮播	帧率/时长	原版 mdl 序列帧数与 fps（出处：原版资源/cs16src/cs16_anim.py）	序列资产 client/Assets/Resources/Art/Anim/player_T_leet_crouch_reload_carbine.anim	一致	client/Assets/Resources/Art/Anim/player_T_leet.controller
D5	player_T_leet.controller/crouch_reload_dualpistols_1	入口与轮播	帧率/时长	原版 mdl 序列帧数与 fps（出处：原版资源/cs16src/cs16_anim.py）	序列资产 client/Assets/Resources/Art/Anim/player_T_leet_crouch_reload_dualpistols_1.anim	一致	client/Assets/Resources/Art/Anim/player_T_leet.controller
D5	player_T_leet.controller/crouch_reload_m249	入口与轮播	帧率/时长	原版 mdl 序列帧数与 fps（出处：原版资源/cs16src/cs16_anim.py）	序列资产 client/Assets/Resources/Art/Anim/player_T_leet_crouch_reload_m249.anim	一致	client/Assets/Resources/Art/Anim/player_T_leet.controller
D5	player_T_leet.controller/crouch_reload_mp5	入口与轮播	帧率/时长	原版 mdl 序列帧数与 fps（出处：原版资源/cs16src/cs16_anim.py）	序列资产 client/Assets/Resources/Art/Anim/player_T_leet_crouch_reload_mp5.anim	一致	client/Assets/Resources/Art/Anim/player_T_leet.controller
D5	player_T_leet.controller/crouch_reload_onehanded	入口与轮播	帧率/时长	原版 mdl 序列帧数与 fps（出处：原版资源/cs16src/cs16_anim.py）	序列资产 client/Assets/Resources/Art/Anim/player_T_leet_crouch_reload_onehanded.anim	一致	client/Assets/Resources/Art/Anim/player_T_leet.controller
D5	player_T_leet.controller/crouch_reload_rifle	入口与轮播	帧率/时长	原版 mdl 序列帧数与 fps（出处：原版资源/cs16src/cs16_anim.py）	序列资产 client/Assets/Resources/Art/Anim/player_T_leet_crouch_reload_rifle.anim	一致	client/Assets/Resources/Art/Anim/player_T_leet.controller
D5	player_T_leet.controller/crouch_reload_shotgun	入口与轮播	帧率/时长	原版 mdl 序列帧数与 fps（出处：原版资源/cs16src/cs16_anim.py）	序列资产 client/Assets/Resources/Art/Anim/player_T_leet_crouch_reload_shotgun.anim	一致	client/Assets/Resources/Art/Anim/player_T_leet.controller
D5	player_T_leet.controller/crouch_shoot_ak47	入口与轮播	帧率/时长	原版 mdl 序列帧数与 fps（出处：原版资源/cs16src/cs16_anim.py）	序列资产 client/Assets/Resources/Art/Anim/player_T_leet_crouch_shoot_ak47.anim	一致	client/Assets/Resources/Art/Anim/player_T_leet.controller
D5	player_T_leet.controller/crouch_shoot_c4	入口与轮播	帧率/时长	原版 mdl 序列帧数与 fps（出处：原版资源/cs16src/cs16_anim.py）	序列资产 client/Assets/Resources/Art/Anim/player_T_leet_crouch_shoot_c4.anim	一致	client/Assets/Resources/Art/Anim/player_T_leet.controller
D5	player_T_leet.controller/crouch_shoot_carbine	入口与轮播	帧率/时长	原版 mdl 序列帧数与 fps（出处：原版资源/cs16src/cs16_anim.py）	序列资产 client/Assets/Resources/Art/Anim/player_T_leet_crouch_shoot_carbine.anim	一致	client/Assets/Resources/Art/Anim/player_T_leet.controller
D5	player_T_leet.controller/crouch_shoot_dualpistols_1	入口与轮播	帧率/时长	原版 mdl 序列帧数与 fps（出处：原版资源/cs16src/cs16_anim.py）	序列资产 client/Assets/Resources/Art/Anim/player_T_leet_crouch_shoot_dualpistols_1.anim	一致	client/Assets/Resources/Art/Anim/player_T_leet.controller
D5	player_T_leet.controller/crouch_shoot_grenade	入口与轮播	帧率/时长	原版 mdl 序列帧数与 fps（出处：原版资源/cs16src/cs16_anim.py）	序列资产 client/Assets/Resources/Art/Anim/player_T_leet_crouch_shoot_grenade.anim	一致	client/Assets/Resources/Art/Anim/player_T_leet.controller
D5	player_T_leet.controller/crouch_shoot_knife	入口与轮播	帧率/时长	原版 mdl 序列帧数与 fps（出处：原版资源/cs16src/cs16_anim.py）	序列资产 client/Assets/Resources/Art/Anim/player_T_leet_crouch_shoot_knife.anim	一致	client/Assets/Resources/Art/Anim/player_T_leet.controller
D5	player_T_leet.controller/crouch_shoot_m249	入口与轮播	帧率/时长	原版 mdl 序列帧数与 fps（出处：原版资源/cs16src/cs16_anim.py）	序列资产 client/Assets/Resources/Art/Anim/player_T_leet_crouch_shoot_m249.anim	一致	client/Assets/Resources/Art/Anim/player_T_leet.controller
D5	player_T_leet.controller/crouch_shoot_mp5	入口与轮播	帧率/时长	原版 mdl 序列帧数与 fps（出处：原版资源/cs16src/cs16_anim.py）	序列资产 client/Assets/Resources/Art/Anim/player_T_leet_crouch_shoot_mp5.anim	一致	client/Assets/Resources/Art/Anim/player_T_leet.controller
D5	player_T_leet.controller/crouch_shoot_onehanded	入口与轮播	帧率/时长	原版 mdl 序列帧数与 fps（出处：原版资源/cs16src/cs16_anim.py）	序列资产 client/Assets/Resources/Art/Anim/player_T_leet_crouch_shoot_onehanded.anim	一致	client/Assets/Resources/Art/Anim/player_T_leet.controller
D5	player_T_leet.controller/crouch_shoot_rifle	入口与轮播	帧率/时长	原版 mdl 序列帧数与 fps（出处：原版资源/cs16src/cs16_anim.py）	序列资产 client/Assets/Resources/Art/Anim/player_T_leet_crouch_shoot_rifle.anim	一致	client/Assets/Resources/Art/Anim/player_T_leet.controller
D5	player_T_leet.controller/crouch_shoot_shotgun	入口与轮播	帧率/时长	原版 mdl 序列帧数与 fps（出处：原版资源/cs16src/cs16_anim.py）	序列资产 client/Assets/Resources/Art/Anim/player_T_leet_crouch_shoot_shotgun.anim	一致	client/Assets/Resources/Art/Anim/player_T_leet.controller
D5	player_T_leet.controller/crouchrun	入口与轮播	帧率/时长	原版 mdl 序列帧数与 fps（出处：原版资源/cs16src/cs16_anim.py）	序列资产 client/Assets/Resources/Art/Anim/player_T_leet_crouchrun.anim	一致	client/Assets/Resources/Art/Anim/player_T_leet.controller
D5	player_T_leet.controller/death1	入口与轮播	帧率/时长	原版 mdl 序列帧数与 fps（出处：原版资源/cs16src/cs16_anim.py）	序列资产 client/Assets/Resources/Art/Anim/player_T_leet_death1.anim	一致	client/Assets/Resources/Art/Anim/player_T_leet.controller
D5	player_T_leet.controller/death2	入口与轮播	帧率/时长	原版 mdl 序列帧数与 fps（出处：原版资源/cs16src/cs16_anim.py）	序列资产 client/Assets/Resources/Art/Anim/player_T_leet_death2.anim	一致	client/Assets/Resources/Art/Anim/player_T_leet.controller
D5	player_T_leet.controller/death3	入口与轮播	帧率/时长	原版 mdl 序列帧数与 fps（出处：原版资源/cs16src/cs16_anim.py）	序列资产 client/Assets/Resources/Art/Anim/player_T_leet_death3.anim	一致	client/Assets/Resources/Art/Anim/player_T_leet.controller
D5	player_T_leet.controller/idle1	入口与轮播	帧率/时长	原版 mdl 序列帧数与 fps（出处：原版资源/cs16src/cs16_anim.py）	序列资产 client/Assets/Resources/Art/Anim/player_T_leet_idle1.anim	一致	client/Assets/Resources/Art/Anim/player_T_leet.controller
D5	player_T_leet.controller/jump	入口与轮播	帧率/时长	原版 mdl 序列帧数与 fps（出处：原版资源/cs16src/cs16_anim.py）	序列资产 client/Assets/Resources/Art/Anim/player_T_leet_jump.anim	一致	client/Assets/Resources/Art/Anim/player_T_leet.controller
D5	player_T_leet.controller/ref_reload_c4	入口与轮播	帧率/时长	原版 mdl 序列帧数与 fps（出处：原版资源/cs16src/cs16_anim.py）	序列资产 client/Assets/Resources/Art/Anim/player_T_leet_ref_reload_c4.anim	一致	client/Assets/Resources/Art/Anim/player_T_leet.controller
D5	player_T_leet.controller/ref_reload_carbine	入口与轮播	帧率/时长	原版 mdl 序列帧数与 fps（出处：原版资源/cs16src/cs16_anim.py）	序列资产 client/Assets/Resources/Art/Anim/player_T_leet_ref_reload_carbine.anim	一致	client/Assets/Resources/Art/Anim/player_T_leet.controller
D5	player_T_leet.controller/ref_reload_dualpistols_1	入口与轮播	帧率/时长	原版 mdl 序列帧数与 fps（出处：原版资源/cs16src/cs16_anim.py）	序列资产 client/Assets/Resources/Art/Anim/player_T_leet_ref_reload_dualpistols_1.anim	一致	client/Assets/Resources/Art/Anim/player_T_leet.controller
D5	player_T_leet.controller/ref_reload_m249	入口与轮播	帧率/时长	原版 mdl 序列帧数与 fps（出处：原版资源/cs16src/cs16_anim.py）	序列资产 client/Assets/Resources/Art/Anim/player_T_leet_ref_reload_m249.anim	一致	client/Assets/Resources/Art/Anim/player_T_leet.controller
D5	player_T_leet.controller/ref_reload_mp5	入口与轮播	帧率/时长	原版 mdl 序列帧数与 fps（出处：原版资源/cs16src/cs16_anim.py）	序列资产 client/Assets/Resources/Art/Anim/player_T_leet_ref_reload_mp5.anim	一致	client/Assets/Resources/Art/Anim/player_T_leet.controller
D5	player_T_leet.controller/ref_reload_onehanded	入口与轮播	帧率/时长	原版 mdl 序列帧数与 fps（出处：原版资源/cs16src/cs16_anim.py）	序列资产 client/Assets/Resources/Art/Anim/player_T_leet_ref_reload_onehanded.anim	一致	client/Assets/Resources/Art/Anim/player_T_leet.controller
D5	player_T_leet.controller/ref_reload_rifle	入口与轮播	帧率/时长	原版 mdl 序列帧数与 fps（出处：原版资源/cs16src/cs16_anim.py）	序列资产 client/Assets/Resources/Art/Anim/player_T_leet_ref_reload_rifle.anim	一致	client/Assets/Resources/Art/Anim/player_T_leet.controller
D5	player_T_leet.controller/ref_reload_shotgun	入口与轮播	帧率/时长	原版 mdl 序列帧数与 fps（出处：原版资源/cs16src/cs16_anim.py）	序列资产 client/Assets/Resources/Art/Anim/player_T_leet_ref_reload_shotgun.anim	一致	client/Assets/Resources/Art/Anim/player_T_leet.controller
D5	player_T_leet.controller/ref_shoot_ak47	入口与轮播	帧率/时长	原版 mdl 序列帧数与 fps（出处：原版资源/cs16src/cs16_anim.py）	序列资产 client/Assets/Resources/Art/Anim/player_T_leet_ref_shoot_ak47.anim	一致	client/Assets/Resources/Art/Anim/player_T_leet.controller
D5	player_T_leet.controller/ref_shoot_c4	入口与轮播	帧率/时长	原版 mdl 序列帧数与 fps（出处：原版资源/cs16src/cs16_anim.py）	序列资产 client/Assets/Resources/Art/Anim/player_T_leet_ref_shoot_c4.anim	一致	client/Assets/Resources/Art/Anim/player_T_leet.controller
D5	player_T_leet.controller/ref_shoot_carbine	入口与轮播	帧率/时长	原版 mdl 序列帧数与 fps（出处：原版资源/cs16src/cs16_anim.py）	序列资产 client/Assets/Resources/Art/Anim/player_T_leet_ref_shoot_carbine.anim	一致	client/Assets/Resources/Art/Anim/player_T_leet.controller
D5	player_T_leet.controller/ref_shoot_dualpistols_1	入口与轮播	帧率/时长	原版 mdl 序列帧数与 fps（出处：原版资源/cs16src/cs16_anim.py）	序列资产 client/Assets/Resources/Art/Anim/player_T_leet_ref_shoot_dualpistols_1.anim	一致	client/Assets/Resources/Art/Anim/player_T_leet.controller
D5	player_T_leet.controller/ref_shoot_grenade	入口与轮播	帧率/时长	原版 mdl 序列帧数与 fps（出处：原版资源/cs16src/cs16_anim.py）	序列资产 client/Assets/Resources/Art/Anim/player_T_leet_ref_shoot_grenade.anim	一致	client/Assets/Resources/Art/Anim/player_T_leet.controller
D5	player_T_leet.controller/ref_shoot_knife	入口与轮播	帧率/时长	原版 mdl 序列帧数与 fps（出处：原版资源/cs16src/cs16_anim.py）	序列资产 client/Assets/Resources/Art/Anim/player_T_leet_ref_shoot_knife.anim	一致	client/Assets/Resources/Art/Anim/player_T_leet.controller
D5	player_T_leet.controller/ref_shoot_m249	入口与轮播	帧率/时长	原版 mdl 序列帧数与 fps（出处：原版资源/cs16src/cs16_anim.py）	序列资产 client/Assets/Resources/Art/Anim/player_T_leet_ref_shoot_m249.anim	一致	client/Assets/Resources/Art/Anim/player_T_leet.controller
D5	player_T_leet.controller/ref_shoot_mp5	入口与轮播	帧率/时长	原版 mdl 序列帧数与 fps（出处：原版资源/cs16src/cs16_anim.py）	序列资产 client/Assets/Resources/Art/Anim/player_T_leet_ref_shoot_mp5.anim	一致	client/Assets/Resources/Art/Anim/player_T_leet.controller
D5	player_T_leet.controller/ref_shoot_onehanded	入口与轮播	帧率/时长	原版 mdl 序列帧数与 fps（出处：原版资源/cs16src/cs16_anim.py）	序列资产 client/Assets/Resources/Art/Anim/player_T_leet_ref_shoot_onehanded.anim	一致	client/Assets/Resources/Art/Anim/player_T_leet.controller
D5	player_T_leet.controller/ref_shoot_rifle	入口与轮播	帧率/时长	原版 mdl 序列帧数与 fps（出处：原版资源/cs16src/cs16_anim.py）	序列资产 client/Assets/Resources/Art/Anim/player_T_leet_ref_shoot_rifle.anim	一致	client/Assets/Resources/Art/Anim/player_T_leet.controller
D5	player_T_leet.controller/ref_shoot_shotgun	入口与轮播	帧率/时长	原版 mdl 序列帧数与 fps（出处：原版资源/cs16src/cs16_anim.py）	序列资产 client/Assets/Resources/Art/Anim/player_T_leet_ref_shoot_shotgun.anim	一致	client/Assets/Resources/Art/Anim/player_T_leet.controller
D5	player_T_leet.controller/run	入口与轮播	帧率/时长	原版 mdl 序列帧数与 fps（出处：原版资源/cs16src/cs16_anim.py）	序列资产 client/Assets/Resources/Art/Anim/player_T_leet_run.anim	一致	client/Assets/Resources/Art/Anim/player_T_leet.controller
D5	player_T_leet.controller/walk	入口与轮播	帧率/时长	原版 mdl 序列帧数与 fps（出处：原版资源/cs16src/cs16_anim.py）	序列资产 client/Assets/Resources/Art/Anim/player_T_leet_walk.anim	一致	client/Assets/Resources/Art/Anim/player_T_leet.controller
D5	vm_ak47.controller/draw	入口与轮播	帧率/时长	原版 mdl 序列帧数与 fps（出处：原版资源/cs16src/cs16_anim.py）	序列资产 client/Assets/Resources/Art/Anim/vm_ak47_draw.anim	一致	client/Assets/Resources/Art/Anim/vm_ak47.controller
D5	vm_ak47.controller/fire1	入口与轮播	帧率/时长	原版 mdl 序列帧数与 fps（出处：原版资源/cs16src/cs16_anim.py）	序列资产 client/Assets/Resources/Art/Anim/vm_ak47_fire1.anim	一致	client/Assets/Resources/Art/Anim/vm_ak47.controller
D5	vm_ak47.controller/fire2	入口与轮播	帧率/时长	原版 mdl 序列帧数与 fps（出处：原版资源/cs16src/cs16_anim.py）	序列资产 client/Assets/Resources/Art/Anim/vm_ak47_fire2.anim	一致	client/Assets/Resources/Art/Anim/vm_ak47.controller
D5	vm_ak47.controller/fire3	入口与轮播	帧率/时长	原版 mdl 序列帧数与 fps（出处：原版资源/cs16src/cs16_anim.py）	序列资产 client/Assets/Resources/Art/Anim/vm_ak47_fire3.anim	一致	client/Assets/Resources/Art/Anim/vm_ak47.controller
D5	vm_ak47.controller/firelast	入口与轮播	帧率/时长	原版 mdl 序列帧数与 fps（出处：原版资源/cs16src/cs16_anim.py）	序列资产 client/Assets/Resources/Art/Anim/vm_ak47_firelast.anim	一致	client/Assets/Resources/Art/Anim/vm_ak47.controller
D5	vm_ak47.controller/idle	入口与轮播	帧率/时长	原版 mdl 序列帧数与 fps（出处：原版资源/cs16src/cs16_anim.py）	序列资产 client/Assets/Resources/Art/Anim/vm_ak47_idle.anim	一致	client/Assets/Resources/Art/Anim/vm_ak47.controller
D5	vm_ak47.controller/reload	入口与轮播	帧率/时长	原版 mdl 序列帧数与 fps（出处：原版资源/cs16src/cs16_anim.py）	序列资产 client/Assets/Resources/Art/Anim/vm_ak47_reload.anim	一致	client/Assets/Resources/Art/Anim/vm_ak47.controller
D5	vm_aug.controller/draw	入口与轮播	帧率/时长	原版 mdl 序列帧数与 fps（出处：原版资源/cs16src/cs16_anim.py）	序列资产 client/Assets/Resources/Art/Anim/vm_aug_draw.anim	一致	client/Assets/Resources/Art/Anim/vm_aug.controller
D5	vm_aug.controller/fire1	入口与轮播	帧率/时长	原版 mdl 序列帧数与 fps（出处：原版资源/cs16src/cs16_anim.py）	序列资产 client/Assets/Resources/Art/Anim/vm_aug_fire1.anim	一致	client/Assets/Resources/Art/Anim/vm_aug.controller
D5	vm_aug.controller/fire2	入口与轮播	帧率/时长	原版 mdl 序列帧数与 fps（出处：原版资源/cs16src/cs16_anim.py）	序列资产 client/Assets/Resources/Art/Anim/vm_aug_fire2.anim	一致	client/Assets/Resources/Art/Anim/vm_aug.controller
D5	vm_aug.controller/fire3	入口与轮播	帧率/时长	原版 mdl 序列帧数与 fps（出处：原版资源/cs16src/cs16_anim.py）	序列资产 client/Assets/Resources/Art/Anim/vm_aug_fire3.anim	一致	client/Assets/Resources/Art/Anim/vm_aug.controller
D5	vm_aug.controller/firelast	入口与轮播	帧率/时长	原版 mdl 序列帧数与 fps（出处：原版资源/cs16src/cs16_anim.py）	序列资产 client/Assets/Resources/Art/Anim/vm_aug_firelast.anim	一致	client/Assets/Resources/Art/Anim/vm_aug.controller
D5	vm_aug.controller/idle	入口与轮播	帧率/时长	原版 mdl 序列帧数与 fps（出处：原版资源/cs16src/cs16_anim.py）	序列资产 client/Assets/Resources/Art/Anim/vm_aug_idle.anim	一致	client/Assets/Resources/Art/Anim/vm_aug.controller
D5	vm_aug.controller/reload	入口与轮播	帧率/时长	原版 mdl 序列帧数与 fps（出处：原版资源/cs16src/cs16_anim.py）	序列资产 client/Assets/Resources/Art/Anim/vm_aug_reload.anim	一致	client/Assets/Resources/Art/Anim/vm_aug.controller
D5	vm_awp.controller/draw	入口与轮播	帧率/时长	原版 mdl 序列帧数与 fps（出处：原版资源/cs16src/cs16_anim.py）	序列资产 client/Assets/Resources/Art/Anim/vm_awp_draw.anim	一致	client/Assets/Resources/Art/Anim/vm_awp.controller
D5	vm_awp.controller/fire1	入口与轮播	帧率/时长	原版 mdl 序列帧数与 fps（出处：原版资源/cs16src/cs16_anim.py）	序列资产 client/Assets/Resources/Art/Anim/vm_awp_fire1.anim	一致	client/Assets/Resources/Art/Anim/vm_awp.controller
D5	vm_awp.controller/fire2	入口与轮播	帧率/时长	原版 mdl 序列帧数与 fps（出处：原版资源/cs16src/cs16_anim.py）	序列资产 client/Assets/Resources/Art/Anim/vm_awp_fire2.anim	一致	client/Assets/Resources/Art/Anim/vm_awp.controller
D5	vm_awp.controller/fire3	入口与轮播	帧率/时长	原版 mdl 序列帧数与 fps（出处：原版资源/cs16src/cs16_anim.py）	序列资产 client/Assets/Resources/Art/Anim/vm_awp_fire3.anim	一致	client/Assets/Resources/Art/Anim/vm_awp.controller
D5	vm_awp.controller/firelast	入口与轮播	帧率/时长	原版 mdl 序列帧数与 fps（出处：原版资源/cs16src/cs16_anim.py）	序列资产 client/Assets/Resources/Art/Anim/vm_awp_firelast.anim	一致	client/Assets/Resources/Art/Anim/vm_awp.controller
D5	vm_awp.controller/idle	入口与轮播	帧率/时长	原版 mdl 序列帧数与 fps（出处：原版资源/cs16src/cs16_anim.py）	序列资产 client/Assets/Resources/Art/Anim/vm_awp_idle.anim	一致	client/Assets/Resources/Art/Anim/vm_awp.controller
D5	vm_awp.controller/reload	入口与轮播	帧率/时长	原版 mdl 序列帧数与 fps（出处：原版资源/cs16src/cs16_anim.py）	序列资产 client/Assets/Resources/Art/Anim/vm_awp_reload.anim	一致	client/Assets/Resources/Art/Anim/vm_awp.controller
D5	vm_c4.controller/draw	入口与轮播	帧率/时长	原版 mdl 序列帧数与 fps（出处：原版资源/cs16src/cs16_anim.py）	序列资产 client/Assets/Resources/Art/Anim/vm_c4_draw.anim	一致	client/Assets/Resources/Art/Anim/vm_c4.controller
D5	vm_c4.controller/fire1	入口与轮播	帧率/时长	原版 mdl 序列帧数与 fps（出处：原版资源/cs16src/cs16_anim.py）	序列资产 client/Assets/Resources/Art/Anim/vm_c4_fire1.anim	一致	client/Assets/Resources/Art/Anim/vm_c4.controller
D5	vm_c4.controller/fire2	入口与轮播	帧率/时长	原版 mdl 序列帧数与 fps（出处：原版资源/cs16src/cs16_anim.py）	序列资产 client/Assets/Resources/Art/Anim/vm_c4_fire2.anim	一致	client/Assets/Resources/Art/Anim/vm_c4.controller
D5	vm_c4.controller/fire3	入口与轮播	帧率/时长	原版 mdl 序列帧数与 fps（出处：原版资源/cs16src/cs16_anim.py）	序列资产 client/Assets/Resources/Art/Anim/vm_c4_fire3.anim	一致	client/Assets/Resources/Art/Anim/vm_c4.controller
D5	vm_c4.controller/firelast	入口与轮播	帧率/时长	原版 mdl 序列帧数与 fps（出处：原版资源/cs16src/cs16_anim.py）	序列资产 client/Assets/Resources/Art/Anim/vm_c4_firelast.anim	一致	client/Assets/Resources/Art/Anim/vm_c4.controller
D5	vm_c4.controller/idle	入口与轮播	帧率/时长	原版 mdl 序列帧数与 fps（出处：原版资源/cs16src/cs16_anim.py）	序列资产 client/Assets/Resources/Art/Anim/vm_c4_idle.anim	一致	client/Assets/Resources/Art/Anim/vm_c4.controller
D5	vm_deagle.controller/draw	入口与轮播	帧率/时长	原版 mdl 序列帧数与 fps（出处：原版资源/cs16src/cs16_anim.py）	序列资产 client/Assets/Resources/Art/Anim/vm_deagle_draw.anim	一致	client/Assets/Resources/Art/Anim/vm_deagle.controller
D5	vm_deagle.controller/fire1	入口与轮播	帧率/时长	原版 mdl 序列帧数与 fps（出处：原版资源/cs16src/cs16_anim.py）	序列资产 client/Assets/Resources/Art/Anim/vm_deagle_fire1.anim	一致	client/Assets/Resources/Art/Anim/vm_deagle.controller
D5	vm_deagle.controller/fire2	入口与轮播	帧率/时长	原版 mdl 序列帧数与 fps（出处：原版资源/cs16src/cs16_anim.py）	序列资产 client/Assets/Resources/Art/Anim/vm_deagle_fire2.anim	一致	client/Assets/Resources/Art/Anim/vm_deagle.controller
D5	vm_deagle.controller/fire3	入口与轮播	帧率/时长	原版 mdl 序列帧数与 fps（出处：原版资源/cs16src/cs16_anim.py）	序列资产 client/Assets/Resources/Art/Anim/vm_deagle_fire3.anim	一致	client/Assets/Resources/Art/Anim/vm_deagle.controller
D5	vm_deagle.controller/firelast	入口与轮播	帧率/时长	原版 mdl 序列帧数与 fps（出处：原版资源/cs16src/cs16_anim.py）	序列资产 client/Assets/Resources/Art/Anim/vm_deagle_firelast.anim	一致	client/Assets/Resources/Art/Anim/vm_deagle.controller
D5	vm_deagle.controller/idle	入口与轮播	帧率/时长	原版 mdl 序列帧数与 fps（出处：原版资源/cs16src/cs16_anim.py）	序列资产 client/Assets/Resources/Art/Anim/vm_deagle_idle.anim	一致	client/Assets/Resources/Art/Anim/vm_deagle.controller
D5	vm_deagle.controller/reload	入口与轮播	帧率/时长	原版 mdl 序列帧数与 fps（出处：原版资源/cs16src/cs16_anim.py）	序列资产 client/Assets/Resources/Art/Anim/vm_deagle_reload.anim	一致	client/Assets/Resources/Art/Anim/vm_deagle.controller
D5	vm_elite.controller/draw	入口与轮播	帧率/时长	原版 mdl 序列帧数与 fps（出处：原版资源/cs16src/cs16_anim.py）	序列资产 client/Assets/Resources/Art/Anim/vm_elite_draw.anim	一致	client/Assets/Resources/Art/Anim/vm_elite.controller
D5	vm_elite.controller/fire1	入口与轮播	帧率/时长	原版 mdl 序列帧数与 fps（出处：原版资源/cs16src/cs16_anim.py）	序列资产 client/Assets/Resources/Art/Anim/vm_elite_fire1.anim	一致	client/Assets/Resources/Art/Anim/vm_elite.controller
D5	vm_elite.controller/fire2	入口与轮播	帧率/时长	原版 mdl 序列帧数与 fps（出处：原版资源/cs16src/cs16_anim.py）	序列资产 client/Assets/Resources/Art/Anim/vm_elite_fire2.anim	一致	client/Assets/Resources/Art/Anim/vm_elite.controller
D5	vm_elite.controller/fire3	入口与轮播	帧率/时长	原版 mdl 序列帧数与 fps（出处：原版资源/cs16src/cs16_anim.py）	序列资产 client/Assets/Resources/Art/Anim/vm_elite_fire3.anim	一致	client/Assets/Resources/Art/Anim/vm_elite.controller
D5	vm_elite.controller/firelast	入口与轮播	帧率/时长	原版 mdl 序列帧数与 fps（出处：原版资源/cs16src/cs16_anim.py）	序列资产 client/Assets/Resources/Art/Anim/vm_elite_firelast.anim	一致	client/Assets/Resources/Art/Anim/vm_elite.controller
D5	vm_elite.controller/idle	入口与轮播	帧率/时长	原版 mdl 序列帧数与 fps（出处：原版资源/cs16src/cs16_anim.py）	序列资产 client/Assets/Resources/Art/Anim/vm_elite_idle.anim	一致	client/Assets/Resources/Art/Anim/vm_elite.controller
D5	vm_elite.controller/reload	入口与轮播	帧率/时长	原版 mdl 序列帧数与 fps（出处：原版资源/cs16src/cs16_anim.py）	序列资产 client/Assets/Resources/Art/Anim/vm_elite_reload.anim	一致	client/Assets/Resources/Art/Anim/vm_elite.controller
D5	vm_famas.controller/draw	入口与轮播	帧率/时长	原版 mdl 序列帧数与 fps（出处：原版资源/cs16src/cs16_anim.py）	序列资产 client/Assets/Resources/Art/Anim/vm_famas_draw.anim	一致	client/Assets/Resources/Art/Anim/vm_famas.controller
D5	vm_famas.controller/fire1	入口与轮播	帧率/时长	原版 mdl 序列帧数与 fps（出处：原版资源/cs16src/cs16_anim.py）	序列资产 client/Assets/Resources/Art/Anim/vm_famas_fire1.anim	一致	client/Assets/Resources/Art/Anim/vm_famas.controller
D5	vm_famas.controller/fire2	入口与轮播	帧率/时长	原版 mdl 序列帧数与 fps（出处：原版资源/cs16src/cs16_anim.py）	序列资产 client/Assets/Resources/Art/Anim/vm_famas_fire2.anim	一致	client/Assets/Resources/Art/Anim/vm_famas.controller
D5	vm_famas.controller/fire3	入口与轮播	帧率/时长	原版 mdl 序列帧数与 fps（出处：原版资源/cs16src/cs16_anim.py）	序列资产 client/Assets/Resources/Art/Anim/vm_famas_fire3.anim	一致	client/Assets/Resources/Art/Anim/vm_famas.controller
D5	vm_famas.controller/firelast	入口与轮播	帧率/时长	原版 mdl 序列帧数与 fps（出处：原版资源/cs16src/cs16_anim.py）	序列资产 client/Assets/Resources/Art/Anim/vm_famas_firelast.anim	一致	client/Assets/Resources/Art/Anim/vm_famas.controller
D5	vm_famas.controller/idle	入口与轮播	帧率/时长	原版 mdl 序列帧数与 fps（出处：原版资源/cs16src/cs16_anim.py）	序列资产 client/Assets/Resources/Art/Anim/vm_famas_idle.anim	一致	client/Assets/Resources/Art/Anim/vm_famas.controller
D5	vm_famas.controller/reload	入口与轮播	帧率/时长	原版 mdl 序列帧数与 fps（出处：原版资源/cs16src/cs16_anim.py）	序列资产 client/Assets/Resources/Art/Anim/vm_famas_reload.anim	一致	client/Assets/Resources/Art/Anim/vm_famas.controller
D5	vm_fiveseven.controller/draw	入口与轮播	帧率/时长	原版 mdl 序列帧数与 fps（出处：原版资源/cs16src/cs16_anim.py）	序列资产 client/Assets/Resources/Art/Anim/vm_fiveseven_draw.anim	一致	client/Assets/Resources/Art/Anim/vm_fiveseven.controller
D5	vm_fiveseven.controller/fire1	入口与轮播	帧率/时长	原版 mdl 序列帧数与 fps（出处：原版资源/cs16src/cs16_anim.py）	序列资产 client/Assets/Resources/Art/Anim/vm_fiveseven_fire1.anim	一致	client/Assets/Resources/Art/Anim/vm_fiveseven.controller
D5	vm_fiveseven.controller/fire2	入口与轮播	帧率/时长	原版 mdl 序列帧数与 fps（出处：原版资源/cs16src/cs16_anim.py）	序列资产 client/Assets/Resources/Art/Anim/vm_fiveseven_fire2.anim	一致	client/Assets/Resources/Art/Anim/vm_fiveseven.controller
D5	vm_fiveseven.controller/fire3	入口与轮播	帧率/时长	原版 mdl 序列帧数与 fps（出处：原版资源/cs16src/cs16_anim.py）	序列资产 client/Assets/Resources/Art/Anim/vm_fiveseven_fire3.anim	一致	client/Assets/Resources/Art/Anim/vm_fiveseven.controller
D5	vm_fiveseven.controller/firelast	入口与轮播	帧率/时长	原版 mdl 序列帧数与 fps（出处：原版资源/cs16src/cs16_anim.py）	序列资产 client/Assets/Resources/Art/Anim/vm_fiveseven_firelast.anim	一致	client/Assets/Resources/Art/Anim/vm_fiveseven.controller
D5	vm_fiveseven.controller/idle	入口与轮播	帧率/时长	原版 mdl 序列帧数与 fps（出处：原版资源/cs16src/cs16_anim.py）	序列资产 client/Assets/Resources/Art/Anim/vm_fiveseven_idle.anim	一致	client/Assets/Resources/Art/Anim/vm_fiveseven.controller
D5	vm_fiveseven.controller/reload	入口与轮播	帧率/时长	原版 mdl 序列帧数与 fps（出处：原版资源/cs16src/cs16_anim.py）	序列资产 client/Assets/Resources/Art/Anim/vm_fiveseven_reload.anim	一致	client/Assets/Resources/Art/Anim/vm_fiveseven.controller
D5	vm_flashbang.controller/draw	入口与轮播	帧率/时长	原版 mdl 序列帧数与 fps（出处：原版资源/cs16src/cs16_anim.py）	序列资产 client/Assets/Resources/Art/Anim/vm_flashbang_draw.anim	一致	client/Assets/Resources/Art/Anim/vm_flashbang.controller
D5	vm_flashbang.controller/fire1	入口与轮播	帧率/时长	原版 mdl 序列帧数与 fps（出处：原版资源/cs16src/cs16_anim.py）	序列资产 client/Assets/Resources/Art/Anim/vm_flashbang_fire1.anim	一致	client/Assets/Resources/Art/Anim/vm_flashbang.controller
D5	vm_flashbang.controller/fire2	入口与轮播	帧率/时长	原版 mdl 序列帧数与 fps（出处：原版资源/cs16src/cs16_anim.py）	序列资产 client/Assets/Resources/Art/Anim/vm_flashbang_fire2.anim	一致	client/Assets/Resources/Art/Anim/vm_flashbang.controller
D5	vm_flashbang.controller/fire3	入口与轮播	帧率/时长	原版 mdl 序列帧数与 fps（出处：原版资源/cs16src/cs16_anim.py）	序列资产 client/Assets/Resources/Art/Anim/vm_flashbang_fire3.anim	一致	client/Assets/Resources/Art/Anim/vm_flashbang.controller
D5	vm_flashbang.controller/firelast	入口与轮播	帧率/时长	原版 mdl 序列帧数与 fps（出处：原版资源/cs16src/cs16_anim.py）	序列资产 client/Assets/Resources/Art/Anim/vm_flashbang_firelast.anim	一致	client/Assets/Resources/Art/Anim/vm_flashbang.controller
D5	vm_flashbang.controller/idle	入口与轮播	帧率/时长	原版 mdl 序列帧数与 fps（出处：原版资源/cs16src/cs16_anim.py）	序列资产 client/Assets/Resources/Art/Anim/vm_flashbang_idle.anim	一致	client/Assets/Resources/Art/Anim/vm_flashbang.controller
D5	vm_flashbang.controller/reload	入口与轮播	帧率/时长	原版 mdl 序列帧数与 fps（出处：原版资源/cs16src/cs16_anim.py）	序列资产 client/Assets/Resources/Art/Anim/vm_flashbang_reload.anim	一致	client/Assets/Resources/Art/Anim/vm_flashbang.controller
D5	vm_g3sg1.controller/draw	入口与轮播	帧率/时长	原版 mdl 序列帧数与 fps（出处：原版资源/cs16src/cs16_anim.py）	序列资产 client/Assets/Resources/Art/Anim/vm_g3sg1_draw.anim	一致	client/Assets/Resources/Art/Anim/vm_g3sg1.controller
D5	vm_g3sg1.controller/fire1	入口与轮播	帧率/时长	原版 mdl 序列帧数与 fps（出处：原版资源/cs16src/cs16_anim.py）	序列资产 client/Assets/Resources/Art/Anim/vm_g3sg1_fire1.anim	一致	client/Assets/Resources/Art/Anim/vm_g3sg1.controller
D5	vm_g3sg1.controller/fire2	入口与轮播	帧率/时长	原版 mdl 序列帧数与 fps（出处：原版资源/cs16src/cs16_anim.py）	序列资产 client/Assets/Resources/Art/Anim/vm_g3sg1_fire2.anim	一致	client/Assets/Resources/Art/Anim/vm_g3sg1.controller
D5	vm_g3sg1.controller/fire3	入口与轮播	帧率/时长	原版 mdl 序列帧数与 fps（出处：原版资源/cs16src/cs16_anim.py）	序列资产 client/Assets/Resources/Art/Anim/vm_g3sg1_fire3.anim	一致	client/Assets/Resources/Art/Anim/vm_g3sg1.controller
D5	vm_g3sg1.controller/firelast	入口与轮播	帧率/时长	原版 mdl 序列帧数与 fps（出处：原版资源/cs16src/cs16_anim.py）	序列资产 client/Assets/Resources/Art/Anim/vm_g3sg1_firelast.anim	一致	client/Assets/Resources/Art/Anim/vm_g3sg1.controller
D5	vm_g3sg1.controller/idle	入口与轮播	帧率/时长	原版 mdl 序列帧数与 fps（出处：原版资源/cs16src/cs16_anim.py）	序列资产 client/Assets/Resources/Art/Anim/vm_g3sg1_idle.anim	一致	client/Assets/Resources/Art/Anim/vm_g3sg1.controller
D5	vm_g3sg1.controller/reload	入口与轮播	帧率/时长	原版 mdl 序列帧数与 fps（出处：原版资源/cs16src/cs16_anim.py）	序列资产 client/Assets/Resources/Art/Anim/vm_g3sg1_reload.anim	一致	client/Assets/Resources/Art/Anim/vm_g3sg1.controller
D5	vm_galil.controller/draw	入口与轮播	帧率/时长	原版 mdl 序列帧数与 fps（出处：原版资源/cs16src/cs16_anim.py）	序列资产 client/Assets/Resources/Art/Anim/vm_galil_draw.anim	一致	client/Assets/Resources/Art/Anim/vm_galil.controller
D5	vm_galil.controller/fire1	入口与轮播	帧率/时长	原版 mdl 序列帧数与 fps（出处：原版资源/cs16src/cs16_anim.py）	序列资产 client/Assets/Resources/Art/Anim/vm_galil_fire1.anim	一致	client/Assets/Resources/Art/Anim/vm_galil.controller
D5	vm_galil.controller/fire2	入口与轮播	帧率/时长	原版 mdl 序列帧数与 fps（出处：原版资源/cs16src/cs16_anim.py）	序列资产 client/Assets/Resources/Art/Anim/vm_galil_fire2.anim	一致	client/Assets/Resources/Art/Anim/vm_galil.controller
D5	vm_galil.controller/fire3	入口与轮播	帧率/时长	原版 mdl 序列帧数与 fps（出处：原版资源/cs16src/cs16_anim.py）	序列资产 client/Assets/Resources/Art/Anim/vm_galil_fire3.anim	一致	client/Assets/Resources/Art/Anim/vm_galil.controller
D5	vm_galil.controller/firelast	入口与轮播	帧率/时长	原版 mdl 序列帧数与 fps（出处：原版资源/cs16src/cs16_anim.py）	序列资产 client/Assets/Resources/Art/Anim/vm_galil_firelast.anim	一致	client/Assets/Resources/Art/Anim/vm_galil.controller
D5	vm_galil.controller/idle	入口与轮播	帧率/时长	原版 mdl 序列帧数与 fps（出处：原版资源/cs16src/cs16_anim.py）	序列资产 client/Assets/Resources/Art/Anim/vm_galil_idle.anim	一致	client/Assets/Resources/Art/Anim/vm_galil.controller
D5	vm_galil.controller/reload	入口与轮播	帧率/时长	原版 mdl 序列帧数与 fps（出处：原版资源/cs16src/cs16_anim.py）	序列资产 client/Assets/Resources/Art/Anim/vm_galil_reload.anim	一致	client/Assets/Resources/Art/Anim/vm_galil.controller
D5	vm_glock18.controller/draw	入口与轮播	帧率/时长	原版 mdl 序列帧数与 fps（出处：原版资源/cs16src/cs16_anim.py）	序列资产 client/Assets/Resources/Art/Anim/vm_glock18_draw.anim	一致	client/Assets/Resources/Art/Anim/vm_glock18.controller
D5	vm_glock18.controller/fire1	入口与轮播	帧率/时长	原版 mdl 序列帧数与 fps（出处：原版资源/cs16src/cs16_anim.py）	序列资产 client/Assets/Resources/Art/Anim/vm_glock18_fire1.anim	一致	client/Assets/Resources/Art/Anim/vm_glock18.controller
D5	vm_glock18.controller/fire2	入口与轮播	帧率/时长	原版 mdl 序列帧数与 fps（出处：原版资源/cs16src/cs16_anim.py）	序列资产 client/Assets/Resources/Art/Anim/vm_glock18_fire2.anim	一致	client/Assets/Resources/Art/Anim/vm_glock18.controller
D5	vm_glock18.controller/fire3	入口与轮播	帧率/时长	原版 mdl 序列帧数与 fps（出处：原版资源/cs16src/cs16_anim.py）	序列资产 client/Assets/Resources/Art/Anim/vm_glock18_fire3.anim	一致	client/Assets/Resources/Art/Anim/vm_glock18.controller
D5	vm_glock18.controller/firelast	入口与轮播	帧率/时长	原版 mdl 序列帧数与 fps（出处：原版资源/cs16src/cs16_anim.py）	序列资产 client/Assets/Resources/Art/Anim/vm_glock18_firelast.anim	一致	client/Assets/Resources/Art/Anim/vm_glock18.controller
D5	vm_glock18.controller/idle	入口与轮播	帧率/时长	原版 mdl 序列帧数与 fps（出处：原版资源/cs16src/cs16_anim.py）	序列资产 client/Assets/Resources/Art/Anim/vm_glock18_idle.anim	一致	client/Assets/Resources/Art/Anim/vm_glock18.controller
D5	vm_glock18.controller/reload	入口与轮播	帧率/时长	原版 mdl 序列帧数与 fps（出处：原版资源/cs16src/cs16_anim.py）	序列资产 client/Assets/Resources/Art/Anim/vm_glock18_reload.anim	一致	client/Assets/Resources/Art/Anim/vm_glock18.controller
D5	vm_hegrenade.controller/draw	入口与轮播	帧率/时长	原版 mdl 序列帧数与 fps（出处：原版资源/cs16src/cs16_anim.py）	序列资产 client/Assets/Resources/Art/Anim/vm_hegrenade_draw.anim	一致	client/Assets/Resources/Art/Anim/vm_hegrenade.controller
D5	vm_hegrenade.controller/fire1	入口与轮播	帧率/时长	原版 mdl 序列帧数与 fps（出处：原版资源/cs16src/cs16_anim.py）	序列资产 client/Assets/Resources/Art/Anim/vm_hegrenade_fire1.anim	一致	client/Assets/Resources/Art/Anim/vm_hegrenade.controller
D5	vm_hegrenade.controller/fire2	入口与轮播	帧率/时长	原版 mdl 序列帧数与 fps（出处：原版资源/cs16src/cs16_anim.py）	序列资产 client/Assets/Resources/Art/Anim/vm_hegrenade_fire2.anim	一致	client/Assets/Resources/Art/Anim/vm_hegrenade.controller
D5	vm_hegrenade.controller/fire3	入口与轮播	帧率/时长	原版 mdl 序列帧数与 fps（出处：原版资源/cs16src/cs16_anim.py）	序列资产 client/Assets/Resources/Art/Anim/vm_hegrenade_fire3.anim	一致	client/Assets/Resources/Art/Anim/vm_hegrenade.controller
D5	vm_hegrenade.controller/firelast	入口与轮播	帧率/时长	原版 mdl 序列帧数与 fps（出处：原版资源/cs16src/cs16_anim.py）	序列资产 client/Assets/Resources/Art/Anim/vm_hegrenade_firelast.anim	一致	client/Assets/Resources/Art/Anim/vm_hegrenade.controller
D5	vm_hegrenade.controller/idle	入口与轮播	帧率/时长	原版 mdl 序列帧数与 fps（出处：原版资源/cs16src/cs16_anim.py）	序列资产 client/Assets/Resources/Art/Anim/vm_hegrenade_idle.anim	一致	client/Assets/Resources/Art/Anim/vm_hegrenade.controller
D5	vm_hegrenade.controller/reload	入口与轮播	帧率/时长	原版 mdl 序列帧数与 fps（出处：原版资源/cs16src/cs16_anim.py）	序列资产 client/Assets/Resources/Art/Anim/vm_hegrenade_reload.anim	一致	client/Assets/Resources/Art/Anim/vm_hegrenade.controller
D5	vm_knife.controller/draw	入口与轮播	帧率/时长	原版 mdl 序列帧数与 fps（出处：原版资源/cs16src/cs16_anim.py）	序列资产 client/Assets/Resources/Art/Anim/vm_knife_draw.anim	一致	client/Assets/Resources/Art/Anim/vm_knife.controller
D5	vm_knife.controller/fire1	入口与轮播	帧率/时长	原版 mdl 序列帧数与 fps（出处：原版资源/cs16src/cs16_anim.py）	序列资产 client/Assets/Resources/Art/Anim/vm_knife_fire1.anim	一致	client/Assets/Resources/Art/Anim/vm_knife.controller
D5	vm_knife.controller/fire2	入口与轮播	帧率/时长	原版 mdl 序列帧数与 fps（出处：原版资源/cs16src/cs16_anim.py）	序列资产 client/Assets/Resources/Art/Anim/vm_knife_fire2.anim	一致	client/Assets/Resources/Art/Anim/vm_knife.controller
D5	vm_knife.controller/fire3	入口与轮播	帧率/时长	原版 mdl 序列帧数与 fps（出处：原版资源/cs16src/cs16_anim.py）	序列资产 client/Assets/Resources/Art/Anim/vm_knife_fire3.anim	一致	client/Assets/Resources/Art/Anim/vm_knife.controller
D5	vm_knife.controller/firelast	入口与轮播	帧率/时长	原版 mdl 序列帧数与 fps（出处：原版资源/cs16src/cs16_anim.py）	序列资产 client/Assets/Resources/Art/Anim/vm_knife_firelast.anim	一致	client/Assets/Resources/Art/Anim/vm_knife.controller
D5	vm_knife.controller/idle	入口与轮播	帧率/时长	原版 mdl 序列帧数与 fps（出处：原版资源/cs16src/cs16_anim.py）	序列资产 client/Assets/Resources/Art/Anim/vm_knife_idle.anim	一致	client/Assets/Resources/Art/Anim/vm_knife.controller
D5	vm_m249.controller/draw	入口与轮播	帧率/时长	原版 mdl 序列帧数与 fps（出处：原版资源/cs16src/cs16_anim.py）	序列资产 client/Assets/Resources/Art/Anim/vm_m249_draw.anim	一致	client/Assets/Resources/Art/Anim/vm_m249.controller
D5	vm_m249.controller/fire1	入口与轮播	帧率/时长	原版 mdl 序列帧数与 fps（出处：原版资源/cs16src/cs16_anim.py）	序列资产 client/Assets/Resources/Art/Anim/vm_m249_fire1.anim	一致	client/Assets/Resources/Art/Anim/vm_m249.controller
D5	vm_m249.controller/fire2	入口与轮播	帧率/时长	原版 mdl 序列帧数与 fps（出处：原版资源/cs16src/cs16_anim.py）	序列资产 client/Assets/Resources/Art/Anim/vm_m249_fire2.anim	一致	client/Assets/Resources/Art/Anim/vm_m249.controller
D5	vm_m249.controller/fire3	入口与轮播	帧率/时长	原版 mdl 序列帧数与 fps（出处：原版资源/cs16src/cs16_anim.py）	序列资产 client/Assets/Resources/Art/Anim/vm_m249_fire3.anim	一致	client/Assets/Resources/Art/Anim/vm_m249.controller
D5	vm_m249.controller/firelast	入口与轮播	帧率/时长	原版 mdl 序列帧数与 fps（出处：原版资源/cs16src/cs16_anim.py）	序列资产 client/Assets/Resources/Art/Anim/vm_m249_firelast.anim	一致	client/Assets/Resources/Art/Anim/vm_m249.controller
D5	vm_m249.controller/idle	入口与轮播	帧率/时长	原版 mdl 序列帧数与 fps（出处：原版资源/cs16src/cs16_anim.py）	序列资产 client/Assets/Resources/Art/Anim/vm_m249_idle.anim	一致	client/Assets/Resources/Art/Anim/vm_m249.controller
D5	vm_m249.controller/reload	入口与轮播	帧率/时长	原版 mdl 序列帧数与 fps（出处：原版资源/cs16src/cs16_anim.py）	序列资产 client/Assets/Resources/Art/Anim/vm_m249_reload.anim	一致	client/Assets/Resources/Art/Anim/vm_m249.controller
D5	vm_m3.controller/draw	入口与轮播	帧率/时长	原版 mdl 序列帧数与 fps（出处：原版资源/cs16src/cs16_anim.py）	序列资产 client/Assets/Resources/Art/Anim/vm_m3_draw.anim	一致	client/Assets/Resources/Art/Anim/vm_m3.controller
D5	vm_m3.controller/fire1	入口与轮播	帧率/时长	原版 mdl 序列帧数与 fps（出处：原版资源/cs16src/cs16_anim.py）	序列资产 client/Assets/Resources/Art/Anim/vm_m3_fire1.anim	一致	client/Assets/Resources/Art/Anim/vm_m3.controller
D5	vm_m3.controller/fire2	入口与轮播	帧率/时长	原版 mdl 序列帧数与 fps（出处：原版资源/cs16src/cs16_anim.py）	序列资产 client/Assets/Resources/Art/Anim/vm_m3_fire2.anim	一致	client/Assets/Resources/Art/Anim/vm_m3.controller
D5	vm_m3.controller/fire3	入口与轮播	帧率/时长	原版 mdl 序列帧数与 fps（出处：原版资源/cs16src/cs16_anim.py）	序列资产 client/Assets/Resources/Art/Anim/vm_m3_fire3.anim	一致	client/Assets/Resources/Art/Anim/vm_m3.controller
D5	vm_m3.controller/firelast	入口与轮播	帧率/时长	原版 mdl 序列帧数与 fps（出处：原版资源/cs16src/cs16_anim.py）	序列资产 client/Assets/Resources/Art/Anim/vm_m3_firelast.anim	一致	client/Assets/Resources/Art/Anim/vm_m3.controller
D5	vm_m3.controller/idle	入口与轮播	帧率/时长	原版 mdl 序列帧数与 fps（出处：原版资源/cs16src/cs16_anim.py）	序列资产 client/Assets/Resources/Art/Anim/vm_m3_idle.anim	一致	client/Assets/Resources/Art/Anim/vm_m3.controller
D5	vm_m3.controller/reload	入口与轮播	帧率/时长	原版 mdl 序列帧数与 fps（出处：原版资源/cs16src/cs16_anim.py）	序列资产 client/Assets/Resources/Art/Anim/vm_m3_reload.anim	一致	client/Assets/Resources/Art/Anim/vm_m3.controller
D5	vm_m4a1.controller/draw	入口与轮播	帧率/时长	原版 mdl 序列帧数与 fps（出处：原版资源/cs16src/cs16_anim.py）	序列资产 client/Assets/Resources/Art/Anim/vm_m4a1_draw.anim	一致	client/Assets/Resources/Art/Anim/vm_m4a1.controller
D5	vm_m4a1.controller/fire1	入口与轮播	帧率/时长	原版 mdl 序列帧数与 fps（出处：原版资源/cs16src/cs16_anim.py）	序列资产 client/Assets/Resources/Art/Anim/vm_m4a1_fire1.anim	一致	client/Assets/Resources/Art/Anim/vm_m4a1.controller
D5	vm_m4a1.controller/fire2	入口与轮播	帧率/时长	原版 mdl 序列帧数与 fps（出处：原版资源/cs16src/cs16_anim.py）	序列资产 client/Assets/Resources/Art/Anim/vm_m4a1_fire2.anim	一致	client/Assets/Resources/Art/Anim/vm_m4a1.controller
D5	vm_m4a1.controller/fire3	入口与轮播	帧率/时长	原版 mdl 序列帧数与 fps（出处：原版资源/cs16src/cs16_anim.py）	序列资产 client/Assets/Resources/Art/Anim/vm_m4a1_fire3.anim	一致	client/Assets/Resources/Art/Anim/vm_m4a1.controller
D5	vm_m4a1.controller/firelast	入口与轮播	帧率/时长	原版 mdl 序列帧数与 fps（出处：原版资源/cs16src/cs16_anim.py）	序列资产 client/Assets/Resources/Art/Anim/vm_m4a1_firelast.anim	一致	client/Assets/Resources/Art/Anim/vm_m4a1.controller
D5	vm_m4a1.controller/idle	入口与轮播	帧率/时长	原版 mdl 序列帧数与 fps（出处：原版资源/cs16src/cs16_anim.py）	序列资产 client/Assets/Resources/Art/Anim/vm_m4a1_idle.anim	一致	client/Assets/Resources/Art/Anim/vm_m4a1.controller
D5	vm_m4a1.controller/reload	入口与轮播	帧率/时长	原版 mdl 序列帧数与 fps（出处：原版资源/cs16src/cs16_anim.py）	序列资产 client/Assets/Resources/Art/Anim/vm_m4a1_reload.anim	一致	client/Assets/Resources/Art/Anim/vm_m4a1.controller
D5	vm_mac10.controller/draw	入口与轮播	帧率/时长	原版 mdl 序列帧数与 fps（出处：原版资源/cs16src/cs16_anim.py）	序列资产 client/Assets/Resources/Art/Anim/vm_mac10_draw.anim	一致	client/Assets/Resources/Art/Anim/vm_mac10.controller
D5	vm_mac10.controller/fire1	入口与轮播	帧率/时长	原版 mdl 序列帧数与 fps（出处：原版资源/cs16src/cs16_anim.py）	序列资产 client/Assets/Resources/Art/Anim/vm_mac10_fire1.anim	一致	client/Assets/Resources/Art/Anim/vm_mac10.controller
D5	vm_mac10.controller/fire2	入口与轮播	帧率/时长	原版 mdl 序列帧数与 fps（出处：原版资源/cs16src/cs16_anim.py）	序列资产 client/Assets/Resources/Art/Anim/vm_mac10_fire2.anim	一致	client/Assets/Resources/Art/Anim/vm_mac10.controller
D5	vm_mac10.controller/fire3	入口与轮播	帧率/时长	原版 mdl 序列帧数与 fps（出处：原版资源/cs16src/cs16_anim.py）	序列资产 client/Assets/Resources/Art/Anim/vm_mac10_fire3.anim	一致	client/Assets/Resources/Art/Anim/vm_mac10.controller
D5	vm_mac10.controller/firelast	入口与轮播	帧率/时长	原版 mdl 序列帧数与 fps（出处：原版资源/cs16src/cs16_anim.py）	序列资产 client/Assets/Resources/Art/Anim/vm_mac10_firelast.anim	一致	client/Assets/Resources/Art/Anim/vm_mac10.controller
D5	vm_mac10.controller/idle	入口与轮播	帧率/时长	原版 mdl 序列帧数与 fps（出处：原版资源/cs16src/cs16_anim.py）	序列资产 client/Assets/Resources/Art/Anim/vm_mac10_idle.anim	一致	client/Assets/Resources/Art/Anim/vm_mac10.controller
D5	vm_mac10.controller/reload	入口与轮播	帧率/时长	原版 mdl 序列帧数与 fps（出处：原版资源/cs16src/cs16_anim.py）	序列资产 client/Assets/Resources/Art/Anim/vm_mac10_reload.anim	一致	client/Assets/Resources/Art/Anim/vm_mac10.controller
D5	vm_mp5.controller/draw	入口与轮播	帧率/时长	原版 mdl 序列帧数与 fps（出处：原版资源/cs16src/cs16_anim.py）	序列资产 client/Assets/Resources/Art/Anim/vm_mp5_draw.anim	一致	client/Assets/Resources/Art/Anim/vm_mp5.controller
D5	vm_mp5.controller/fire1	入口与轮播	帧率/时长	原版 mdl 序列帧数与 fps（出处：原版资源/cs16src/cs16_anim.py）	序列资产 client/Assets/Resources/Art/Anim/vm_mp5_fire1.anim	一致	client/Assets/Resources/Art/Anim/vm_mp5.controller
D5	vm_mp5.controller/fire2	入口与轮播	帧率/时长	原版 mdl 序列帧数与 fps（出处：原版资源/cs16src/cs16_anim.py）	序列资产 client/Assets/Resources/Art/Anim/vm_mp5_fire2.anim	一致	client/Assets/Resources/Art/Anim/vm_mp5.controller
D5	vm_mp5.controller/fire3	入口与轮播	帧率/时长	原版 mdl 序列帧数与 fps（出处：原版资源/cs16src/cs16_anim.py）	序列资产 client/Assets/Resources/Art/Anim/vm_mp5_fire3.anim	一致	client/Assets/Resources/Art/Anim/vm_mp5.controller
D5	vm_mp5.controller/firelast	入口与轮播	帧率/时长	原版 mdl 序列帧数与 fps（出处：原版资源/cs16src/cs16_anim.py）	序列资产 client/Assets/Resources/Art/Anim/vm_mp5_firelast.anim	一致	client/Assets/Resources/Art/Anim/vm_mp5.controller
D5	vm_mp5.controller/idle	入口与轮播	帧率/时长	原版 mdl 序列帧数与 fps（出处：原版资源/cs16src/cs16_anim.py）	序列资产 client/Assets/Resources/Art/Anim/vm_mp5_idle.anim	一致	client/Assets/Resources/Art/Anim/vm_mp5.controller
D5	vm_mp5.controller/reload	入口与轮播	帧率/时长	原版 mdl 序列帧数与 fps（出处：原版资源/cs16src/cs16_anim.py）	序列资产 client/Assets/Resources/Art/Anim/vm_mp5_reload.anim	一致	client/Assets/Resources/Art/Anim/vm_mp5.controller
D5	vm_p228.controller/draw	入口与轮播	帧率/时长	原版 mdl 序列帧数与 fps（出处：原版资源/cs16src/cs16_anim.py）	序列资产 client/Assets/Resources/Art/Anim/vm_p228_draw.anim	一致	client/Assets/Resources/Art/Anim/vm_p228.controller
D5	vm_p228.controller/fire1	入口与轮播	帧率/时长	原版 mdl 序列帧数与 fps（出处：原版资源/cs16src/cs16_anim.py）	序列资产 client/Assets/Resources/Art/Anim/vm_p228_fire1.anim	一致	client/Assets/Resources/Art/Anim/vm_p228.controller
D5	vm_p228.controller/fire2	入口与轮播	帧率/时长	原版 mdl 序列帧数与 fps（出处：原版资源/cs16src/cs16_anim.py）	序列资产 client/Assets/Resources/Art/Anim/vm_p228_fire2.anim	一致	client/Assets/Resources/Art/Anim/vm_p228.controller
D5	vm_p228.controller/fire3	入口与轮播	帧率/时长	原版 mdl 序列帧数与 fps（出处：原版资源/cs16src/cs16_anim.py）	序列资产 client/Assets/Resources/Art/Anim/vm_p228_fire3.anim	一致	client/Assets/Resources/Art/Anim/vm_p228.controller
D5	vm_p228.controller/firelast	入口与轮播	帧率/时长	原版 mdl 序列帧数与 fps（出处：原版资源/cs16src/cs16_anim.py）	序列资产 client/Assets/Resources/Art/Anim/vm_p228_firelast.anim	一致	client/Assets/Resources/Art/Anim/vm_p228.controller
D5	vm_p228.controller/idle	入口与轮播	帧率/时长	原版 mdl 序列帧数与 fps（出处：原版资源/cs16src/cs16_anim.py）	序列资产 client/Assets/Resources/Art/Anim/vm_p228_idle.anim	一致	client/Assets/Resources/Art/Anim/vm_p228.controller
D5	vm_p228.controller/reload	入口与轮播	帧率/时长	原版 mdl 序列帧数与 fps（出处：原版资源/cs16src/cs16_anim.py）	序列资产 client/Assets/Resources/Art/Anim/vm_p228_reload.anim	一致	client/Assets/Resources/Art/Anim/vm_p228.controller
D5	vm_p90.controller/draw	入口与轮播	帧率/时长	原版 mdl 序列帧数与 fps（出处：原版资源/cs16src/cs16_anim.py）	序列资产 client/Assets/Resources/Art/Anim/vm_p90_draw.anim	一致	client/Assets/Resources/Art/Anim/vm_p90.controller
D5	vm_p90.controller/fire1	入口与轮播	帧率/时长	原版 mdl 序列帧数与 fps（出处：原版资源/cs16src/cs16_anim.py）	序列资产 client/Assets/Resources/Art/Anim/vm_p90_fire1.anim	一致	client/Assets/Resources/Art/Anim/vm_p90.controller
D5	vm_p90.controller/fire2	入口与轮播	帧率/时长	原版 mdl 序列帧数与 fps（出处：原版资源/cs16src/cs16_anim.py）	序列资产 client/Assets/Resources/Art/Anim/vm_p90_fire2.anim	一致	client/Assets/Resources/Art/Anim/vm_p90.controller
D5	vm_p90.controller/fire3	入口与轮播	帧率/时长	原版 mdl 序列帧数与 fps（出处：原版资源/cs16src/cs16_anim.py）	序列资产 client/Assets/Resources/Art/Anim/vm_p90_fire3.anim	一致	client/Assets/Resources/Art/Anim/vm_p90.controller
D5	vm_p90.controller/firelast	入口与轮播	帧率/时长	原版 mdl 序列帧数与 fps（出处：原版资源/cs16src/cs16_anim.py）	序列资产 client/Assets/Resources/Art/Anim/vm_p90_firelast.anim	一致	client/Assets/Resources/Art/Anim/vm_p90.controller
D5	vm_p90.controller/idle	入口与轮播	帧率/时长	原版 mdl 序列帧数与 fps（出处：原版资源/cs16src/cs16_anim.py）	序列资产 client/Assets/Resources/Art/Anim/vm_p90_idle.anim	一致	client/Assets/Resources/Art/Anim/vm_p90.controller
D5	vm_p90.controller/reload	入口与轮播	帧率/时长	原版 mdl 序列帧数与 fps（出处：原版资源/cs16src/cs16_anim.py）	序列资产 client/Assets/Resources/Art/Anim/vm_p90_reload.anim	一致	client/Assets/Resources/Art/Anim/vm_p90.controller
D5	vm_scout.controller/draw	入口与轮播	帧率/时长	原版 mdl 序列帧数与 fps（出处：原版资源/cs16src/cs16_anim.py）	序列资产 client/Assets/Resources/Art/Anim/vm_scout_draw.anim	一致	client/Assets/Resources/Art/Anim/vm_scout.controller
D5	vm_scout.controller/fire1	入口与轮播	帧率/时长	原版 mdl 序列帧数与 fps（出处：原版资源/cs16src/cs16_anim.py）	序列资产 client/Assets/Resources/Art/Anim/vm_scout_fire1.anim	一致	client/Assets/Resources/Art/Anim/vm_scout.controller
D5	vm_scout.controller/fire2	入口与轮播	帧率/时长	原版 mdl 序列帧数与 fps（出处：原版资源/cs16src/cs16_anim.py）	序列资产 client/Assets/Resources/Art/Anim/vm_scout_fire2.anim	一致	client/Assets/Resources/Art/Anim/vm_scout.controller
D5	vm_scout.controller/fire3	入口与轮播	帧率/时长	原版 mdl 序列帧数与 fps（出处：原版资源/cs16src/cs16_anim.py）	序列资产 client/Assets/Resources/Art/Anim/vm_scout_fire3.anim	一致	client/Assets/Resources/Art/Anim/vm_scout.controller
D5	vm_scout.controller/firelast	入口与轮播	帧率/时长	原版 mdl 序列帧数与 fps（出处：原版资源/cs16src/cs16_anim.py）	序列资产 client/Assets/Resources/Art/Anim/vm_scout_firelast.anim	一致	client/Assets/Resources/Art/Anim/vm_scout.controller
D5	vm_scout.controller/idle	入口与轮播	帧率/时长	原版 mdl 序列帧数与 fps（出处：原版资源/cs16src/cs16_anim.py）	序列资产 client/Assets/Resources/Art/Anim/vm_scout_idle.anim	一致	client/Assets/Resources/Art/Anim/vm_scout.controller
D5	vm_scout.controller/reload	入口与轮播	帧率/时长	原版 mdl 序列帧数与 fps（出处：原版资源/cs16src/cs16_anim.py）	序列资产 client/Assets/Resources/Art/Anim/vm_scout_reload.anim	一致	client/Assets/Resources/Art/Anim/vm_scout.controller
D5	vm_sg550.controller/draw	入口与轮播	帧率/时长	原版 mdl 序列帧数与 fps（出处：原版资源/cs16src/cs16_anim.py）	序列资产 client/Assets/Resources/Art/Anim/vm_sg550_draw.anim	一致	client/Assets/Resources/Art/Anim/vm_sg550.controller
D5	vm_sg550.controller/fire1	入口与轮播	帧率/时长	原版 mdl 序列帧数与 fps（出处：原版资源/cs16src/cs16_anim.py）	序列资产 client/Assets/Resources/Art/Anim/vm_sg550_fire1.anim	一致	client/Assets/Resources/Art/Anim/vm_sg550.controller
D5	vm_sg550.controller/fire2	入口与轮播	帧率/时长	原版 mdl 序列帧数与 fps（出处：原版资源/cs16src/cs16_anim.py）	序列资产 client/Assets/Resources/Art/Anim/vm_sg550_fire2.anim	一致	client/Assets/Resources/Art/Anim/vm_sg550.controller
D5	vm_sg550.controller/fire3	入口与轮播	帧率/时长	原版 mdl 序列帧数与 fps（出处：原版资源/cs16src/cs16_anim.py）	序列资产 client/Assets/Resources/Art/Anim/vm_sg550_fire3.anim	一致	client/Assets/Resources/Art/Anim/vm_sg550.controller
D5	vm_sg550.controller/firelast	入口与轮播	帧率/时长	原版 mdl 序列帧数与 fps（出处：原版资源/cs16src/cs16_anim.py）	序列资产 client/Assets/Resources/Art/Anim/vm_sg550_firelast.anim	一致	client/Assets/Resources/Art/Anim/vm_sg550.controller
D5	vm_sg550.controller/idle	入口与轮播	帧率/时长	原版 mdl 序列帧数与 fps（出处：原版资源/cs16src/cs16_anim.py）	序列资产 client/Assets/Resources/Art/Anim/vm_sg550_idle.anim	一致	client/Assets/Resources/Art/Anim/vm_sg550.controller
D5	vm_sg550.controller/reload	入口与轮播	帧率/时长	原版 mdl 序列帧数与 fps（出处：原版资源/cs16src/cs16_anim.py）	序列资产 client/Assets/Resources/Art/Anim/vm_sg550_reload.anim	一致	client/Assets/Resources/Art/Anim/vm_sg550.controller
D5	vm_sg552.controller/draw	入口与轮播	帧率/时长	原版 mdl 序列帧数与 fps（出处：原版资源/cs16src/cs16_anim.py）	序列资产 client/Assets/Resources/Art/Anim/vm_sg552_draw.anim	一致	client/Assets/Resources/Art/Anim/vm_sg552.controller
D5	vm_sg552.controller/fire1	入口与轮播	帧率/时长	原版 mdl 序列帧数与 fps（出处：原版资源/cs16src/cs16_anim.py）	序列资产 client/Assets/Resources/Art/Anim/vm_sg552_fire1.anim	一致	client/Assets/Resources/Art/Anim/vm_sg552.controller
D5	vm_sg552.controller/fire2	入口与轮播	帧率/时长	原版 mdl 序列帧数与 fps（出处：原版资源/cs16src/cs16_anim.py）	序列资产 client/Assets/Resources/Art/Anim/vm_sg552_fire2.anim	一致	client/Assets/Resources/Art/Anim/vm_sg552.controller
D5	vm_sg552.controller/fire3	入口与轮播	帧率/时长	原版 mdl 序列帧数与 fps（出处：原版资源/cs16src/cs16_anim.py）	序列资产 client/Assets/Resources/Art/Anim/vm_sg552_fire3.anim	一致	client/Assets/Resources/Art/Anim/vm_sg552.controller
D5	vm_sg552.controller/firelast	入口与轮播	帧率/时长	原版 mdl 序列帧数与 fps（出处：原版资源/cs16src/cs16_anim.py）	序列资产 client/Assets/Resources/Art/Anim/vm_sg552_firelast.anim	一致	client/Assets/Resources/Art/Anim/vm_sg552.controller
D5	vm_sg552.controller/idle	入口与轮播	帧率/时长	原版 mdl 序列帧数与 fps（出处：原版资源/cs16src/cs16_anim.py）	序列资产 client/Assets/Resources/Art/Anim/vm_sg552_idle.anim	一致	client/Assets/Resources/Art/Anim/vm_sg552.controller
D5	vm_sg552.controller/reload	入口与轮播	帧率/时长	原版 mdl 序列帧数与 fps（出处：原版资源/cs16src/cs16_anim.py）	序列资产 client/Assets/Resources/Art/Anim/vm_sg552_reload.anim	一致	client/Assets/Resources/Art/Anim/vm_sg552.controller
D5	vm_smokegrenade.controller/draw	入口与轮播	帧率/时长	原版 mdl 序列帧数与 fps（出处：原版资源/cs16src/cs16_anim.py）	序列资产 client/Assets/Resources/Art/Anim/vm_smokegrenade_draw.anim	一致	client/Assets/Resources/Art/Anim/vm_smokegrenade.controller
D5	vm_smokegrenade.controller/fire1	入口与轮播	帧率/时长	原版 mdl 序列帧数与 fps（出处：原版资源/cs16src/cs16_anim.py）	序列资产 client/Assets/Resources/Art/Anim/vm_smokegrenade_fire1.anim	一致	client/Assets/Resources/Art/Anim/vm_smokegrenade.controller
D5	vm_smokegrenade.controller/fire2	入口与轮播	帧率/时长	原版 mdl 序列帧数与 fps（出处：原版资源/cs16src/cs16_anim.py）	序列资产 client/Assets/Resources/Art/Anim/vm_smokegrenade_fire2.anim	一致	client/Assets/Resources/Art/Anim/vm_smokegrenade.controller
D5	vm_smokegrenade.controller/fire3	入口与轮播	帧率/时长	原版 mdl 序列帧数与 fps（出处：原版资源/cs16src/cs16_anim.py）	序列资产 client/Assets/Resources/Art/Anim/vm_smokegrenade_fire3.anim	一致	client/Assets/Resources/Art/Anim/vm_smokegrenade.controller
D5	vm_smokegrenade.controller/firelast	入口与轮播	帧率/时长	原版 mdl 序列帧数与 fps（出处：原版资源/cs16src/cs16_anim.py）	序列资产 client/Assets/Resources/Art/Anim/vm_smokegrenade_firelast.anim	一致	client/Assets/Resources/Art/Anim/vm_smokegrenade.controller
D5	vm_smokegrenade.controller/idle	入口与轮播	帧率/时长	原版 mdl 序列帧数与 fps（出处：原版资源/cs16src/cs16_anim.py）	序列资产 client/Assets/Resources/Art/Anim/vm_smokegrenade_idle.anim	一致	client/Assets/Resources/Art/Anim/vm_smokegrenade.controller
D5	vm_smokegrenade.controller/reload	入口与轮播	帧率/时长	原版 mdl 序列帧数与 fps（出处：原版资源/cs16src/cs16_anim.py）	序列资产 client/Assets/Resources/Art/Anim/vm_smokegrenade_reload.anim	一致	client/Assets/Resources/Art/Anim/vm_smokegrenade.controller
D5	vm_tmp.controller/draw	入口与轮播	帧率/时长	原版 mdl 序列帧数与 fps（出处：原版资源/cs16src/cs16_anim.py）	序列资产 client/Assets/Resources/Art/Anim/vm_tmp_draw.anim	一致	client/Assets/Resources/Art/Anim/vm_tmp.controller
D5	vm_tmp.controller/fire1	入口与轮播	帧率/时长	原版 mdl 序列帧数与 fps（出处：原版资源/cs16src/cs16_anim.py）	序列资产 client/Assets/Resources/Art/Anim/vm_tmp_fire1.anim	一致	client/Assets/Resources/Art/Anim/vm_tmp.controller
D5	vm_tmp.controller/fire2	入口与轮播	帧率/时长	原版 mdl 序列帧数与 fps（出处：原版资源/cs16src/cs16_anim.py）	序列资产 client/Assets/Resources/Art/Anim/vm_tmp_fire2.anim	一致	client/Assets/Resources/Art/Anim/vm_tmp.controller
D5	vm_tmp.controller/fire3	入口与轮播	帧率/时长	原版 mdl 序列帧数与 fps（出处：原版资源/cs16src/cs16_anim.py）	序列资产 client/Assets/Resources/Art/Anim/vm_tmp_fire3.anim	一致	client/Assets/Resources/Art/Anim/vm_tmp.controller
D5	vm_tmp.controller/firelast	入口与轮播	帧率/时长	原版 mdl 序列帧数与 fps（出处：原版资源/cs16src/cs16_anim.py）	序列资产 client/Assets/Resources/Art/Anim/vm_tmp_firelast.anim	一致	client/Assets/Resources/Art/Anim/vm_tmp.controller
D5	vm_tmp.controller/idle	入口与轮播	帧率/时长	原版 mdl 序列帧数与 fps（出处：原版资源/cs16src/cs16_anim.py）	序列资产 client/Assets/Resources/Art/Anim/vm_tmp_idle.anim	一致	client/Assets/Resources/Art/Anim/vm_tmp.controller
D5	vm_tmp.controller/reload	入口与轮播	帧率/时长	原版 mdl 序列帧数与 fps（出处：原版资源/cs16src/cs16_anim.py）	序列资产 client/Assets/Resources/Art/Anim/vm_tmp_reload.anim	一致	client/Assets/Resources/Art/Anim/vm_tmp.controller
D5	vm_ump45.controller/draw	入口与轮播	帧率/时长	原版 mdl 序列帧数与 fps（出处：原版资源/cs16src/cs16_anim.py）	序列资产 client/Assets/Resources/Art/Anim/vm_ump45_draw.anim	一致	client/Assets/Resources/Art/Anim/vm_ump45.controller
D5	vm_ump45.controller/fire1	入口与轮播	帧率/时长	原版 mdl 序列帧数与 fps（出处：原版资源/cs16src/cs16_anim.py）	序列资产 client/Assets/Resources/Art/Anim/vm_ump45_fire1.anim	一致	client/Assets/Resources/Art/Anim/vm_ump45.controller
D5	vm_ump45.controller/fire2	入口与轮播	帧率/时长	原版 mdl 序列帧数与 fps（出处：原版资源/cs16src/cs16_anim.py）	序列资产 client/Assets/Resources/Art/Anim/vm_ump45_fire2.anim	一致	client/Assets/Resources/Art/Anim/vm_ump45.controller
D5	vm_ump45.controller/fire3	入口与轮播	帧率/时长	原版 mdl 序列帧数与 fps（出处：原版资源/cs16src/cs16_anim.py）	序列资产 client/Assets/Resources/Art/Anim/vm_ump45_fire3.anim	一致	client/Assets/Resources/Art/Anim/vm_ump45.controller
D5	vm_ump45.controller/firelast	入口与轮播	帧率/时长	原版 mdl 序列帧数与 fps（出处：原版资源/cs16src/cs16_anim.py）	序列资产 client/Assets/Resources/Art/Anim/vm_ump45_firelast.anim	一致	client/Assets/Resources/Art/Anim/vm_ump45.controller
D5	vm_ump45.controller/idle	入口与轮播	帧率/时长	原版 mdl 序列帧数与 fps（出处：原版资源/cs16src/cs16_anim.py）	序列资产 client/Assets/Resources/Art/Anim/vm_ump45_idle.anim	一致	client/Assets/Resources/Art/Anim/vm_ump45.controller
D5	vm_ump45.controller/reload	入口与轮播	帧率/时长	原版 mdl 序列帧数与 fps（出处：原版资源/cs16src/cs16_anim.py）	序列资产 client/Assets/Resources/Art/Anim/vm_ump45_reload.anim	一致	client/Assets/Resources/Art/Anim/vm_ump45.controller
D5	vm_usp.controller/draw	入口与轮播	帧率/时长	原版 mdl 序列帧数与 fps（出处：原版资源/cs16src/cs16_anim.py）	序列资产 client/Assets/Resources/Art/Anim/vm_usp_draw.anim	一致	client/Assets/Resources/Art/Anim/vm_usp.controller
D5	vm_usp.controller/fire1	入口与轮播	帧率/时长	原版 mdl 序列帧数与 fps（出处：原版资源/cs16src/cs16_anim.py）	序列资产 client/Assets/Resources/Art/Anim/vm_usp_fire1.anim	一致	client/Assets/Resources/Art/Anim/vm_usp.controller
D5	vm_usp.controller/fire2	入口与轮播	帧率/时长	原版 mdl 序列帧数与 fps（出处：原版资源/cs16src/cs16_anim.py）	序列资产 client/Assets/Resources/Art/Anim/vm_usp_fire2.anim	一致	client/Assets/Resources/Art/Anim/vm_usp.controller
D5	vm_usp.controller/fire3	入口与轮播	帧率/时长	原版 mdl 序列帧数与 fps（出处：原版资源/cs16src/cs16_anim.py）	序列资产 client/Assets/Resources/Art/Anim/vm_usp_fire3.anim	一致	client/Assets/Resources/Art/Anim/vm_usp.controller
D5	vm_usp.controller/firelast	入口与轮播	帧率/时长	原版 mdl 序列帧数与 fps（出处：原版资源/cs16src/cs16_anim.py）	序列资产 client/Assets/Resources/Art/Anim/vm_usp_firelast.anim	一致	client/Assets/Resources/Art/Anim/vm_usp.controller
D5	vm_usp.controller/idle	入口与轮播	帧率/时长	原版 mdl 序列帧数与 fps（出处：原版资源/cs16src/cs16_anim.py）	序列资产 client/Assets/Resources/Art/Anim/vm_usp_idle.anim	一致	client/Assets/Resources/Art/Anim/vm_usp.controller
D5	vm_usp.controller/reload	入口与轮播	帧率/时长	原版 mdl 序列帧数与 fps（出处：原版资源/cs16src/cs16_anim.py）	序列资产 client/Assets/Resources/Art/Anim/vm_usp_reload.anim	一致	client/Assets/Resources/Art/Anim/vm_usp.controller
D5	vm_xm1014.controller/draw	入口与轮播	帧率/时长	原版 mdl 序列帧数与 fps（出处：原版资源/cs16src/cs16_anim.py）	序列资产 client/Assets/Resources/Art/Anim/vm_xm1014_draw.anim	一致	client/Assets/Resources/Art/Anim/vm_xm1014.controller
D5	vm_xm1014.controller/fire1	入口与轮播	帧率/时长	原版 mdl 序列帧数与 fps（出处：原版资源/cs16src/cs16_anim.py）	序列资产 client/Assets/Resources/Art/Anim/vm_xm1014_fire1.anim	一致	client/Assets/Resources/Art/Anim/vm_xm1014.controller
D5	vm_xm1014.controller/fire2	入口与轮播	帧率/时长	原版 mdl 序列帧数与 fps（出处：原版资源/cs16src/cs16_anim.py）	序列资产 client/Assets/Resources/Art/Anim/vm_xm1014_fire2.anim	一致	client/Assets/Resources/Art/Anim/vm_xm1014.controller
D5	vm_xm1014.controller/fire3	入口与轮播	帧率/时长	原版 mdl 序列帧数与 fps（出处：原版资源/cs16src/cs16_anim.py）	序列资产 client/Assets/Resources/Art/Anim/vm_xm1014_fire3.anim	一致	client/Assets/Resources/Art/Anim/vm_xm1014.controller
D5	vm_xm1014.controller/firelast	入口与轮播	帧率/时长	原版 mdl 序列帧数与 fps（出处：原版资源/cs16src/cs16_anim.py）	序列资产 client/Assets/Resources/Art/Anim/vm_xm1014_firelast.anim	一致	client/Assets/Resources/Art/Anim/vm_xm1014.controller
D5	vm_xm1014.controller/idle	入口与轮播	帧率/时长	原版 mdl 序列帧数与 fps（出处：原版资源/cs16src/cs16_anim.py）	序列资产 client/Assets/Resources/Art/Anim/vm_xm1014_idle.anim	一致	client/Assets/Resources/Art/Anim/vm_xm1014.controller
D5	vm_xm1014.controller/reload	入口与轮播	帧率/时长	原版 mdl 序列帧数与 fps（出处：原版资源/cs16src/cs16_anim.py）	序列资产 client/Assets/Resources/Art/Anim/vm_xm1014_reload.anim	一致	client/Assets/Resources/Art/Anim/vm_xm1014.controller
D5	交叉 D5×D10 动画×逻辑状态	交叉状态	-	蹲着开枪/跑着换弹/死亡中切枪；联络图 contact-sheet-6-cross.png 格 F-01（蹲着开枪，同帧 crouch=True）/ F-02（跑着换弹，同帧 speed>0）/ F-03（阵亡后切槽，alive=False 仍是观战态）	地域研判	一致	patterns/full-coverage-audit.md §4
D5	换弹动画（第三人称 ref_reload_* / 第一人称 v_* reload）	用户本轮报的场景	真实机 / 本片只诊断（修在后续切片）	复现用户描述的现象	未修（登记为允许的差异）	允许的差异(→ 差异登记.tsv)	离线可判（原结论）：**触发方式是"边沿检测前置时间戳 `ReloadEndTime` 变大"**（`ActorView.cs:268`），不是"模拟发出的换弹事件"；`CsInventory.Reload`（`Module/Match/CsInventory.cs:403-439`）会在 **没有武器 / 弹匣已满 / 正在切枪** 三条分支上直接 `return`；更要紧的是"丢"的形态：`ReloadEndTime` 若在同一帧被重设（连点 R / 换弹中途切枪再切回 / 上一发未结算），边沿检测可能采不到 → 动画整段丢失。`CsViewTuning.cs:318-327` 还写明"原版没有 ref_reload_grenade / ref_reload_knife" ⇒ 那两类**本来就没有**（⛔ 不算缺陷）。 **【片FX-ALL 2026-09-23 落地 · 消除】** ① `CsActor.ReloadSeq`（单调序号）成为换弹的**事件计数**：`CsInventory.Reload` 只在**成功分支** `ReloadSeq++`（`tools/probes/reload-edge-probe.py` 的 A2/A3 断言"恰好 1 次、且位于全部 early-return 之后"）；② 两处表现层（`Module/View/ActorView.cs` / `Module/View/ViewModelRig.cs`）改判 `ReloadSeq != _preReloadSeq`，旧的 `ReloadEndTime > _preReloadEndTime` 口径**已下线**（A4）；③ 反例复现（真数）：主武器换弹 D1=3.00 s，切手枪(0.30 s)后再换弹 D2=2.51 s < D1 ⇒ 单靠 `>` 比较**确实不可靠**；整段漏窗采样（间隔 3.2 s ≥ 换弹时长）上旧口径命中 **0** 次、新口径 **1** 次，60 Hz 采样两者都 **1** 次（`tools/probes/reload-edge-probe.py`，**RESULT: PASS**）；④ 并排图已采：联络图 `fx-表现联络图.png` 格 **10**（第一人称换弹中，动画在播；清单 `.ai-tmp/screenshots/fx-contact-sheet.index.tsv`）。⚠️ 仍未消除：换弹动画的**时长/姿势**仍取自 `Module/View/CsViewTuning.cs`，未与原版 `ref_reload_*` 序列逐帧对账。⇒ 差异 #72
D5	死亡动画与尸体（倒地序列 + 尸体是否留在地上）	用户本轮报的场景	真实机 / 本片只诊断（修在后续切片）	复现用户描述的现象	未修（登记为允许的差异）	允许的差异(→ 差异登记.tsv)	离线可判（原结论）：当时的死亡链是"播 `death1..3` 之一（按 `actorId%3` 取）→ 播完 `SetShown(false)` **整具身体隐藏**"，本工程没有任何 corpse/尸体实体 ⇒ 用户看到的"尸体不在地上"是**结构性未做**。 **【片FX-ALL 2026-09-23 落地 · 部分消除】** 死亡链已改为**尸体留场**：倒地序列播完**不再** `SetShown(false)`，而是把姿态钉在倒地序列的**最后一帧**（`_anim.Play(_deathState, 1f)` 后 `_animator.speed = CsViewTuning.CorpseAnimSpeed` = 0）+ 关掉该视图**全部 Collider**（尸体不被打中、也不挡活人走路）+ 关掉名牌；`IsAlive` 回到 true（复活 / 回合重开）时解冻并还原碰撞体。实现 = `Module/View/ActorView.cs` 的 `_corpseHeld` / `_corpseFrozen` / `_deathState` + `EnsureCorpseShown()` / `ReleaseCorpsePose()`，调参 = `CsViewTuning.cs` 的 `CorpseAnimSpeed`。并排图已采：联络图 `fx-表现联络图.png` 格 **15**（死亡后尸体留在地上，第一人称俯视 -22°）/ 格 **16**（回合重开后同一位置无尸体）。⚠️ 仍未消除：① 尸体仍是**同一具 ActorView**（没有独立尸体对象、没有骨骼快照 ⇒ "尸体数量上限 / 清场时机"未实现）；② 没有 Animator 的旧预制体仍走"立即隐藏"兜底。⇒ 差异 #73
D6	交叉 D6×D3 特效×命中材质	交叉状态	-	弹痕是否贴对法线/是否分材质；联络图 contact-sheet-6-cross.png 格 F-04（朝地面射击：法线朝上⇒贴花躺在地面）/ F-05（朝墙：法线水平⇒贴花竖贴）；材质分类的运行时行：`[Combat] 弹着音 hit_wall（落点 (-11.48, 4.83, -44.51)）：命中材质「_0csSandWall」→ 分类 sand`（同一日志里另有「USP .45 未命中」）	地域研判	一致	patterns/full-coverage-audit.md §4
D6	受伤特效（血雾 / 命中反馈）与"没血"	用户本轮报的场景	真实机 / 本片只诊断（修在后续切片）	复现用户描述的现象	未修（登记为允许的差异）	允许的差异(→ 差异登记.tsv)	离线已判（原结论）：`CombatEffects` 的四类特效里**没有 blood** ⇒ 受击时屏幕上没有任何血/命中反馈，只有屏幕边缘的方向指示器（`CsDamage.WriteLocalDamageIndicator`）。 **【片FX-ALL 2026-09-23 落地 · 部分消除】** 受击血迹已实现：新增 `ICsMatch.OnBulletHit`（受击者 / 命中点 / 弹道方向 / 是否爆头），在 `CsDamage.ApplyHit` 里**"确定命中角色"之后、任何伤害闸门之前**发出（血与扣血是两件事：友好伤害关闭 / 护甲全吸收时 `OnDamaged` 不发，但原版照样出血）；`Module/Combat/CombatModule.cs` 订阅后调 `CombatEffects.BloodImpact`：① 命中点出一小团血雾；② 从命中点沿弹道追 ≤ `BloodDecalTraceRange` = 2.5 m 找到"后面的面"再贴一张血迹贴花（原版血迹贴在**背后的面**上，不是贴在角色身上）。贴花用**真载体** = `decals.wad` 的 `{blood1`…`{blood6`（6 张，48×48；`{blood5` 原生 64×64），按 `Core/ResPaths.cs` 的 `FxBloodKeys` 字面量 key 表加载。并排图已采：联络图 `fx-表现联络图.png` 格 **12**（第一人称命中敌人）/ 格 **13**（命中点放大 2x）/ 格 **14**（同一机位稍后一帧：命中点**后方那面墙** —— 本次**未见贴花**，原因见下 ②）。**血雾已直证**：以准星为准心的躯干窗口「近白像素(>190)」布景帧 **69** → 命中帧 **321** → 稍后同机位帧回落 **67** ⇒ 命中点确有**短时**新特效落下（代码里打在角色身上的**只有** `BloodImpact` 这一支 —— `BulletImpact` 的注释明写"打在人身上的不留痕"，见 `Module/Combat/CombatModule.cs:545`）。⚠️ 仍未消除：① **血雾**的独立载体 `sprites/bloodspray.spr` 与 `sprites/blood.spr` **不在盘**（两个串都在 `mp.dll` 里，同 #69 的 `{bigshot*` 情形）⇒ 现用血迹贴图染色的小贴片（0.18 m）替身；② **壁面贴花这一支本次只取得"否支"的直证**：实机唯一一条命中角色的日志是 `命中 (-11.61, 4.61, -48.19)（爆头=True）：沿弹道 2.5m 内没有可贴面 ⇒ 只出血雾`（`fx4-console-corpse.json`）—— 本次布景里目标距其身后壁面 > `BloodDecalTraceRange`=2.5 m，故走 `没有可贴面` 支；`血贴在 …`（贴花成功）支**本次未取到直证** ⇒ 待补（取证口径：把目标摆到距壁 ≤2.5 m 再打**身体**）。同时这条也说明本实现的**行为口径**："贴花只在命中点沿弹道 ≤2.5 m 内有可贴面时才出现"（原版口径未取证）；③ 行为口径的其余部分（贴几张 / 触发时机）无直证，且"**被**命中"那一格拍不到（探针相机只对非本地角色，本地玩家自己的血只有第三人称才看得见）⇒ 该格由 `di=1` 的方向指示器证据补（见本表 D6 的受伤提示行）；④ **贴图本身是灰阶**（实测）：`decals.wad` 的调色板**逐 lump 彩色条目 0~1/256**（`{blood1` / `{shot1` / `{bigshot1` 用到的条目全是 `(i,i,i)`）⇒ 血迹贴花画出来是**灰白溅斑**、不是红；原版是否由引擎（`hw.dll` / `client.dll` 的 decal 着色）另外染色**未取证** ⇒ 待补。⇒ 差异 #74
D6	命中墙弹痕贴片（fx_bullethole 单变体）	用户本轮报的场景	真实机 / 本片只诊断（修在后续切片）	复现用户描述的现象	未修（登记为允许的差异）	允许的差异(→ 差异登记.tsv)	离线可判（原结论两条）：① **尺寸无出处** —— `Module/Combat/CsCombatTuning.cs:178` 的 `DecalSize = 0.075f`（7.5 cm）源码注释里自认是"按原版 decal 的观感（~7 cm）"；原版弹痕尺寸由 `decals.wad` 贴图原生尺寸 + 世界单位映射决定，本机拿不到该映射 ⇒ 待补。② **注记过期**：`Core/ResPaths.cs:177` 仍写"32×32"，而盘上 `fx_bullethole` 实测 **16×16**。③ 变体只有 1 张。 **【片FX-ALL 2026-09-23 落地 · 消除】** ② 注记**已修**：`Core/ResPaths.cs` 的 `fx_bullethole` 注记改为 16×16，并新增 `FxBulletHoleKeys` / `FxBloodKeys` 两张字面量 key 表；③ 变体**已补到 5 张**（`{shot1`…`{shot5`，见本表 D3 的弹痕多变体行）；**尺寸口径已修**：旧 `Vector3.one * DecalSize` 把 16px 贴图当 1 世界单位宽 ⇒ 只有 `0.075 / 16 ≈ 0.0120 m`（比 7.5 cm **小 6.25 倍**）；新 `SpriteScaleForMeters(s, meters)` 按 `s.bounds.size.x` 反推 ⇒ 实机 `世界宽=0.075m 缩放=0.469`。**遮罩透明已修**：`decals.wad` 的遮罩色是调色板**索引 0**（不是 255）⇒ 旧口径解出来是**不透明白方块**，`tools/probes/wad3-extract.py` 已按 `masked_bg_index` 修正（判据 E 段自带最小 PNG 解码器，逐张断言"既有不透明像素也有透明像素"）。**朝向退化已修**：地面命中时 `LookRotation(·, Vector3.up)` 退化会让贴片**立起来**（正对相机是一条线 = 看不见），已抽 `SurfaceUp()` helper 让弹痕 / 火星 / 血迹三处全走它（判据 D 段断言"调用点恰好 3 处、全文无裸写法"）。判据 = `tools/probes/decal-size-probe.py`（A~F 六段，**RESULT: PASS**；D / E 两段是先红后修）。并排图已采：联络图 `fx-表现联络图.png` 格 **02 / 05 / 09**（朝地 / 朝墙 / 多变体），肉眼终判：地面 7 个 / 墙面 6 个弹痕、形态**同构**。**贴图本身是灰阶**（实测 `decals.wad` 调色板逐 lump 彩色条目 0~1/256 ⇒ 弹痕画出来是灰阶，原版是否由引擎染色未取证）。① **尺寸映射的出处仍未消除**（`DecalSize = 0.075f` 保持，`DecalMetersPerPixel` 只是同族比例推演，⛔ 不是出处）。⇒ 差异 #69
D7	交叉 D7×D12 音乐×场景转移	交叉状态	-	进图要停、回菜单要起	地域研判	一致	patterns/full-coverage-audit.md §4
D8	client/Assets/Resources/Sound/SFX/sfx/ak47_fire.wav	事件→clip 触发	事件数≥1	每个 wav 都必须有一个事件触发点（出处：skill D8 口径）	代码命中=True	一致	client/Assets/Resources/Sound/SFX/sfx/ak47_fire.wav
D8	client/Assets/Resources/Sound/SFX/sfx/ak47_reload.wav	事件→clip 触发	事件数≥1	每个 wav 都必须有一个事件触发点（出处：skill D8 口径）	代码命中=True	一致	client/Assets/Resources/Sound/SFX/sfx/ak47_reload.wav
D8	client/Assets/Resources/Sound/SFX/sfx/aug_fire.wav	事件→clip 触发	事件数≥1	每个 wav 都必须有一个事件触发点（出处：skill D8 口径）	代码命中=True	一致	client/Assets/Resources/Sound/SFX/sfx/aug_fire.wav
D8	client/Assets/Resources/Sound/SFX/sfx/aug_reload.wav	事件→clip 触发	事件数≥1	每个 wav 都必须有一个事件触发点（出处：skill D8 口径）	代码命中=True	一致	client/Assets/Resources/Sound/SFX/sfx/aug_reload.wav
D8	client/Assets/Resources/Sound/SFX/sfx/awp_fire.wav	事件→clip 触发	事件数≥1	每个 wav 都必须有一个事件触发点（出处：skill D8 口径）	代码命中=True	一致	client/Assets/Resources/Sound/SFX/sfx/awp_fire.wav
D8	client/Assets/Resources/Sound/SFX/sfx/awp_reload.wav	事件→clip 触发	事件数≥1	每个 wav 都必须有一个事件触发点（出处：skill D8 口径）	代码命中=True	一致	client/Assets/Resources/Sound/SFX/sfx/awp_reload.wav
D8	client/Assets/Resources/Sound/SFX/sfx/bomb_beep.wav	事件→clip 触发	事件数≥1	每个 wav 都必须有一个事件触发点（出处：skill D8 口径）	代码命中=True	一致	client/Assets/Resources/Sound/SFX/sfx/bomb_beep.wav
D8	client/Assets/Resources/Sound/SFX/sfx/bomb_beep_fast.wav	事件→clip 触发	事件数≥1	每个 wav 都必须有一个事件触发点（出处：skill D8 口径）	代码命中=True	一致	client/Assets/Resources/Sound/SFX/sfx/bomb_beep_fast.wav
D8	client/Assets/Resources/Sound/SFX/sfx/bomb_defuse.wav	事件→clip 触发	事件数≥1	每个 wav 都必须有一个事件触发点（出处：skill D8 口径）	代码命中=True	一致	client/Assets/Resources/Sound/SFX/sfx/bomb_defuse.wav
D8	client/Assets/Resources/Sound/SFX/sfx/bomb_defuse_radio.wav	事件→clip 触发	事件数≥1	每个 wav 都必须有一个事件触发点（出处：skill D8 口径）	代码命中=True	一致	client/Assets/Resources/Sound/SFX/sfx/bomb_defuse_radio.wav
D8	client/Assets/Resources/Sound/SFX/sfx/bomb_explode.wav	事件→clip 触发	事件数≥1	每个 wav 都必须有一个事件触发点（出处：skill D8 口径）	代码命中=True	一致	client/Assets/Resources/Sound/SFX/sfx/bomb_explode.wav
D8	client/Assets/Resources/Sound/SFX/sfx/bomb_plant.wav	事件→clip 触发	事件数≥1	每个 wav 都必须有一个事件触发点（出处：skill D8 口径）	代码命中=True	一致	client/Assets/Resources/Sound/SFX/sfx/bomb_plant.wav
D8	client/Assets/Resources/Sound/SFX/sfx/bomb_plant_radio.wav	事件→clip 触发	事件数≥1	每个 wav 都必须有一个事件触发点（出处：skill D8 口径）	代码命中=True	一致	client/Assets/Resources/Sound/SFX/sfx/bomb_plant_radio.wav
D8	client/Assets/Resources/Sound/SFX/sfx/c4_fire.wav	事件→clip 触发	事件数≥1	每个 wav 都必须有一个事件触发点（出处：skill D8 口径）	代码命中=True	一致	client/Assets/Resources/Sound/SFX/sfx/c4_fire.wav
D8	client/Assets/Resources/Sound/SFX/sfx/c4_reload.wav	事件→clip 触发	事件数≥1	每个 wav 都必须有一个事件触发点（出处：skill D8 口径）	代码命中=True	一致	client/Assets/Resources/Sound/SFX/sfx/c4_reload.wav
D8	client/Assets/Resources/Sound/SFX/sfx/deagle_fire.wav	事件→clip 触发	事件数≥1	每个 wav 都必须有一个事件触发点（出处：skill D8 口径）	代码命中=True	一致	client/Assets/Resources/Sound/SFX/sfx/deagle_fire.wav
D8	client/Assets/Resources/Sound/SFX/sfx/deagle_reload.wav	事件→clip 触发	事件数≥1	每个 wav 都必须有一个事件触发点（出处：skill D8 口径）	代码命中=True	一致	client/Assets/Resources/Sound/SFX/sfx/deagle_reload.wav
D8	client/Assets/Resources/Sound/SFX/sfx/death.wav	事件→clip 触发	事件数≥1	每个 wav 都必须有一个事件触发点（出处：skill D8 口径）	代码命中=True	一致	client/Assets/Resources/Sound/SFX/sfx/death.wav
D8	client/Assets/Resources/Sound/SFX/sfx/death2.wav	事件→clip 触发	事件数≥1	每个 wav 都必须有一个事件触发点（出处：skill D8 口径）	代码命中=True	一致	client/Assets/Resources/Sound/SFX/sfx/death2.wav
D8	client/Assets/Resources/Sound/SFX/sfx/death3.wav	事件→clip 触发	事件数≥1	每个 wav 都必须有一个事件触发点（出处：skill D8 口径）	代码命中=True	一致	client/Assets/Resources/Sound/SFX/sfx/death3.wav
D8	client/Assets/Resources/Sound/SFX/sfx/dryfire.wav	事件→clip 触发	事件数≥1	每个 wav 都必须有一个事件触发点（出处：skill D8 口径）	代码命中=True	一致	client/Assets/Resources/Sound/SFX/sfx/dryfire.wav
D8	client/Assets/Resources/Sound/SFX/sfx/elite_fire.wav	事件→clip 触发	事件数≥1	每个 wav 都必须有一个事件触发点（出处：skill D8 口径）	代码命中=True	一致	client/Assets/Resources/Sound/SFX/sfx/elite_fire.wav
D8	client/Assets/Resources/Sound/SFX/sfx/elite_reload.wav	事件→clip 触发	事件数≥1	每个 wav 都必须有一个事件触发点（出处：skill D8 口径）	代码命中=True	一致	client/Assets/Resources/Sound/SFX/sfx/elite_reload.wav
D8	client/Assets/Resources/Sound/SFX/sfx/famas_fire.wav	事件→clip 触发	事件数≥1	每个 wav 都必须有一个事件触发点（出处：skill D8 口径）	代码命中=True	一致	client/Assets/Resources/Sound/SFX/sfx/famas_fire.wav
D8	client/Assets/Resources/Sound/SFX/sfx/famas_reload.wav	事件→clip 触发	事件数≥1	每个 wav 都必须有一个事件触发点（出处：skill D8 口径）	代码命中=True	一致	client/Assets/Resources/Sound/SFX/sfx/famas_reload.wav
D8	client/Assets/Resources/Sound/SFX/sfx/fiveseven_fire.wav	事件→clip 触发	事件数≥1	每个 wav 都必须有一个事件触发点（出处：skill D8 口径）	代码命中=True	一致	client/Assets/Resources/Sound/SFX/sfx/fiveseven_fire.wav
D8	client/Assets/Resources/Sound/SFX/sfx/fiveseven_reload.wav	事件→clip 触发	事件数≥1	每个 wav 都必须有一个事件触发点（出处：skill D8 口径）	代码命中=True	一致	client/Assets/Resources/Sound/SFX/sfx/fiveseven_reload.wav
D8	client/Assets/Resources/Sound/SFX/sfx/flash_explode.wav	事件→clip 触发	事件数≥1	每个 wav 都必须有一个事件触发点（出处：skill D8 口径）	代码命中=True	一致	client/Assets/Resources/Sound/SFX/sfx/flash_explode.wav
D8	client/Assets/Resources/Sound/SFX/sfx/flashbang_fire.wav	事件→clip 触发	事件数≥1	每个 wav 都必须有一个事件触发点（出处：skill D8 口径）	代码命中=True	一致	client/Assets/Resources/Sound/SFX/sfx/flashbang_fire.wav
D8	client/Assets/Resources/Sound/SFX/sfx/flashbang_reload.wav	事件→clip 触发	事件数≥1	每个 wav 都必须有一个事件触发点（出处：skill D8 口径）	代码命中=True	一致	client/Assets/Resources/Sound/SFX/sfx/flashbang_reload.wav
D8	client/Assets/Resources/Sound/SFX/sfx/g3sg1_fire.wav	事件→clip 触发	事件数≥1	每个 wav 都必须有一个事件触发点（出处：skill D8 口径）	代码命中=True	一致	client/Assets/Resources/Sound/SFX/sfx/g3sg1_fire.wav
D8	client/Assets/Resources/Sound/SFX/sfx/g3sg1_reload.wav	事件→clip 触发	事件数≥1	每个 wav 都必须有一个事件触发点（出处：skill D8 口径）	代码命中=True	一致	client/Assets/Resources/Sound/SFX/sfx/g3sg1_reload.wav
D8	client/Assets/Resources/Sound/SFX/sfx/galil_fire.wav	事件→clip 触发	事件数≥1	每个 wav 都必须有一个事件触发点（出处：skill D8 口径）	代码命中=True	一致	client/Assets/Resources/Sound/SFX/sfx/galil_fire.wav
D8	client/Assets/Resources/Sound/SFX/sfx/galil_reload.wav	事件→clip 触发	事件数≥1	每个 wav 都必须有一个事件触发点（出处：skill D8 口径）	代码命中=True	一致	client/Assets/Resources/Sound/SFX/sfx/galil_reload.wav
D8	client/Assets/Resources/Sound/SFX/sfx/glock18_fire.wav	事件→clip 触发	事件数≥1	每个 wav 都必须有一个事件触发点（出处：skill D8 口径）	代码命中=True	一致	client/Assets/Resources/Sound/SFX/sfx/glock18_fire.wav
D8	client/Assets/Resources/Sound/SFX/sfx/glock18_reload.wav	事件→clip 触发	事件数≥1	每个 wav 都必须有一个事件触发点（出处：skill D8 口径）	代码命中=True	一致	client/Assets/Resources/Sound/SFX/sfx/glock18_reload.wav
D8	client/Assets/Resources/Sound/SFX/sfx/grenade_explode.wav	事件→clip 触发	事件数≥1	每个 wav 都必须有一个事件触发点（出处：skill D8 口径）	代码命中=True	一致	client/Assets/Resources/Sound/SFX/sfx/grenade_explode.wav
D8	client/Assets/Resources/Sound/SFX/sfx/hegrenade_fire.wav	事件→clip 触发	事件数≥1	每个 wav 都必须有一个事件触发点（出处：skill D8 口径）	代码命中=True	一致	client/Assets/Resources/Sound/SFX/sfx/hegrenade_fire.wav
D8	client/Assets/Resources/Sound/SFX/sfx/hegrenade_reload.wav	事件→clip 触发	事件数≥1	每个 wav 都必须有一个事件触发点（出处：skill D8 口径）	代码命中=True	一致	client/Assets/Resources/Sound/SFX/sfx/hegrenade_reload.wav
D8	client/Assets/Resources/Sound/SFX/sfx/hit_flesh.wav	事件→clip 触发	事件数≥1	每个 wav 都必须有一个事件触发点（出处：skill D8 口径）	代码命中=True	一致	client/Assets/Resources/Sound/SFX/sfx/hit_flesh.wav
D8	client/Assets/Resources/Sound/SFX/sfx/hit_kevlar.wav	事件→clip 触发	事件数≥1	每个 wav 都必须有一个事件触发点（出处：skill D8 口径）	代码命中=True	一致	client/Assets/Resources/Sound/SFX/sfx/hit_kevlar.wav
D8	client/Assets/Resources/Sound/SFX/sfx/hit_wall.wav	事件→clip 触发	事件数≥1	每个 wav 都必须有一个事件触发点（出处：skill D8 口径）	代码命中=True	一致	client/Assets/Resources/Sound/SFX/sfx/hit_wall.wav
D8	client/Assets/Resources/Sound/SFX/sfx/hitmarker.wav	事件→clip 触发	事件数≥1	每个 wav 都必须有一个事件触发点（出处：skill D8 口径）	代码命中=True	一致	client/Assets/Resources/Sound/SFX/sfx/hitmarker.wav
D8	client/Assets/Resources/Sound/SFX/sfx/hitmarker_head.wav	事件→clip 触发	事件数≥1	每个 wav 都必须有一个事件触发点（出处：skill D8 口径）	代码命中=True	一致	client/Assets/Resources/Sound/SFX/sfx/hitmarker_head.wav
D8	client/Assets/Resources/Sound/SFX/sfx/jump.wav	事件→clip 触发	事件数≥1	每个 wav 都必须有一个事件触发点（出处：skill D8 口径）	代码命中=True	一致	client/Assets/Resources/Sound/SFX/sfx/jump.wav
D8	client/Assets/Resources/Sound/SFX/sfx/knife_fire.wav	事件→clip 触发	事件数≥1	每个 wav 都必须有一个事件触发点（出处：skill D8 口径）	代码命中=True	一致	client/Assets/Resources/Sound/SFX/sfx/knife_fire.wav
D8	client/Assets/Resources/Sound/SFX/sfx/knife_hit.wav	事件→clip 触发	事件数≥1	每个 wav 都必须有一个事件触发点（出处：skill D8 口径）	代码命中=True	一致	client/Assets/Resources/Sound/SFX/sfx/knife_hit.wav
D8	client/Assets/Resources/Sound/SFX/sfx/knife_reload.wav	事件→clip 触发	事件数≥1	每个 wav 都必须有一个事件触发点（出处：skill D8 口径）	代码命中=True	一致	client/Assets/Resources/Sound/SFX/sfx/knife_reload.wav
D8	client/Assets/Resources/Sound/SFX/sfx/land.wav	事件→clip 触发	事件数≥1	每个 wav 都必须有一个事件触发点（出处：skill D8 口径）	代码命中=True	一致	client/Assets/Resources/Sound/SFX/sfx/land.wav
D8	client/Assets/Resources/Sound/SFX/sfx/m249_fire.wav	事件→clip 触发	事件数≥1	每个 wav 都必须有一个事件触发点（出处：skill D8 口径）	代码命中=True	一致	client/Assets/Resources/Sound/SFX/sfx/m249_fire.wav
D8	client/Assets/Resources/Sound/SFX/sfx/m249_reload.wav	事件→clip 触发	事件数≥1	每个 wav 都必须有一个事件触发点（出处：skill D8 口径）	代码命中=True	一致	client/Assets/Resources/Sound/SFX/sfx/m249_reload.wav
D8	client/Assets/Resources/Sound/SFX/sfx/m3_fire.wav	事件→clip 触发	事件数≥1	每个 wav 都必须有一个事件触发点（出处：skill D8 口径）	代码命中=True	一致	client/Assets/Resources/Sound/SFX/sfx/m3_fire.wav
D8	client/Assets/Resources/Sound/SFX/sfx/m3_reload.wav	事件→clip 触发	事件数≥1	每个 wav 都必须有一个事件触发点（出处：skill D8 口径）	代码命中=True	一致	client/Assets/Resources/Sound/SFX/sfx/m3_reload.wav
D8	client/Assets/Resources/Sound/SFX/sfx/m4a1_fire.wav	事件→clip 触发	事件数≥1	每个 wav 都必须有一个事件触发点（出处：skill D8 口径）	代码命中=True	一致	client/Assets/Resources/Sound/SFX/sfx/m4a1_fire.wav
D8	client/Assets/Resources/Sound/SFX/sfx/m4a1_reload.wav	事件→clip 触发	事件数≥1	每个 wav 都必须有一个事件触发点（出处：skill D8 口径）	代码命中=True	一致	client/Assets/Resources/Sound/SFX/sfx/m4a1_reload.wav
D8	client/Assets/Resources/Sound/SFX/sfx/mac10_fire.wav	事件→clip 触发	事件数≥1	每个 wav 都必须有一个事件触发点（出处：skill D8 口径）	代码命中=True	一致	client/Assets/Resources/Sound/SFX/sfx/mac10_fire.wav
D8	client/Assets/Resources/Sound/SFX/sfx/mac10_reload.wav	事件→clip 触发	事件数≥1	每个 wav 都必须有一个事件触发点（出处：skill D8 口径）	代码命中=True	一致	client/Assets/Resources/Sound/SFX/sfx/mac10_reload.wav
D8	client/Assets/Resources/Sound/SFX/sfx/menu_click.wav	事件→clip 触发	事件数≥1	每个 wav 都必须有一个事件触发点（出处：skill D8 口径）	代码命中=True	一致	client/Assets/Resources/Sound/SFX/sfx/menu_click.wav
D8	client/Assets/Resources/Sound/SFX/sfx/mp5_fire.wav	事件→clip 触发	事件数≥1	每个 wav 都必须有一个事件触发点（出处：skill D8 口径）	代码命中=True	一致	client/Assets/Resources/Sound/SFX/sfx/mp5_fire.wav
D8	client/Assets/Resources/Sound/SFX/sfx/mp5_reload.wav	事件→clip 触发	事件数≥1	每个 wav 都必须有一个事件触发点（出处：skill D8 口径）	代码命中=True	一致	client/Assets/Resources/Sound/SFX/sfx/mp5_reload.wav
D8	client/Assets/Resources/Sound/SFX/sfx/p228_fire.wav	事件→clip 触发	事件数≥1	每个 wav 都必须有一个事件触发点（出处：skill D8 口径）	代码命中=True	一致	client/Assets/Resources/Sound/SFX/sfx/p228_fire.wav
D8	client/Assets/Resources/Sound/SFX/sfx/p228_reload.wav	事件→clip 触发	事件数≥1	每个 wav 都必须有一个事件触发点（出处：skill D8 口径）	代码命中=True	一致	client/Assets/Resources/Sound/SFX/sfx/p228_reload.wav
D8	client/Assets/Resources/Sound/SFX/sfx/p90_fire.wav	事件→clip 触发	事件数≥1	每个 wav 都必须有一个事件触发点（出处：skill D8 口径）	代码命中=True	一致	client/Assets/Resources/Sound/SFX/sfx/p90_fire.wav
D8	client/Assets/Resources/Sound/SFX/sfx/p90_reload.wav	事件→clip 触发	事件数≥1	每个 wav 都必须有一个事件触发点（出处：skill D8 口径）	代码命中=True	一致	client/Assets/Resources/Sound/SFX/sfx/p90_reload.wav
D8	client/Assets/Resources/Sound/SFX/sfx/pain.wav	事件→clip 触发	事件数≥1	每个 wav 都必须有一个事件触发点（出处：skill D8 口径）	代码命中=True	一致	client/Assets/Resources/Sound/SFX/sfx/pain.wav
D8	client/Assets/Resources/Sound/SFX/sfx/round_start.wav	事件→clip 触发	事件数≥1	每个 wav 都必须有一个事件触发点（出处：skill D8 口径）	代码命中=True	一致	client/Assets/Resources/Sound/SFX/sfx/round_start.wav
D8	client/Assets/Resources/Sound/SFX/sfx/round_start2.wav	事件→clip 触发	事件数≥1	每个 wav 都必须有一个事件触发点（出处：skill D8 口径）	代码命中=True	一致	client/Assets/Resources/Sound/SFX/sfx/round_start2.wav
D8	client/Assets/Resources/Sound/SFX/sfx/scout_fire.wav	事件→clip 触发	事件数≥1	每个 wav 都必须有一个事件触发点（出处：skill D8 口径）	代码命中=True	一致	client/Assets/Resources/Sound/SFX/sfx/scout_fire.wav
D8	client/Assets/Resources/Sound/SFX/sfx/scout_reload.wav	事件→clip 触发	事件数≥1	每个 wav 都必须有一个事件触发点（出处：skill D8 口径）	代码命中=True	一致	client/Assets/Resources/Sound/SFX/sfx/scout_reload.wav
D8	client/Assets/Resources/Sound/SFX/sfx/sg550_fire.wav	事件→clip 触发	事件数≥1	每个 wav 都必须有一个事件触发点（出处：skill D8 口径）	代码命中=True	一致	client/Assets/Resources/Sound/SFX/sfx/sg550_fire.wav
D8	client/Assets/Resources/Sound/SFX/sfx/sg550_reload.wav	事件→clip 触发	事件数≥1	每个 wav 都必须有一个事件触发点（出处：skill D8 口径）	代码命中=True	一致	client/Assets/Resources/Sound/SFX/sfx/sg550_reload.wav
D8	client/Assets/Resources/Sound/SFX/sfx/sg552_fire.wav	事件→clip 触发	事件数≥1	每个 wav 都必须有一个事件触发点（出处：skill D8 口径）	代码命中=True	一致	client/Assets/Resources/Sound/SFX/sfx/sg552_fire.wav
D8	client/Assets/Resources/Sound/SFX/sfx/sg552_reload.wav	事件→clip 触发	事件数≥1	每个 wav 都必须有一个事件触发点（出处：skill D8 口径）	代码命中=True	一致	client/Assets/Resources/Sound/SFX/sfx/sg552_reload.wav
D8	client/Assets/Resources/Sound/SFX/sfx/smokegrenade_fire.wav	事件→clip 触发	事件数≥1	每个 wav 都必须有一个事件触发点（出处：skill D8 口径）	代码命中=True	一致	client/Assets/Resources/Sound/SFX/sfx/smokegrenade_fire.wav
D8	client/Assets/Resources/Sound/SFX/sfx/smokegrenade_reload.wav	事件→clip 触发	事件数≥1	每个 wav 都必须有一个事件触发点（出处：skill D8 口径）	代码命中=True	一致	client/Assets/Resources/Sound/SFX/sfx/smokegrenade_reload.wav
D8	client/Assets/Resources/Sound/SFX/sfx/step.wav	事件→clip 触发	事件数≥1	每个 wav 都必须有一个事件触发点（出处：skill D8 口径）	代码命中=True	一致	client/Assets/Resources/Sound/SFX/sfx/step.wav
D8	client/Assets/Resources/Sound/SFX/sfx/step2.wav	事件→clip 触发	事件数≥1	每个 wav 都必须有一个事件触发点（出处：skill D8 口径）	代码命中=True	一致	client/Assets/Resources/Sound/SFX/sfx/step2.wav
D8	client/Assets/Resources/Sound/SFX/sfx/step3.wav	事件→clip 触发	事件数≥1	每个 wav 都必须有一个事件触发点（出处：skill D8 口径）	代码命中=True	一致	client/Assets/Resources/Sound/SFX/sfx/step3.wav
D8	client/Assets/Resources/Sound/SFX/sfx/step4.wav	事件→clip 触发	事件数≥1	每个 wav 都必须有一个事件触发点（出处：skill D8 口径）	代码命中=True	一致	client/Assets/Resources/Sound/SFX/sfx/step4.wav
D8	client/Assets/Resources/Sound/SFX/sfx/tmp_fire.wav	事件→clip 触发	事件数≥1	每个 wav 都必须有一个事件触发点（出处：skill D8 口径）	代码命中=True	一致	client/Assets/Resources/Sound/SFX/sfx/tmp_fire.wav
D8	client/Assets/Resources/Sound/SFX/sfx/tmp_reload.wav	事件→clip 触发	事件数≥1	每个 wav 都必须有一个事件触发点（出处：skill D8 口径）	代码命中=True	一致	client/Assets/Resources/Sound/SFX/sfx/tmp_reload.wav
D8	client/Assets/Resources/Sound/SFX/sfx/ump45_fire.wav	事件→clip 触发	事件数≥1	每个 wav 都必须有一个事件触发点（出处：skill D8 口径）	代码命中=True	一致	client/Assets/Resources/Sound/SFX/sfx/ump45_fire.wav
D8	client/Assets/Resources/Sound/SFX/sfx/ump45_reload.wav	事件→clip 触发	事件数≥1	每个 wav 都必须有一个事件触发点（出处：skill D8 口径）	代码命中=True	一致	client/Assets/Resources/Sound/SFX/sfx/ump45_reload.wav
D8	client/Assets/Resources/Sound/SFX/sfx/usp_fire.wav	事件→clip 触发	事件数≥1	每个 wav 都必须有一个事件触发点（出处：skill D8 口径）	代码命中=True	一致	client/Assets/Resources/Sound/SFX/sfx/usp_fire.wav
D8	client/Assets/Resources/Sound/SFX/sfx/usp_reload.wav	事件→clip 触发	事件数≥1	每个 wav 都必须有一个事件触发点（出处：skill D8 口径）	代码命中=True	一致	client/Assets/Resources/Sound/SFX/sfx/usp_reload.wav
D8	client/Assets/Resources/Sound/SFX/sfx/win_ct.wav	事件→clip 触发	事件数≥1	每个 wav 都必须有一个事件触发点（出处：skill D8 口径）	代码命中=True	一致	client/Assets/Resources/Sound/SFX/sfx/win_ct.wav
D8	client/Assets/Resources/Sound/SFX/sfx/win_t.wav	事件→clip 触发	事件数≥1	每个 wav 都必须有一个事件触发点（出处：skill D8 口径）	代码命中=True	一致	client/Assets/Resources/Sound/SFX/sfx/win_t.wav
D8	client/Assets/Resources/Sound/SFX/sfx/xm1014_fire.wav	事件→clip 触发	事件数≥1	每个 wav 都必须有一个事件触发点（出处：skill D8 口径）	代码命中=True	一致	client/Assets/Resources/Sound/SFX/sfx/xm1014_fire.wav
D8	client/Assets/Resources/Sound/SFX/sfx/xm1014_reload.wav	事件→clip 触发	事件数≥1	每个 wav 都必须有一个事件触发点（出处：skill D8 口径）	代码命中=True	一致	client/Assets/Resources/Sound/SFX/sfx/xm1014_reload.wav
D8	client/Assets/Resources/Sound/SFX/sfx/zoom.wav	事件→clip 触发	事件数≥1	每个 wav 都必须有一个事件触发点（出处：skill D8 口径）	代码命中=True	一致	client/Assets/Resources/Sound/SFX/sfx/zoom.wav
D8	交叉 D8×D6 音效×事件×材质	交叉状态	-	脚踏沙 vs 金属；打木头 vs 混凝土	地域研判	一致	patterns/full-coverage-audit.md §4
D8	武器事件/Ak47	fire	-	原版同武器有对应音效	存在=True	一致	ak47_fire.wav
D8	武器事件/Ak47	reload	-	原版同武器有对应音效	存在=True	一致	ak47_reload.wav
D8	武器事件/Aug	fire	-	原版同武器有对应音效	存在=True	一致	aug_fire.wav
D8	武器事件/Aug	reload	-	原版同武器有对应音效	存在=True	一致	aug_reload.wav
D8	武器事件/Awp	fire	-	原版同武器有对应音效	存在=True	一致	awp_fire.wav
D8	武器事件/Awp	reload	-	原版同武器有对应音效	存在=True	一致	awp_reload.wav
D8	武器事件/C4	fire	-	原版同武器有对应音效	存在=True	一致	c4_fire.wav
D8	武器事件/C4	reload	-	原版同武器有对应音效	存在=True	一致	c4_reload.wav
D8	武器事件/Deagle	fire	-	原版同武器有对应音效	存在=True	一致	deagle_fire.wav
D8	武器事件/Deagle	reload	-	原版同武器有对应音效	存在=True	一致	deagle_reload.wav
D8	武器事件/Elite	fire	-	原版同武器有对应音效	存在=True	一致	elite_fire.wav
D8	武器事件/Elite	reload	-	原版同武器有对应音效	存在=True	一致	elite_reload.wav
D8	武器事件/Famas	fire	-	原版同武器有对应音效	存在=True	一致	famas_fire.wav
D8	武器事件/Famas	reload	-	原版同武器有对应音效	存在=True	一致	famas_reload.wav
D8	武器事件/FiveSeven	fire	-	原版同武器有对应音效	存在=True	一致	fiveseven_fire.wav
D8	武器事件/FiveSeven	reload	-	原版同武器有对应音效	存在=True	一致	fiveseven_reload.wav
D8	武器事件/Flashbang	fire	-	原版同武器有对应音效	存在=True	一致	flashbang_fire.wav
D8	武器事件/Flashbang	reload	-	原版同武器有对应音效	存在=True	一致	flashbang_reload.wav
D8	武器事件/G3sg1	fire	-	原版同武器有对应音效	存在=True	一致	g3sg1_fire.wav
D8	武器事件/G3sg1	reload	-	原版同武器有对应音效	存在=True	一致	g3sg1_reload.wav
D8	武器事件/Galil	fire	-	原版同武器有对应音效	存在=True	一致	galil_fire.wav
D8	武器事件/Galil	reload	-	原版同武器有对应音效	存在=True	一致	galil_reload.wav
D8	武器事件/Glock18	fire	-	原版同武器有对应音效	存在=True	一致	glock18_fire.wav
D8	武器事件/Glock18	reload	-	原版同武器有对应音效	存在=True	一致	glock18_reload.wav
D8	武器事件/HeGrenade	fire	-	原版同武器有对应音效	存在=True	一致	hegrenade_fire.wav
D8	武器事件/HeGrenade	reload	-	原版同武器有对应音效	存在=True	一致	hegrenade_reload.wav
D8	武器事件/Knife	fire	-	原版同武器有对应音效	存在=True	一致	knife_fire.wav
D8	武器事件/Knife	reload	-	原版同武器有对应音效	存在=True	一致	knife_reload.wav
D8	武器事件/M249	fire	-	原版同武器有对应音效	存在=True	一致	m249_fire.wav
D8	武器事件/M249	reload	-	原版同武器有对应音效	存在=True	一致	m249_reload.wav
D8	武器事件/M3	fire	-	原版同武器有对应音效	存在=True	一致	m3_fire.wav
D8	武器事件/M3	reload	-	原版同武器有对应音效	存在=True	一致	m3_reload.wav
D8	武器事件/M4A1	fire	-	原版同武器有对应音效	存在=True	一致	m4a1_fire.wav
D8	武器事件/M4A1	reload	-	原版同武器有对应音效	存在=True	一致	m4a1_reload.wav
D8	武器事件/Mac10	fire	-	原版同武器有对应音效	存在=True	一致	mac10_fire.wav
D8	武器事件/Mac10	reload	-	原版同武器有对应音效	存在=True	一致	mac10_reload.wav
D8	武器事件/Mp5	fire	-	原版同武器有对应音效	存在=True	一致	mp5_fire.wav
D8	武器事件/Mp5	reload	-	原版同武器有对应音效	存在=True	一致	mp5_reload.wav
D8	武器事件/P228	fire	-	原版同武器有对应音效	存在=True	一致	p228_fire.wav
D8	武器事件/P228	reload	-	原版同武器有对应音效	存在=True	一致	p228_reload.wav
D8	武器事件/P90	fire	-	原版同武器有对应音效	存在=True	一致	p90_fire.wav
D8	武器事件/P90	reload	-	原版同武器有对应音效	存在=True	一致	p90_reload.wav
D8	武器事件/Scout	fire	-	原版同武器有对应音效	存在=True	一致	scout_fire.wav
D8	武器事件/Scout	reload	-	原版同武器有对应音效	存在=True	一致	scout_reload.wav
D8	武器事件/Sg550	fire	-	原版同武器有对应音效	存在=True	一致	sg550_fire.wav
D8	武器事件/Sg550	reload	-	原版同武器有对应音效	存在=True	一致	sg550_reload.wav
D8	武器事件/Sg552	fire	-	原版同武器有对应音效	存在=True	一致	sg552_fire.wav
D8	武器事件/Sg552	reload	-	原版同武器有对应音效	存在=True	一致	sg552_reload.wav
D8	武器事件/SmokeGrenade	fire	-	原版同武器有对应音效	存在=True	一致	smokegrenade_fire.wav
D8	武器事件/SmokeGrenade	reload	-	原版同武器有对应音效	存在=True	一致	smokegrenade_reload.wav
D8	武器事件/Tmp	fire	-	原版同武器有对应音效	存在=True	一致	tmp_fire.wav
D8	武器事件/Tmp	reload	-	原版同武器有对应音效	存在=True	一致	tmp_reload.wav
D8	武器事件/Ump45	fire	-	原版同武器有对应音效	存在=True	一致	ump45_fire.wav
D8	武器事件/Ump45	reload	-	原版同武器有对应音效	存在=True	一致	ump45_reload.wav
D8	武器事件/Usp	fire	-	原版同武器有对应音效	存在=True	一致	usp_fire.wav
D8	武器事件/Usp	reload	-	原版同武器有对应音效	存在=True	一致	usp_reload.wav
D8	武器事件/Xm1014	fire	-	原版同武器有对应音效	存在=True	一致	xm1014_fire.wav
D8	武器事件/Xm1014	reload	-	原版同武器有对应音效	存在=True	一致	xm1014_reload.wav
D8	装备音效/Defuser	开火音	-	原版被动装备（Defuser/Vest/VestHelm）没有开火与换弹动作 ⇒ 无对应采样	未接（与 A 一致：原版也没有）	允许的差异(→ 差异登记.tsv)	client/Assets/Scripts/Core/CsWeapons.cs
D8	装备音效/Defuser	换弹音	-	原版被动装备（Defuser/Vest/VestHelm）没有开火与换弹动作 ⇒ 无对应采样	未接（与 A 一致：原版也没有）	允许的差异(→ 差异登记.tsv)	client/Assets/Scripts/Core/CsWeapons.cs
D8	装备音效/Vest	开火音	-	原版被动装备（Defuser/Vest/VestHelm）没有开火与换弹动作 ⇒ 无对应采样	未接（与 A 一致：原版也没有）	允许的差异(→ 差异登记.tsv)	client/Assets/Scripts/Core/CsWeapons.cs
D8	装备音效/Vest	换弹音	-	原版被动装备（Defuser/Vest/VestHelm）没有开火与换弹动作 ⇒ 无对应采样	未接（与 A 一致：原版也没有）	允许的差异(→ 差异登记.tsv)	client/Assets/Scripts/Core/CsWeapons.cs
D8	装备音效/VestHelm	开火音	-	原版被动装备（Defuser/Vest/VestHelm）没有开火与换弹动作 ⇒ 无对应采样	未接（与 A 一致：原版也没有）	允许的差异(→ 差异登记.tsv)	client/Assets/Scripts/Core/CsWeapons.cs
D8	装备音效/VestHelm	换弹音	-	原版被动装备（Defuser/Vest/VestHelm）没有开火与换弹动作 ⇒ 无对应采样	未接（与 A 一致：原版也没有）	允许的差异(→ 差异登记.tsv)	client/Assets/Scripts/Core/CsWeapons.cs
D9	B 点旋转楼梯（可行走性：台阶高差 / 斜面法线 / 膝盖射线）	用户本轮报的场景	真实机 / 本片只诊断（修在后续切片）	复现用户描述的现象	未修（登记为允许的差异）	允许的差异(→ 差异登记.tsv)	【片BD 2026-09-22 **实测（数值类）**】判据资产 `tools/probes/bstairs-walkline.cs` → 产物 `tools/probes/bstairs-walkline.txt`：沿**真实走廊路径**（A* 独立复算，契约同引擎 `AStar`；与 `tools/probes/bot-path-check.py` 同一张位图、同一组端点）逐帧（≤0.25 m/帧）推进 —— **两侧都到顶**：T 侧 frames=162 / 被钳住帧=0 / 到顶=True；CT 侧 frames=125 / 被钳住帧=0 / 到顶=True。逐格四道闸门（`CsMap.cs:514-531`：① 中心格可走 ② 落点地面高差 ≤ 0.45m ③ 落点法线 y ≥ 0.70 ④ 膝盖射线）被拒格 = T 侧 0/32、CT 侧 1/24（CT 第 0 格是"标记点自带 y 与实测地面 y 的初值差 0.553 m"造成的判据初值残差，不是真实阻断：`(E)` 段第 0 帧先把 y 贴地后 125 帧内到顶）。⇒ 位图层面（`bot-path-check.py`）与物理层面（本探针）**都通**
D9	交叉 D9×角色类型 碰撞×角色类型	交叉状态	-	玩家 vs Bot（投掷物见差异登记）	地域研判	一致	patterns/full-coverage-audit.md §4
D9	可站立坡度法线阈值	阈值边界	0	原版 pm_shared.c: normal[2] < 0.7 = too steep	常量=0.7	一致	Core/CsConst.cs
D9	可站立坡度法线阈值	阈值边界	acos(0.7)≈45.573°	原版 pm_shared.c: normal[2] < 0.7 = too steep	常量=0.7	一致	Core/CsConst.cs
D9	可站立坡度法线阈值	阈值边界	acos(0.7)≈45.573° 上一档	原版 pm_shared.c: normal[2] < 0.7 = too steep	常量=0.7	一致	Core/CsConst.cs
D9	可站立坡度法线阈值	阈值边界	acos(0.7)≈45.573° 下一档	原版 pm_shared.c: normal[2] < 0.7 = too steep	常量=0.7	一致	Core/CsConst.cs
D9	可迈上台阶高 StepUpHeight	阈值边界	0	原版 PM_WalkMove 台阶判据	常量=0.45	一致	Core/CsConst.cs
D9	可迈上台阶高 StepUpHeight	阈值边界	0.45±0.01 m	原版 PM_WalkMove 台阶判据	常量=0.45	一致	Core/CsConst.cs
D9	可迈上台阶高 StepUpHeight	阈值边界	0.45±0.01 m 上一档	原版 PM_WalkMove 台阶判据	常量=0.45	一致	Core/CsConst.cs
D9	可迈上台阶高 StepUpHeight	阈值边界	0.45±0.01 m 下一档	原版 PM_WalkMove 台阶判据	常量=0.45	一致	Core/CsConst.cs
D9	机器人地形贴合（"钻地"）	用户本轮报的场景	真实机 / 本片只诊断（修在后续切片）	复现用户描述的现象	未修（登记为允许的差异）	允许的差异(→ 差异登记.tsv)	离线可判的机制链（bot 与真人**走同一条**：`CsMatch.cs:2292` 与 `:1752` 都调 `StepActorPhysics`）① 移动 = `a.Position = resolved`（直接改位置，**不是** `CharacterController`/刚体）；② 水平 = `_map.ResolveMove`（扫掠 ≤0.25m + 分轴滑墙 + 台阶，`CsMap.cs:444-531`）；③ 竖直 = `TrySampleGround` 向下射线（`CsMap.cs:542-557`，只打 `CsWorld` 层 `:571-603`）；④ 探不到地面 → **软地板**（`CsMatch.cs:1853-1887` `_lastGroundY` / `TrySoftFloor`）+ 掉图兜底 `:1894-1904`。⇒ "钻地"的**可判据候选根因（离线不能定案，需一次实机）**：(a) 贴地位图是**单层 2D**（`client/Packages/com.clover.unity-engine/Runtime/Presentation/MapFormat.cs（第 29-30 行）` 的 `FlagHeightField` V1 未实现；差异 #49），上层平台/桥面在 XZ 上与下层同格 ⇒ 探地只取"第一个交点"，当角色从上层掉到下层时射线首交在**上面那层**⇒ 被拉回上层（观感＝钻进/穿出地面）；(b) 软地板（`:1863-1877`）在"连续探不到地面"时把人**贴到最后一次已知地面高度**⇒ 若 bot 正在上/下坡或站在`collision-mesh-gap.tsv` 列的"碰空气格"上，就会被贴在**低于视觉地面**的位置（外形像钻地）；(c) 走路点（`BotNavigator`）没有代价图，bot 会朝不可走方向推进并由逃逸逻辑乱走 ⇒ 在坡/台阶处反复进出几何。判据 = 一次实机 + 逐帧 `actor.Position.y` vs `SampleGround` 的数值日志（本片不采）⇒ 差异 #76。**【片BL-R2 2026-09-22 实测（数值类）】** 探针 `tools/probes/bot-phys.cs` + 聚合 `tools/probes/analyze-bot-phys.py` → 产物 `.ai-tmp/test/bk-bot-phys.tsv`（3595181 B / 18952 B 行 / 8 actor x 2369 采样；一次 Play，`play-log.tsv` 有本片行）：**脚底间隙** `|pos.y - groundY| > 0.05 m` 的行 = **3 / 18952**（最大 0.128 m，Minh）；地面法线 < 0.70（陡坡）行 = **0 / 18952**；`CanStand(pos)==0` 行 = **1 / 18952**；`dirsMovable==0`（被物理围死）行 = **0 / 18952** ⇒ **探针口径下没有观测到钻地**（间隙量级 0.13 m，不是穿层）。相邻机制只出现在业务日志：`[Warn] [Match] 连续探不到地面…贴到最后一次探测到的地面 y=-3.25` = **2 条**（窗口 18:35-18:42，`tools/probes/analyze-bot-ai-log.py --since`）⇒ 与 (b) 软地板同源、规模极小。**未定案**：探针列 27 `reason=want-no-ground` = **754 / 18952 行**（CT 751 / T 3）表示朝目标迈一步的落点在脚底高度 `TrySampleGround` 探不到地面，它同时兼容 (a) 落点是空洞/悬崖 与 (b) 落点地面高于脚底（跨层台阶 3.25 m 远大于 StepUpHeight 0.45）两种读法，现有列 `wantGroundY=na` 无法区分；区分需给探针加从高处起射的射线列 ⇒ 改动要带同批重采，本片不做，留给下一片
D9	箱子水平阻挡/box.png	可走格是不是顶面格	可走格 ⊆ 有朝上面的格	位图是单层 2D：箱子顶面（朝上的面）会被判成可走 ⇒ 只允许「能站上去的顶面格」可走	位图可走=15 非顶面可走=0 中心无地面格=0	一致	client/Assets/ThirdParty/Dust2/de_dust2_geo.bin
D9	箱子水平阻挡/box.png	能不能穿过	从等级地面走进胚印 ⇒ 全挡	原版：木箱挡人（func_breakable 也要先打碎）；出处：原版 de_dust2.bsp 实体与几何	外→内对=4：修前（只查位图）可走 0，修后（两层判据）可走 0	一致	client/Assets/ThirdParty/Dust2/de_dust2_geo.bin
D9	箱子水平阻挡/box.png	顶面能不能站	站得住（格中心最高朝上面）	原版：可以跳上木箱站住（出处：原版几何 + pm_shared.c 跳跃初速）	顶面站不住=0 处	一致	tools/probes/geom-check.py（A4）
D9	箱子水平阻挡/box_x.png	可走格是不是顶面格	可走格 ⊆ 有朝上面的格	位图是单层 2D：箱子顶面（朝上的面）会被判成可走 ⇒ 只允许「能站上去的顶面格」可走	位图可走=1 非顶面可走=0 中心无地面格=0	一致	client/Assets/ThirdParty/Dust2/de_dust2_geo.bin
D9	箱子水平阻挡/box_x.png	能不能穿过	从等级地面走进胚印 ⇒ 全挡	原版：木箱挡人（func_breakable 也要先打碎）；出处：原版 de_dust2.bsp 实体与几何	外→内对=10：修前（只查位图）可走 3，修后（两层判据）可走 0	一致	client/Assets/ThirdParty/Dust2/de_dust2_geo.bin
D9	箱子水平阻挡/box_x.png	顶面能不能站	站得住（格中心最高朝上面）	原版：可以跳上木箱站住（出处：原版几何 + pm_shared.c 跳跃初速）	顶面站不住=0 处	一致	tools/probes/geom-check.py（A4）
D9	角色间碰撞（player↔player）	不同层不互相推	脚面高差 ≥ 一个身高 ⇒ 不推	本工程竖直方向是真几何（能站箱子顶/高低两层平台）⇒ 不分层会把下面的人推开	判据 = CsConst.StandHeight=1.80 m	一致	client/Assets/Scripts/Module/Match/CsMatch.cs
D9	角色间碰撞（player↔player）	两个玩家重合	水平间距 ≥ 2×PlayerRadius	原版：角色之间有包围盒，不能重合（出处：GoldSrc 玩家包围盒 16×16×36 units）	离线断言 PASS=7 FAIL=0（同格 ⇒ 被推到间距 ≥ 0.72 m）	一致	client/Assets/Scripts/Module/Map/CsActorSeparation.cs
D9	跳跃初速	阈值边界	0	原版 pm_shared.c:2596	常量=6.82	一致	Core/CsConst.cs
D9	跳跃初速	阈值边界	sqrt(2*800*45.0)*0.0254 m/s	原版 pm_shared.c:2596	常量=6.82	一致	Core/CsConst.cs
D9	跳跃初速	阈值边界	sqrt(2*800*45.0)*0.0254 m/s 上一档	原版 pm_shared.c:2596	常量=6.82	一致	Core/CsConst.cs
D9	跳跃初速	阈值边界	sqrt(2*800*45.0)*0.0254 m/s 下一档	原版 pm_shared.c:2596	常量=6.82	一致	Core/CsConst.cs
D9	重力	阈值边界	0	原版 hw.dll.orig:0x189e90	常量=20.32	一致	Core/CsConst.cs
D9	重力	阈值边界	sv_gravity 800 * 0.0254	原版 hw.dll.orig:0x189e90	常量=20.32	一致	Core/CsConst.cs
D9	重力	阈值边界	sv_gravity 800 * 0.0254 上一档	原版 hw.dll.orig:0x189e90	常量=20.32	一致	Core/CsConst.cs
D9	重力	阈值边界	sv_gravity 800 * 0.0254 下一档	原版 hw.dll.orig:0x189e90	常量=20.32	一致	Core/CsConst.cs
D10	CsTeam 枚举	分支与边界	阈值±1 / 0 / 上限	CT/T/Spectator 三值	源码命中=True	一致	client/Assets/Scripts/Core/CsEnums.cs
D10	下包/拆包使用键	分支与边界	阈值±1 / 0 / 上限	E 按住	源码命中=True	一致	client/Assets/Scripts/Module/Match/CsMatch.cs
D10	丢枪	分支与边界	阈值±1 / 0 / 上限	-	源码命中=True	一致	client/Assets/Scripts/Module/Match/CsMatch.cs
D10	买枪区判定	分支与边界	阈值±1 / 0 / 上限	区域 + 15s 窗口	源码命中=True	一致	client/Assets/Scripts/Module/Match/CsMatch.cs
D10	伤害模型	分支与边界	阈值±1 / 0 / 上限	部位×护甲×距离	源码命中=True	一致	client/Assets/Scripts/Module/Match/CsDamage.cs
D10	冻结期禁移动	分支与边界	阈值±1 / 0 / 上限	冻结期不能动	源码命中=True	一致	client/Assets/Scripts/Module/Player/PlayerMotor.cs
D10	切枪/切槽	分支与边界	阈值±1 / 0 / 上限	1/2/3/4/5 槽	源码命中=True	一致	client/Assets/Scripts/Module/Match/CsMatch.cs
D10	半场交换	分支与边界	阈值±1 / 0 / 上限	15 回合	源码命中=True	一致	client/Assets/Scripts/Module/Match/CsRound.cs
D10	原版 attack2 的逐武器语义（USP/M4A1 消音器 · Glock 连发切换）	用户本轮报的场景	真实机 / 本片只诊断（修在后续切片）	复现用户描述的现象	未修（登记为允许的差异）	允许的差异(→ 差异登记.tsv)	同类漏检（原结论）：原版 CS 1.6 的右键语义**至少**有 USP 拆装消音器、M4A1 拆装消音器、Glock18 连发切换三条，本工程一条都没有；`Core/CsWeapons.cs` 的 `CsWeaponDef` 里也没有"是否支持消音器/连发"的字段 ⇒ 契约层缺口。 **【片FX-ALL 2026-09-23 落地 · 部分消除】** ① 能力表已补：`CsWeaponDef` 新增 **`CanSilence` / `CanBurst`**，`MarkAttack2Capabilities()` 打点 —— `Usp`/`M4A1` = CanSilence、`Glock18`/`Famas` = CanBurst、其余（含 AK47）两个都为 false；② 逐武器语义取自**已在盘**的 `原版资源/cs16src/cstrike/cl_dlls/client.dll`（1,093,128 B）的 7 条串，逐字节卡在固定文件偏移上且都是首次出现：`weapons/usp_silencer_off.wav`@`0x0e3804`、`usp_silencer_on.wav`@`0x0e3824`、`m4a1_silencer_off.wav`@`0x0e308c`、`m4a1_silencer_on.wav`@`0x0e30ac`、`famas-burst.wav`@`0x0e26f4`、`#Switch_To_BurstFire`@`0x0e27d4`、`#Cstrike_TitlesTXT_M4A1_Short`@`0x0e6af4`（`tools/probes/attack2-probe.py` B 段复算）；③ 状态机落地：`CsInventory.ToggleWeaponMode` 按能力表翻转 `Silenced` / `BurstMode`，**不拦切枪期**；④ 离线自检 `Module/Combat/CombatSelfTest.cs` 五段（按一次装上 / **按住 5 帧不重复翻转** / 松手再按拆下 / Glock18 切连发且不动 `Silenced` / 切枪期照样能切 / AK47 状态一位都不动）。⚠️ 仍未消除：消音后**伤害 / 散布**与**连发发数与节奏**的数值（要反汇编），以及 `fvol` 音量档。⇒ 与 #68 同一差异行登记
D10	受击结算	分支与边界	阈值±1 / 0 / 上限	部位/护甲/穿透	源码命中=True	一致	client/Assets/Scripts/Module/Match/CsMatch.cs
D10	命中部位枚举	分支与边界	阈值±1 / 0 / 上限	Head/Chest/Stomach/Leg	源码命中=True	一致	client/Assets/Scripts/Core/CsEnums.cs
D10	回合流程（Freeze→Live→RoundEnd）	分支与边界	阈值±1 / 0 / 上限	4s / 105s / 5s	源码命中=True	一致	client/Assets/Scripts/Module/Match/CsRound.cs
D10	回合阶段枚举	分支与边界	阈值±1 / 0 / 上限	Freeze/Live/RoundEnd/MatchEnd	源码命中=True	一致	client/Assets/Scripts/Core/CsEnums.cs
D10	开火事件消费	分支与边界	阈值±1 / 0 / 上限	-	源码命中=True	一致	client/Assets/Scripts/Module/Match/CsMatch.cs
D10	开火统计日志	分支与边界	阈值±1 / 0 / 上限	-	源码命中=True	一致	client/Assets/Scripts/Module/Combat/CombatSelfTest.cs
D10	引擎网格寻路 AStar（能力已在，业务零使用）	用户本轮报的场景	真实机 / 本片只诊断（修在后续切片）	复现用户描述的现象	未修（登记为允许的差异）	允许的差异(→ 差异登记.tsv)	登记 #2/#10 时顺手查到的同类漏检（**这是"有没有分叉树/寻路"的正面答复**）：引擎**有**通用格子 A*（8 邻接、对角需两侧可走、octile 启发式、`DefaultMaxNodes=20000`、`MinHeap` 惰性删除、路径拉直 `Smooth`），契约就是回调式 `Func<Vector2Int,bool> walkable` ⇒ 地图 `.bytes` 的可走位图（`Game.Map.WalkableAt`，`client/Packages/com.clover.unity-engine/Runtime/Presentation/Map.cs（第 149 行）`）**直接就能当寻路网格**；但 `client/Assets/**` 内 grep `AStar` **命中 0**（范围见下）范围={ 根:[client/Assets/**] | 式:[AStar] | 工具默认:尊重 ignore=True | 含隐藏目录=True | 跳过二进制=**是**（rg 默认） | 显式列根=True（⛔ 全仓搜索 ≠ 本串口径） | 跟随 junction=**否**（**全仓搜索**默认不进；显式列根时能枚举） | 读失败=计入"读失败数" | 扫描文件数:{合计:4415, client/Assets/**:4415, 读失败:0} | 排除:[client/Assets/**（显式列根，用 rg --files；⛔ 全仓搜索 ≠ 本串的口径）] } ⇒ 引擎能力从未被业务使用（**此句自切片 BJ 起已不成立**，见本行末尾的片BU-R 更正）。⇒ 差异 #77（解法依赖它）。**【片BL-R2 2026-09-22 实测（数值类）】** 一次 Play（18:35-18:42）复核，引擎有寻路、业务零使用**仍成立**：业务日志窗口内 `[Bot] 求路径失败（位图不可用 / 目标点不可达）` = **0 条**（修前 30 → 0，保持）、`不可走的路点` = **0 条**（修前 101 → 0，保持）；但 bot 依旧不动（数字见机器人地形贴合 / 战术行为 / 移动执行三行的实测块）⇒ 阻塞点**不在 A* 这一层**，而在其**之上**：`BotNavigator` 仍只走路点最近邻 + 局部避障，`client/Assets/**` 内仍零调用 `AStar`（范围见下）范围={ 根:[client/Assets/**] | 式:[AStar] | 工具默认:尊重 ignore=True | 含隐藏目录=True | 跳过二进制=**是**（rg 默认） | 显式列根=True（⛔ 全仓搜索 ≠ 本串口径） | 跟随 junction=**否**（**全仓搜索**默认不进；显式列根时能枚举） | 读失败=计入"读失败数" | 扫描文件数:{合计:4415, client/Assets/**:4415, 读失败:0} | 排除:[client/Assets/**（显式列根，用 rg --files；⛔ 全仓搜索 ≠ 本串的口径）] }。**【片BU-R 更正 · 业务**已经**在用引擎 A***（2026-09-22 数值类）】"业务零使用 A*"这句已过时：`client/Assets/Scripts/Module/Bot/BotNavigator.cs` 的 `EnsurePath` 调 `AStar.FindSmoothed(WalkableCellHeightAware, from, to, AStar.DefaultMaxNodes)`，片BU-R 又新增 `BotNavigator.CanReach`（同一份口径，供"选目标前先问一句走不走得到"）与 `DropUnreachableWaypoints`（`AStar.Find(纯位图)` 排掉"可走但走不到"的路点）⇒ **引擎寻路能力已被业务使用**，本行的"允许的差异"只对"引擎无多实例 FSM 工厂"那一半继续成立（见差异 #67 的 ① ② 更正）。片BU-R 一次 Play（`.ai-tmp/drivers/bu-r-play.ps1`）的引擎 A* 实测计数：`astar.nopath`（真孤岛）= 8、`astar.badgoal`（高度一致性层拒绝）= 4 ⇒ 修前同类为 18 / 13（口径与判据 `tools/probes/bot-goal-gate.py` 的 A4）
D10	强制结束回合	分支与边界	阈值±1 / 0 / 上限	-	源码命中=True	一致	client/Assets/Scripts/Module/Match/CsMatch.cs
D10	换弹	分支与边界	阈值±1 / 0 / 上限	弹匣未满	源码命中=True	一致	client/Assets/Scripts/Module/Match/CsMatch.cs
D10	换阵营	分支与边界	阈值±1 / 0 / 上限	CT/T/Spectator	源码命中=True	一致	client/Assets/Scripts/Module/Match/CsMatch.cs
D10	暂停	分支与边界	阈值±1 / 0 / 上限	暂停态时间不推进	源码命中=True	一致	client/Assets/Scripts/Module/Match/CsMatch.cs
D10	机器人战术行为（守点 / 下包 / 突破 / 寻路）	用户本轮报的场景	真实机 / 本片只诊断（修在后续切片）	复现用户描述的现象	未修（登记为允许的差异）	允许的差异(→ 差异登记.tsv)	离线可判的现状（机制层，不是"没写"）：① **无寻路层** —— 引擎 `AStar`（`client/Packages/com.clover.unity-engine/Runtime/Core/AStar.cs`）在 `client/Assets/**` **零调用**（在 `client/Assets/**` 内 grep `AStar` 命中 0）范围={ 根:[client/Assets/**] | 式:[AStar] | 工具默认:尊重 ignore=True | 含隐藏目录=True | 跳过二进制=**是**（rg 默认） | 显式列根=True（⛔ 全仓搜索 ≠ 本串口径） | 跟随 junction=**否**（**全仓搜索**默认不进；显式列根时能枚举） | 读失败=计入"读失败数" | 扫描文件数:{合计:4415, client/Assets/**:4415, 读失败:0} | 排除:[client/Assets/**（显式列根，用 rg --files；⛔ 全仓搜索 ≠ 本串的口径）] }，机器人只能"沿标记点最近邻序列走直线 + 局部避障"（`BotNavigator.cs:226` `Avoid`）；② 目标粒度极粗 —— 每阵营只有 3 条路线标记（`CsBotBrain.cs:298-299,574-575` CTDefendA/B + 中路）+ 1 条巡逻线（`:494-516`），**守点 = 到达单个包点标记后原地警戒**（`:338` ObjectiveHoldSeconds / `:31`），时长到就"换路线/去巡逻/回出生点"（`:406-455`）⇒ 观感就是"原地踱步、不知道在干啥"；③ 下包/拆包有实现但是**单点依赖**（`:697-701` 只认 `intent.Use` + 站位），没有"多点突破 / 掩护 / 换点位"这类协同 ⇒ **缺的行为清单 = 守点位表（多点/换位）、下包决策（去哪个包点 + 何时下包）、突破协同（分批推进/闪光掩护）、基于代价图的 A→B 走法**。三档难度只改反应时间与瞄准误差（`CsTypes.cs:148`）。⇒ 差异 #67；解法依赖引擎寻路能力结论（见 `client/Packages/com.clover.unity-engine/Runtime/Core/AStar.cs（第 16~19 行）` 的回调式格子 A* 契约）。**【片BL-R2 2026-09-22 实测（数值类）】** 一次 Play（4v4 双阵营 bot、local=CT、3 回合 / 289 s）逐条量三项：① **守点 = 0** —— `analyze-hold-plant.py` 的 CT 进点计数 `CTSITE` = **0**，4 个 CT bot 到最近包点 A 的最近距离 Cliffe 17.89 / Spliff 20.08 / Darrell 22.07 / Scuzzy 26.36 m（包点半径 7.0 m）；`HOLDTABLE`（业务自己的守点表就绪标记）= **6** ⇒ 守点表**建了**、bot **走不到**。② **下包 = 0** —— `CARRIER`=3（C4 已分配），`TARRIVE`=**0**、`TPLANTSTART`=**0**、`TPLANTED`=**0**，驱动打印 `bot plant observed = False`；T 侧 4 个 bot 全场到 A 的最近距离 85.9-90.7 m ⇒ **整场未离开出生点区**。③ **突破 = 0** —— T 侧每回合 x/z 位移跨度最大 1.77 m（Minh/S1），Gooseman、ZBot 在 S2 整回合 0.00 m。⇒ 三项都**有实现但走不动**：缺口在走这一层，不在决策这一层。**【片BU～片BU-R 更正 + 重采（2026-09-22，数值类，本条判据仍为「允许的差异」）】** 上面 ①②③ 三条**机制描述已过时**，按当前代码更正：① **有寻路层** —— 业务已调引擎 `AStar.FindSmoothed`（`BotNavigator.EnsurePath`），⛔ "零调用"不成立；② **有战术层** —— 引擎无行为树模块（在 `client/Packages/com.clover.unity-engine/**` 内 `BehaviorTree|行为树|btree` = 0 命中；引擎包是 junction 挂载 ⇒ rg 对它枚举 0、必须 os.walk）范围={ 根:[client/Packages/com.clover.unity-engine/**] | 式:[BehaviorTree,行为树,btree] | 工具默认:尊重 ignore=True | 含隐藏目录=True | 跳过二进制=**是**（rg 默认） | 显式列根=True（⛔ 全仓搜索 ≠ 本串口径） | 跟随 junction=**否**（**全仓搜索**默认不进；显式列根时能枚举） | 读失败=计入"读失败数" | 扫描文件数:{合计:320, client/Packages/com.clover.unity-engine/**:320, 读失败:0} | 排除:[client/Packages/com.clover.unity-engine/**（junction 挂载根：**全仓搜索**默认不进它 ⇒ 必须显式列根；本行用 os.walk 枚举，**已排除 `.git`**）] }，等价设施 = 引擎公开接口 `IFsm`（引擎自带 `Fsm` 是应用级单例、且实现类 `internal` ⇒ 业务无法多实例；引擎侧出处见差异 #67 的「出处」列），本工程按 `IFsm` 每 bot 自实现两层（`client/Assets/Scripts/Module/Bot/CsBotFsm.cs`，顶层 Idle/Patrol/Engage/Objective + 目标层 Approach/Plant/Hold/Defuse），"守点 = 到达单个包点标记后原地警戒"也已改为 `CsBotHoldSpots` 多点守位表 + 定时换位；③ 片BU-R 又给**选目标**加了可达门禁（`BotNavigator.CanReach` + `CsBotBrain.TryPickReachable`，近的优先）并把 CT 包点守卫的"到达判定"与"换位评估"解耦（`CsBotBrain.InsideHoldSite`）。**修前 vs 修后（同一批判据 `tools/probes/bot-goal-gate.py`，产物 `.ai-tmp/test/bu-r-gate-after.txt` 与修前 `br` 产物）**：闸门 FAIL 6/7 → **5/7**；每次换目标风暴 73 → **7**（Minh 70 → 0）；求路径失败 67 → **15**；净位移 net/total 0.001~0.007 → **0.008~0.044**（Minh 0.00m → 6.0m）；`守点换位` L3 = **0 → 0**、`在包点` L3 = **0 → 0**、`TPLANTED` = **0 → 0** ⇒ **本行判据仍未达成**（T 未下包 / CT 未进点驻留 / 未换位），残余根因已定位：bots 每回合净位移仅 3~8 m 而路径长度 176 m（总走 176 m、净 6 m）⇒ 推进被**逐帧方向抖动**吃掉（口径 = `analyze-bot-goal.py` 第 4 节 + `.ai-tmp/test/bu-r-goal-after.txt`）。证据文件：`tools/probes/bot-goal-gate.py`、`tools/probes/bu-goal-reachability.py`、`.ai-tmp/test/bu-r-goal-after.txt`、`.ai-tmp/test/bu-r-gate-after.txt`**【片BU-R2 2026-09-22 23:19 实测（完整回合，105s 规则 + 采集窗口 ≥114s；驱动 `.ai-tmp/drivers/bu-r2-play.ps1`，Play 产物 `.ai-tmp/test/bu-r2-*`）】** 闸门 `tools/probes/bot-goal-gate.py`：FAIL 5/7 → **FAIL 3/7**；新增转绿：**A6 CT 包点驻留 PASS**（Spliff 连续 5 采样 ≤7m，修前 0）、**A7 守点换位 26 次 PASS**（修前 0）；A1/A2 净位移：Cliffe CT 5.7m/0.032 → **66.1m/0.802**、Spliff CT 7.8m/0.085 → 24.5m/0.401（8 bot 里 2 个达标）；逐帧抖动（`tools/probes/bu-r2-motion-diag.py`）：Move 方向翻转 317 → 2（Cliffe），rev% 78.7% → 0.0%。**残余（仍红）**：A4 求路径失败 18 > 10、**A5 T 侧自主下包 0 条**、A1/A2 6/8 未达标；残余根因已定位到**局部避障层**（`BotNavigator.Avoid` 每帧重扫 `AvoidAngles`、`probeLeft=0.50` 说明 0.5s 保持每帧被打破 ⇒ Darrell/Scuzzy 在 B 点附近绕圈 350m/净 17~22m），原始归因行 `.ai-tmp/test/bu-r2-flip-attrib-after.txt`。⛔ 阈值未下调。**【片BU-R3 2026-09-22 23:35 实测（完整回合：驱动 `.ai-tmp/drivers/bu-r3-play.ps1` 采到 `phase=RoundEnd`；产物 `.ai-tmp/test/bu-r3-*`）】** 本片只做一处 = `BotNavigator.Avoid` 的**换向迟滞**（① 候选偏角改按"与**当前偏角**的偏差升序"试，新增 `BotNavigator.PickAvoidAngle`；② 保持期内"这个方向不可走"必须**连续** `CsBotConst.AvoidBadDirSeconds`=0.1s 才允许换锚点，**单帧不可打破**）。参数取值出处 = 离线复算 `tools/probes/bu-r3-avoid-replay.py`（口径自校验 + 一维扫描，输出 `.ai-tmp/test/bu-r3-replay-final.txt`）。闸门 `tools/probes/bot-goal-gate.py`（同一条命令、同一批文件口径）：FAIL 3/7 → **FAIL 3/7**；**A6/A7/A8 未回退**（A6 PASS Spliff 连续 5 采样 ≤7m、A7 PASS 23 次、A8 PASS 三档参数）。A1/A2 达标 2/8 → **3/8**（新增 Gooseman T 15.5m/0.999；Cliffe 66.1→60.5m/0.685、Darrell 17.3m→**20.1m/0.286**、Minh 8.0→14.9m/0.590 差 0.1m 未过线；⚠️ **Spliff 24.5→8.4m/0.035 回退**、Scuzzy 22.1→15.2m/0.065）。方向翻转（`tools/probes/bu-r2-flip-attrib.py`）：296 → **167** 行（Darrell 104 → **9**、Scuzzy 117 → **53**）；总路径（`tools/probes/bu-r2-motion-diag.py`，B 行）：Darrell 384.6 → **70.3m**。**本片判"未达标"的三条照旧留红**：A1/A2 5/8 未达标、A4 求路径失败 18 → **19**（⛔ 与 Avoid 无关 —— 是高度一致性层拒绝 / 位图孤立分量，见差异 #77）、**A5 T 侧下包仍 0**。**A5 与 A1/A2 的残余根因本片已改判到另一层（⛔ 不是避障）**：逐帧状态分布显示 4 个 bot 在 93.8s 窗口里**静止 80~90s**（`.ai-tmp/test/bu-r3-diag-after.txt` 第 1 节：Cliffe stall 82.0s、Gooseman **90.5s**、Minh 83.4s、Darrell 80.4s；其中 Gooseman 状态分布 `Plant:704/798` = 91% 采样停在 `Plant` 态而窗口内位移恒为 **0.00m**）⇒ ① A1/A2 的"净位移"口径落在**守点/静止**上（守得对就该净位移小），与方向抖动无关；② A5 的直接病灶 = **T 侧持包 bot 卡在 `Plant` 态约 90s 不动**（`CsBotBrain` / `CsBotFsm` 那一层，⛔ 本片任务书禁改），不是 `Avoid`。⛔ 阈值未下调、`RoundTime` / 时间缩放 / `EnsurePath`/`AdvancePath`/`RefreshPathOnly` 三处上一棒修复均未动。**【片BU-R5 2026-09-23 00:2x 实测（驱动 `.ai-tmp/drivers/bu-r5-play.ps1`，采集窗口第一次覆盖 round1 完整 + round2 完整；产物 `.ai-tmp/test/bu-r5-*`；逐回合切片用 `tools/probes/slice-round.py`）】** 本片只改一处（`Module/Bot/CsBotBrain.cs`）：`CommitTacticalDecision` 里新增一条**高于 `Engage`** 的「掉落 C4 拾取」分支（`IsElectedBombHunter` = 场上无任何 T 持包 + 包已掉在地上 + 自己是**离 C4 最近的 T bot**，并列取 Id 小者），并把 `TryPlantOrPickup` 的捡包准入由 `self.Id % CsBotConst.BombHunterModulo == 0` 换成同一选举（`BombHunterModulo` 标记为已废弃、不再被引用）；⛔ 掉落/拾取规则本身（`CsBomb.OnCarrierLost` / `TryPickupDropped`）、`SiteRadius`、倒计时、经济数值一字未动。生效证据（L3 原文）：`[C4] Minh 去捡掉落的 C4：到落点 57.29m（本人是场上离 C4 最近的 T，其余 T 继续交战）`（t=92.095）→ 选举链 ZBot → Rikk → Minh 依次接力（随前人阵亡 / 距离变化重选），Minh 最终走到落点 **0.44m 并停留 30.25s**（A 行 t=123.01..152.52）—— 修前同回合**没有任何 bot 走近掉落点**。闸门 `tools/probes/bot-goal-gate.py`（逐回合口径）：**round1 修前 FAIL 2/8 → round1 修后 FAIL 2/8**（A1/A2 7/8→7/8、A4 1→2、A5 FAIL→FAIL）；**round2 修后 FAIL 2/8**（A1/A2 **8/8 PASS**、A4 3、A5 FAIL、**A9 FAIL**）。整份产物（两回合聚合）FAIL 3/8：A1/A2 3/8 —— ⛔ 这不是回退，是**跨回合传送让 net 位移坍缩**（闸门按整份产物聚合），逐回合口径才是同一窗口。**残余根因（仍红，A5 仍 0 条 `TPLANTED`）**：① **模拟侧 1.2m 自动拾取只对本地玩家调用** —— `CsBomb.TryPickupDropped` 全仓唯一调用点是 `CsMatch.cs:1758`（在 `UpdateLocalPlayer` 内），bot 侧每帧的 `UpdateBots`（`CsMatch.cs:2247`）**从不调用它** ⇒ bot 站在掉落点 0.44m 也捡不起来（`拾起了掉落的 C4` 0 条；差异 #80 ②）；② round2 的 T 持包者在 `Engage` 里**站定不开火**：Normal 档 `Engage` 的走位只在"开火间隙"给 `Strafe`，而 `PreferredRange × AdvanceRangeFactor` 把 39.7m 当成"够近"⇒ `intent.Move` 长时间为 0（同段日志 `换弹失败：MP5 Navy 备弹为 0`、`交战中开火被抑制第 124/143/154/155 次`）⇒ 105s 只从 87.1m 走到 39.8m，A9 因此由 PASS 变 FAIL（本片窗口**第一次**覆盖 round2，⛔ 不是新增行为、是首次被测量）。⛔ 阈值一个都没改：`MIN_NET_METERS=15.0` / `MIN_NET_OVER_TOTAL=0.15` / `MAX_PATH_FAILS=10` / A9 的 10s；`RoundTime`、`SiteRadius`、倒计时、经济数值均未动。【已完成，与 A5 无关】B7 重采按闸门第 6 条在本片**最后一次 `.cs` 落盘之后**执行（图 40_bomb_planted.png 换成本片新渲的帧，⛔ 不是改 mtime）；该帧是**本地玩家**按真实链路下包，⛔ 不是 A5 的证据。 **【片BU-R6 2026-09-23 · A5 转 PASS】** 承接上一段的「A5 恒 0」。本片在 `Module/Bot/**` 与 `Module/Match/CsMatch.cs`（**经主 agent 书面授权，仅一行**）落地三件事：① `CsMatch.UpdateBots` 里补 `Bomb.TryPickupDropped(a);`（与玩家侧 `CsMatch.cs:1758` 同一 API、同一 1.2m 判定）⇒ 差异 #80 核销；② `CsBotBrain.Strafe` 去掉 `PredictSeconds() <= 0` 这道门（`PredictSkillSpeedLo` = Normal 的 `AimSpeedDegrees`=300 ⇒ Normal/Easy 的 Strafe **恒为零向量**，`intent.Move` 长时间为 0）；③ `CsBotBrain.Engage` 里持包 T 的"压上"方向改为**本轮包点**（`TryGetPlantAim`，与 `TryPlantOrPickup` 同一算式），并新增 `MustPlantFirst`（持包 T 进了 7m 包点判定区就转下包，⛔ 不新增第二个半径）—— 出处 = 规格 §2.4 行为树`策划/策划案/CS1.6单机参考规格.md:123`（3 档共用、只换参数）/`:127`（交战含走位）/`:130`（T 持包到 B 点 → 下包）。**实测（一次 Play 覆盖两回合，`.ai-tmp/drivers/bu-r6-play.ps1`）**：round1 拾取 1 次（`Gooseman 拾起了掉落的 C4` 00:38:25.787）且**真的下包**（`★ Gooseman 安放 C4 于 (-23.75, 0.00, 26.84)` 00:38:31.587；rows `E TPLANTED round=1 t=98.640`）；round2 拾取 2 次（`Gooseman` 00:39:35.872 / `Minh` 00:39:56.868）且持包者走到包点（`E TARRIVE round=2 site=B distB=6.986`、`TPLANTSTART t=180.959`）。**逐回合闸门（`tools/probes/slice-round.py` + `tools/probes/bot-goal-gate.py`，⛔ 不用整份聚合数）**：round1 `RESULT: PASS (0 FAIL / 8 checks)` / round2 `RESULT: PASS (0 FAIL / 8 checks)`；A1~A8 无回退（round2 净位移/驻留：8/8 合格；A4 求路径失败 2 ≤ 10；A7 换位 7 / 20 ≥ 1；A8 三档参数未动）。**A9 由 FAIL 转 PASS**（round1 `已下包 3 次`、round2 `已下包 1 次`；片BU-R5 那条 `Rikk t=193.7..215.0（21.3s）`的静止段不再出现）。⚠️ 闸门 A5 的**口径**本片补全了第三条形态（产品自己的 `安放 C4`）—— 旧口径只扫 log 流的 `TPLANTED`（那是 **rows 流** token ⇒ 真下包也判红），并在改判据后做了**两次自检**：已知正确夹具 PASS / 已知错误样本（`br` 7 FAIL、`bu-r4-prefix` 4 FAIL）**仍 FAIL**，阈值一个字未动。 
D10	机器人移动执行（本地碰撞 vs 寻路）	用户本轮报的场景	真实机 / 本片只诊断（修在后续切片）	复现用户描述的现象	未修（登记为允许的差异）	允许的差异(→ 差异登记.tsv)	离线已判的职责链：bot 大脑只产出**方向**（`BotNavigator.ComputeMove`：目标 `/` 路点 + `Avoid` 局部避障 + 逃逸），速度由 `CsMatch.cs:2278-2279` 写成，位置由 `ResolveMove` 解 → **bot 与玩家共用同一套地形碰撞**，所以"不是真正的地形碰撞 AI"这个判断**不成立**（有地形碰撞）；成立的是"**没有寻路**"（引擎 `AStar` 在 `client/Assets/**` 内零调用，见 #77）范围={ 根:[client/Assets/**] | 式:[AStar] | 工具默认:尊重 ignore=True | 含隐藏目录=True | 跳过二进制=**是**（rg 默认） | 显式列根=True（⛔ 全仓搜索 ≠ 本串口径） | 跟随 junction=**否**（**全仓搜索**默认不进；显式列根时能枚举） | 读失败=计入"读失败数" | 扫描文件数:{合计:4415, client/Assets/**:4415, 读失败:0} | 排除:[client/Assets/**（显式列根，用 rg --files；⛔ 全仓搜索 ≠ 本串的口径）] }⇒ 钻地/乱走属"路径层缺失 + 单层位图上限"，不属"没有碰撞"。⇒ 与 #67/#76 同一组差异。**【片BL-R2 2026-09-22 实测（数值类）】** ① **物理层面走得动**：`analyze-bot-phys.py` 的 `goalStepLen`（朝目标迈 1 m 时 `ResolveMove` 的实际水平位移）min 0.150 / **p50 1.000** / p90 1.000 / max 1.000，`<= 0.001 m`（完全迈不动）的行 = **0 / 18952**；8 方向 `dirsMovable` 最小 6、`==0` 的行 = **0 / 18952** ⇒ **没有任何一帧是被物理围死**。② **但 bot 就是不走**：每回合内 x/z 位移跨度最大值，8 个 bot 中 7 个 <= 2.6 m（仅 Scuzzy 3.46 m）；能动 actor（位移 > 5.8 m）口径本轮 = **0**（全场口径也只有 Scuzzy 6.59 m）。③ **卡在哪**：探针列 27 `reason` 直方图 = `ok` 18160 / **`want-no-ground` 754**（CT 751、T 3）/ `want-not-standable` 38（全 CT）⇒ 机制是位图说这一格可走、朝目标的落点在脚底高度探不到地面 = **单层 2D 位图 vs 多层真实几何**（与 #76(a) 同源），**不是**位图判不可走（那条已修到 0 条）⇒ 片BL-R 的 `PhysRunway`/物理复核在这个机制上**不触发**，故对走不动无改善
D10	机器人难度切换	分支与边界	阈值±1 / 0 / 上限	Easy/Normal/Hard	源码命中=True	一致	client/Assets/Scripts/Module/Match/CsMatch.cs
D10	步行/蹲伏/跳跃采集	分支与边界	阈值±1 / 0 / 上限	Shift/Ctrl/Space	源码命中=True	一致	client/Assets/Scripts/Module/Player/PlayerMotor.cs
D10	死亡结算（尸体实体 / 掉落武器 / 掉落物进场景）	用户本轮报的场景	真实机 / 本片只诊断（修在后续切片）	复现用户描述的现象	未修（登记为允许的差异）	允许的差异(→ 差异登记.tsv)	离线已判：`DropWeapon`（`CsInventory.cs:255-285`）**只从库存里摘掉字段**（Primary/Secondary/C4），`a.ActiveWeapon == weaponId` 时再 `SelectBestWeapon`；**不生成任何掉落到世界的实体** ⇒ "枪也不在地上"是结构性未做。（对照：C4 有掉落链 `CsBomb.cs:393-434` + `CsMatch.cs:2559`，⛔ 但 C4 掉的是**状态点**，也不是世界实体。）⇒ 与 #75（无世界武器模型 w_*）同根：**工程里根本没有"世界中的武器"这个对象**。⇒ 差异 #75
D10	添加/踢出机器人	分支与边界	阈值±1 / 0 / 上限	3 档难度	源码命中=True	一致	client/Assets/Scripts/Module/Match/CsMatch.cs
D10	灼弹 C4 下包/拆包/爆炸	分支与边界	阈值±1 / 0 / 上限	35s / 10s(5s kit) / 半径 12m	源码命中=True	一致	client/Assets/Scripts/Module/Match/CsBomb.cs
D10	经济（起始/上限/连败递增）	分支与边界	阈值±1 / 0 / 上限	边界：0 / 16000 / 超界	源码命中=True	一致	client/Assets/Scripts/Module/Match/CsEconomy.cs
D10	胜负原因枚举	分支与边界	阈值±1 / 0 / 上限	4 种	源码命中=True	一致	client/Assets/Scripts/Core/CsEnums.cs
D10	能否买枪（分支）	分支与边界	阈值±1 / 0 / 上限	回合阶段/金钱/区域	源码命中=True	一致	client/Assets/Scripts/Module/Match/CsMatch.cs
D10	脚步声门控	分支与边界	阈值±1 / 0 / 上限	慢走无声	源码命中=True	一致	client/Assets/Scripts/Module/Audio/AudioModule.cs
D10	观战切换目标	分支与边界	阈值±1 / 0 / 上限	空格	源码命中=True	一致	client/Assets/Scripts/Module/Match/CsMatch.cs
D10	赢得判定	分支与边界	阈值±1 / 0 / 上限	4 种结算分支	源码命中=True	一致	client/Assets/Scripts/Module/Match/CsRound.cs
D10	重开本回合/整场	分支与边界	阈值±1 / 0 / 上限	-	源码命中=True	一致	client/Assets/Scripts/Module/Match/CsMatch.cs
D11	/  或 0@游戏内	点击/按住/连按	-、长按	原版默认绑定（出处：策划/策划案/CS1.6单机参考规格.md:36-44）	控制台（本工程代替）	一致	Module/**
D11	1/2/3/4/5@游戏内	点击/按住/连按	-、长按	原版默认绑定（出处：策划/策划案/CS1.6单机参考规格.md:36-44）	武器槽	一致	Module/**
D11	B@游戏内	点击/按住/连按	-、长按	原版默认绑定（出处：策划/策划案/CS1.6单机参考规格.md:36-44）	买枪菜单	一致	Module/**
D11	Ctrl@游戏内	点击/按住/连按	-、长按	原版默认绑定（出处：策划/策划案/CS1.6单机参考规格.md:36-44）	蹲伏	一致	Module/**
D11	E@游戏内	点击/按住/连按	-、长按	原版默认绑定（出处：策划/策划案/CS1.6单机参考规格.md:36-44）	使用（拆包）	一致	Module/**
D11	Enter/Space/Esc@启动画面	点击/按住/连按	-、长按	原版默认绑定（出处：策划/策划案/CS1.6单机参考规格.md:36-44）	跳过启动画面	一致	Module/**
D11	Enter@控制台	点击/按住/连按	-、长按	原版默认绑定（出处：策划/策划案/CS1.6单机参考规格.md:36-44）	提交命令	一致	Module/**
D11	Escape@暂停态	点击/按住/连按	-、长按	原版默认绑定（出处：策划/策划案/CS1.6单机参考规格.md:36-44）	继续游戏	一致	Module/**
D11	Escape@游戏内	点击/按住/连按	-、长按	原版默认绑定（出处：策划/策划案/CS1.6单机参考规格.md:36-44）	暂停菜单	一致	Module/**
D11	G@游戏内	点击/按住/连按	-、长按	原版默认绑定（出处：策划/策划案/CS1.6单机参考规格.md:36-44）	丢当前武器（原版默认）	一致	Module/**
D11	H@游戏内	点击/按住/连按	-、长按	原版默认绑定（出处：策划/策划案/CS1.6单机参考规格.md:36-44）	H 菜单	一致	Module/**
D11	M@游戏内	点击/按住/连按	-、长按	原版默认绑定（出处：策划/策划案/CS1.6单机参考规格.md:36-44）	换阵营（原版默认）	一致	Module/**
D11	MouseLeft@游戏内	点击/按住/连按	-、长按	原版默认绑定（出处：策划/策划案/CS1.6单机参考规格.md:36-44）	开火	一致	Module/**
D11	MouseRight@游戏内	点击/按住/连按	-、长按	原版默认绑定（出处：策划/策划案/CS1.6单机参考规格.md:36-44）	开镜/次要功能	一致	Module/**
D11	Q@游戏内	点击/按住/连按	-、长按	原版默认绑定（出处：策划/策划案/CS1.6单机参考规格.md:36-44）	上一把武器（原版默认）	一致	Module/**
D11	R@游戏内	点击/按住/连按	-、长按	原版默认绑定（出处：策划/策划案/CS1.6单机参考规格.md:36-44）	换弹	一致	Module/**
D11	Shift@游戏内	点击/按住/连按	-、长按	原版默认绑定（出处：策划/策划案/CS1.6单机参考规格.md:36-44）	慢走（无声）	一致	Module/**
D11	Space@游戏内	点击/按住/连按	-、长按	原版默认绑定（出处：策划/策划案/CS1.6单机参考规格.md:36-44）	跳跃	一致	Module/**
D11	Space@观战	点击/按住/连按	-、长按	原版默认绑定（出处：策划/策划案/CS1.6单机参考规格.md:36-44）	切换观战目标	一致	Module/**
D11	Tab@游戏内	点击/按住/连按	-、长按	原版默认绑定（出处：策划/策划案/CS1.6单机参考规格.md:36-44）	记分板（按住）	一致	Module/**
D11	W/A/S/D@游戏内	点击/按住/连按	-、长按	原版默认绑定（出处：策划/策划案/CS1.6单机参考规格.md:36-44）	移动	一致	Module/**
D11	Z/X/C@游戏内	点击/按住/连按	-、长按	原版默认绑定（出处：策划/策划案/CS1.6单机参考规格.md:36-44）	无线电	一致	Module/**
D11	`~@游戏内	点击/按住/连按	-、长按	原版默认绑定（出处：策划/策划案/CS1.6单机参考规格.md:36-44）	控制台（原版默认）；引擎 GameKey 无 BackQuote（契约缺口）；本工程用「/」或「0」开控制台（验收表允许的差异#3）	不一致	Module/**
D11	交叉 D11×上下文 输入×上下文掩蔽	交叉状态	-	游戏中 vs 菜单中 vs 输入框聚焦	地域研判	一致	patterns/full-coverage-audit.md §4
D11	数字键@买枪菜单	点击/按住/连按	-、长按	原版默认绑定（出处：策划/策划案/CS1.6单机参考规格.md:36-44）	分类选择	一致	Module/**
D11	数字键@无线电菜单	点击/按住/连按	-、长按	原版默认绑定（出处：策划/策划案/CS1.6单机参考规格.md:36-44）	选项选择	一致	Module/**
D11	武器右键（次级攻击 attack2）	用户本轮报的场景	真实机 / 本片只诊断（修在后续切片）	复现用户描述的现象	未修（登记为允许的差异）	允许的差异(→ 差异登记.tsv)	离线已判（原结论）：输入结构 `CsInputState` 里**只有 `Zoom`**，没有 attack2 / 次级开火字段 ⇒ 除狙击开镜外任何"右键要有别的效果"的武器在本工程**结构性无效果**。 **【片FX-ALL 2026-09-23 落地 · 消除】** 契约已扩：`CsInputState` 新增 **`Attack2`**；真实输入通道 `CombatModule` 用 `GetKeyDown(GameKey.MouseRight)` 填它（**按下沿**，不是 `GetKey` 电平）；离线驱动按住型输入会每帧翻转一次，所以"切换型"语义钉在模拟边界上 —— `CsMatch` 判 `inp.Attack2 && !_preAttack2` 并紧跟基线更新（`tools/probes/attack2-probe.py` A5/A6）。反例复现（同判据 C 段）：按住 8 帧时**电平型切 8 次、判沿型切 1 次**；点按 3 次两者都 3 次；长按+再点 1 次电平型 4 次、判沿型 2 次 ⇒ 判沿型正是"按一下切一次"（**RESULT: PASS**；并复算 `client.dll` 的 `+attack2`@`0x0e9f98` / `-attack2`@`0x0e4ac5`）。⚠️ 本行**不需要并排图**（判定手段 = 脚本断言）：消音器 / 连发是**状态与音效**语义，不是画面语义 —— `Silenced` / `BurstMode` 目前除库存与 HUD 短名外没有独立可见载体（`Resources/Art/Tex/vm_usp_silencer.png` 等贴图在盘但无人读）。⇒ 差异 #68
D11	鼠标点击@菜单/面板	点击/按住/连按	-、长按	原版默认绑定（出处：策划/策划案/CS1.6单机参考规格.md:36-44）	按钮点击	一致	Module/**
D12	回主菜单	转移：Stage→MainMenu（正常一次）	1 次	M8 「断开」= 回主菜单（策划/策划案/CS1.6单机参考规格.md:72）	ClearStage :595-625（比赛 Stop / UI CloseAll / Entity.ClearAll / Pool.ClearAll / StopScope(stage) / Sound.StopAll / HudSnapshot.Reset）+ Trigger(ToMain)（:591，AddTransition :139）	一致	client/Assets/Scripts/Module/Flow/AppFlow.cs:139,:591-625
D12	回主菜单	转移：连点回主菜单（主菜单面板尚未打开时重入）	重复触发（连点）	连点回主菜单不得重复清场 / 不得停在空场景	面板已开时的重复由 :584-588 拦下（这一条已判）；面板尚未开（Menu 场景加载中 / 舞台卸载中，:196-260）时会再走 ClearStage+Trigger(ToMain)（:590-591）⇒ 引擎 Fsm.Trigger 到同站点的语义离线判不了，**需实机**	待采（数值类：需实机）	client/Assets/Scripts/Module/Flow/AppFlow.cs:196-260,:580-592
D12	回主菜单	转移：（任意站点）→MainMenu，已在主菜单时	0 次（不触发）	M2 主菜单（策划/策划案/CS1.6单机参考规格.md:66）；重复的回主菜单请求不得重装主菜单	GoMainMenu :584-588：已在 MainMenu 且 MainMenuPanel 开着 ⇒ 「忽略重复的 GoMainMenu」	一致	client/Assets/Scripts/Module/Flow/AppFlow.cs:580-592
D12	暂停态时间不推进	状态：暂停族（Pause 站点 + 从暂停进来的 Options）	0（时间推进量 = 0）	M8 ESC 菜单期间比赛时间不推进（策划/策划案/CS1.6单机参考规格.md:51,:72）	OnFsmChanged :791-801：进暂停族 ⇒ _match.SetPaused(true)；离开 ⇒ SetPaused(false)；IsPauseFamily :804-809 把「从暂停进的 Options」也算暂停族（进 Options 不解除暂停）	一致	client/Assets/Scripts/Module/Flow/AppFlow.cs:791-809
D12	转移/Boot→MainMenu	触发（启动画面连按任意键）	重复触发（连按）	M1「可按任意键跳过」（策划/策划案/CS1.6单机参考规格.md:65）⇒ 第二次按键不得重启/重入 Boot	第二次到达时站点已是 MainMenu ⇒ 走 NewGame 分支（:644-649）；Boot 只在 :114 被 Force 一次，无重复装/卸主菜单的路径	一致	client/Assets/Scripts/Module/Flow/AppFlow.cs:114,:644-649
D12	转移/Boot→MainMenu	触发（正常一次）	1 次	M1 启动画面几秒后进主菜单（策划/策划案/CS1.6单机参考规格.md:65）	Fsm.Force(Boot)（:114）→ OnExitBoot 关 BootPanel（:177-180）→ OnEnterMainMenu 进 Menu 场景（:182-185）→ AddTransition(BootDone→MainMenu)（:130）由 :640 触发	一致	client/Assets/Scripts/Module/Flow/AppFlow.cs:114,:130,:177-185
D12	转移/Boot→MainMenu	触发（非 Boot 站点收到 StartNewGame）	0 次（不触发）	启动画面几秒后自动进主菜单（M1；策划/策划案/CS1.6单机参考规格.md:65）⇒ 该事件只在 Boot 站点推进流程	AppFlow.cs:633-652 三分支：Boot⇒Trigger(BootDone)（:637-642）/ MainMenu⇒Trigger(NewGame)（:644-649）/ 其余站点 Warn 忽略（:651）	一致	client/Assets/Scripts/Module/Flow/AppFlow.cs:633-652
D12	转移/Boot→MainMenu	转移中途中断（Boot 期间退出）	转移中途中断	M9 退出 = 关窗口（策划/策划案/CS1.6单机参考规格.md:73），任意站点可用	OnQuitGame :777-787 无站点前置判断（Game.Setting.Save → 编辑器下停 Play / 打包 Application.Quit）	一致	client/Assets/Scripts/Module/Flow/AppFlow.cs:777-787
D12	转移/Loading→TeamSelect	触发（两者都就绪，正常一次）	1 次	M6 进图时弹阵营选择（策划/策划案/CS1.6单机参考规格.md:70）	进度置 1（:499-500）+ Trigger(StageReady)（:502）+ AddTransition(StageReady→TeamSelect)（:135）	一致	client/Assets/Scripts/Module/Flow/AppFlow.cs:135,:490-503
D12	转移/Loading→TeamSelect	触发（场景 / 地图只就绪一个）	0 次（不触发）	读条完成 = 场景与地图都就绪（否则进图后空间查询是退化值）	TryFinishStageLoad :490-492 `if (!_stageSceneReady || !_stageMapReady) return;`	一致	client/Assets/Scripts/Module/Flow/AppFlow.cs:490-492
D12	转移/Loading→TeamSelect	触发（场景与地图两个回调先后到达）	重复触发	两个就绪回调串行到达时只允许一次转移	第二次到达时站点已非 Loading ⇒ Warn 忽略（:493-497）	一致	client/Assets/Scripts/Module/Flow/AppFlow.cs:493-497
D12	转移/Loading→TeamSelect	转移中途中断（读条中回主菜单）	转移中途中断	回主菜单后迟到的读条完成回调不得把玩家拽回进图	非 Loading 站点 ⇒ Warn 忽略（:493-497）；清场见 GoMainMenu/ClearStage（:580-625）	一致	client/Assets/Scripts/Module/Flow/AppFlow.cs:493-497,:580-625
D12	转移/MainMenu→NewGame	触发（正常一次）	1 次	M3 New Game 面板：地图 + 规则 + Bot 设置（策划/策划案/CS1.6单机参考规格.md:67）	Trigger(NewGame)（:647）+ AddTransition(NewGame→NewGame 站点)（:133）+ OnEnterNewGame 开面板（:331-334）	一致	client/Assets/Scripts/Module/Flow/AppFlow.cs:133,:331-334,:647
D12	转移/MainMenu→NewGame	触发（连点 New Game）	重复触发（连点）	第二次点击不得叠开第二个 New Game 面板	第二次到达时站点=NewGame ⇒ 命中 :651 的 Warn 忽略分支；面板本身由 OnTickNewGame :336-341 收口	一致	client/Assets/Scripts/Module/Flow/AppFlow.cs:336-341,:644-651
D12	转移/MainMenu→NewGame	触发（非主菜单站点收到 StartNewGame）	0 次（不触发）	M3 New Game 只能在主菜单点（策划/策划案/CS1.6单机参考规格.md:67）	非 Boot/MainMenu 站点 ⇒ Warn 忽略（:651）	一致	client/Assets/Scripts/Module/Flow/AppFlow.cs:651
D12	转移/MainMenu→NewGame	转移中途中断（面板被 Back 关掉）	转移中途中断	面板 Back ⇒ 站点回主菜单，不得停在 NewGame	OnTickNewGame :336-341：面板已关 ⇒ Transition(MainMenu)	一致	client/Assets/Scripts/Module/Flow/AppFlow.cs:336-341
D12	转移/MainMenu→Options	触发（正常一次）	1 次	M5 Options 分页可改并落 Game.Setting（策划/策划案/CS1.6单机参考规格.md:69）	Trigger(OpenOptions)（:680）+ AddTransition（:132）+ OnEnterOptions 开面板（:348-351）	一致	client/Assets/Scripts/Module/Flow/AppFlow.cs:132,:348-351,:680
D12	转移/MainMenu→Options	触发（白名单外站点收到 OpenOptions）	0 次（不触发）	M5 Options 只从主菜单 / ESC 菜单进（策划/策划案/CS1.6单机参考规格.md:69,:72）	CurrentState 不在 MainMenu/Pause/Options ⇒ Warn 忽略（:667-671）	一致	client/Assets/Scripts/Module/Flow/AppFlow.cs:664-671
D12	转移/MainMenu→Options	触发（连点 Options）	重复触发（连点）	第二次点击不得重开 Options / 不得叠面板	站点=Options ⇒ 命中「Options 已打开，忽略」的**显式幂等**分支（:673-677）	一致	client/Assets/Scripts/Module/Flow/AppFlow.cs:673-677
D12	转移/MainMenu→Options	转移中途中断（从暂停进 Options 后 Back）	转移中途中断	M8 ESC 菜单 → 选项；返回时应回暂停菜单而不是主菜单（策划/策划案/CS1.6单机参考规格.md:72）	_optionsFromPause 记录来路（:679）+ OnTickOptions 回 Pause（:356-359）+ IsPauseFamily 把「从暂停进的 Options」算暂停族（:804-809）	一致	client/Assets/Scripts/Module/Flow/AppFlow.cs:356-359,:679,:804-809
D12	转移/Pause→Stage	触发（正常一次）	1 次	M8 继续游戏（策划/策划案/CS1.6单机参考规格.md:72）	Trigger(Resume)（:761）+ AddTransition（:138）+ OnExitPause 关面板（:573-576）+ OnEnterStage 走恢复分支（:533-537）	一致	client/Assets/Scripts/Module/Flow/AppFlow.cs:138,:533-537,:573-576,:761
D12	转移/Pause→Stage	触发（非 Pause 站点收到继续请求）	0 次（不触发）	M8 ESC 菜单的「继续」只在暂停态生效（策划/策划案/CS1.6单机参考规格.md:72）	OnResumeRequested :752-758：Stage ⇒ 幂等返回；其他站点 ⇒ Warn 忽略	一致	client/Assets/Scripts/Module/Flow/AppFlow.cs:748-762
D12	转移/Pause→Stage	转移中途中断（暂停中回主菜单）	转移中途中断	M8 「断开」在单机版 = 回主菜单（策划/策划案/CS1.6单机参考规格.md:72）；暂停态退出必须解除暂停	GoMainMenu（:580-592）→ ClearStage（:595-625）；暂停族进出由 OnFsmChanged 调 SetPaused（:791-801）	一致	client/Assets/Scripts/Module/Flow/AppFlow.cs:580-625,:791-801
D12	转移/Stage→Pause	触发（有遮挡面板时按 ESC）	边界：ESC 归属（有遮挡 vs 只有常驻 HUD）	H 菜单（策划/策划案/CS1.6单机参考规格.md:107）/ 买枪菜单（:98）开着时 ESC 归它们，不弹暂停菜单	OnTickStage 先判 HasBlockingOverlay（:556-561）⇒ 有遮挡则不弹暂停菜单；HasBlockingOverlay 把常驻 HUD 排除在外（:824-832）	一致	client/Assets/Scripts/Module/Flow/AppFlow.cs:556-561,:824-832
D12	转移/Stage→Pause	触发（正常一次）	1 次	M8 ESC 菜单（继续 / 选项 / 换阵营 / 断开）（策划/策划案/CS1.6单机参考规格.md:72）	Trigger(Pause)（:745）+ AddTransition（:137）+ OnEnterPause 开 PausePanel（:563-566）	一致	client/Assets/Scripts/Module/Flow/AppFlow.cs:137,:563-566,:745
D12	转移/Stage→Pause	触发（连按 ESC）	重复触发（连按）	连按 ESC 不得重复进出暂停 / 不得刷屏	OnRequestPause 在 Pause 站点**幂等返回**（:732-736，注释写明"同帧被两处识别"的幂等）；OnTickPause 每帧轮询 ESC（:568-571）	一致	client/Assets/Scripts/Module/Flow/AppFlow.cs:568-571,:728-746
D12	转移/Stage→Pause	触发（非 Stage 站点收到暂停请求）	0 次（不触发）	M8 ESC 菜单只在局内可弹（策划/策划案/CS1.6单机参考规格.md:72）	OnRequestPause :738-742：非 Stage ⇒ Warn 忽略	一致	client/Assets/Scripts/Module/Flow/AppFlow.cs:728-746
D12	转移/TeamSelect→Stage	触发（从暂停恢复再次进入 Stage）	重复触发	恢复不得重开一局（否则打到一半的回合被清掉）	_stageBegun 守卫（:533-537）：已开过局 ⇒ 「从暂停恢复，不重复 Start」	一致	client/Assets/Scripts/Module/Flow/AppFlow.cs:533-537
D12	转移/TeamSelect→Stage	触发（正常一次）	1 次	M6 选阵营后进图（策划/策划案/CS1.6单机参考规格.md:70）	Trigger(StageBegin)（:725）+ AddTransition（:136）+ OnEnterStage 首次 _match.Start（:538-550）+ 开 HudPanel（:553）	一致	client/Assets/Scripts/Module/Flow/AppFlow.cs:136,:538-553,:725
D12	转移/TeamSelect→Stage	触发（选阵营面板被取消）	0 次（不触发）	M6 取消选阵营 ⇒ 回主菜单，不得进图（策划/策划案/CS1.6单机参考规格.md:70）	OnTickTeamSelect :511-516：面板不在 ⇒ Transition(MainMenu)	一致	client/Assets/Scripts/Module/Flow/AppFlow.cs:511-516
D12	转移/TeamSelect→Stage	转移中途中断（选阵营后立即回主菜单 / 退出）	转移中途中断	中途退出必须整场清干净（清场漏一项，第二次进图就是脏的）	GoMainMenu+ClearStage :580-625 清 6 类（比赛 Stop / CloseAll / Entity.ClearAll / Pool.ClearAll / StopScope(stage) / Sound.StopAll / HudSnapshot.Reset）+ _pending=null（:617-620）；Quit 无站点前置（:777-787）	一致	client/Assets/Scripts/Module/Flow/AppFlow.cs:580-625,:777-787
D12	转移/选阵营→Loading	触发（无待跑配置 / 配置为 null）	0 次（不触发）	M6 进图前必须先有 New Game 配置（策划/策划案/CS1.6单机参考规格.md:70）	LaunchMatch 收到 null ⇒ Error 忽略（:685-689）；GoStage 收到 null ⇒ Error 忽略（:368-374）；TeamChosen 无 _pending ⇒ Warn 忽略（:717-721）	一致	client/Assets/Scripts/Module/Flow/AppFlow.cs:368-374,:685-689,:717-721
D12	转移/选阵营→Loading	触发（正常一次）	1 次	开始 → 读条 → 选阵营 → 进图（策划/策划案/CS1.6单机参考规格.md:38）；M7 读条 = 真进度条（:71）	GoStage :368-399：_pending 记录（:382）→ 停主菜单启动曲（:391）→ Trigger(Loading)（:392）→ 地图/场景加载 + 20s 兜底（:394-398）	一致	client/Assets/Scripts/Module/Flow/AppFlow.cs:368-399
D12	转移/选阵营→Loading	触发（读条中再次发起进图）	重复触发（连点）	读条屏期间不得重入一次加载（A 的读条屏同样没有发起入口）	Loading 站点只有 LoadingPanel 在屏（:413-423），发起入口 NewGamePanel 已在 :343-346 关闭 ⇒ **UI 层不可达**；源码层 GoStage 无重入守卫（:683-703 在 Loading 站点会再走一次 GoStage）⇒ 这一条只到"UI 层无入口"，引擎 Fsm 对二次 GoStage 的语义**需实机**，⛔ 不当作已判通过	待采（数值类：需实机）	client/Assets/Scripts/Module/Flow/AppFlow.cs:343-346,:413-423,:683-703
D12	转移/选阵营→Loading	超时兜底回调在非 Loading 站点二次到达	上限+1（20s 阈值之后 +1s 的第二次回调）	兜底回调只对 Loading 站点生效；回主菜单后重入 = 无动作	OnStageLoadTimeout 首行 `if (CurrentState != State.Loading) return;`（:404）	一致	client/Assets/Scripts/Module/Flow/AppFlow.cs:404
D12	转移/选阵营→Loading	转移中途中断（读条超时 / 放弃）	转移中途中断	M7 读条失败不得把玩家永久钉在读条屏（策划/策划案/CS1.6单机参考规格.md:71）	OnStageLoadTimeout :402-411：Error + Toast + GoMainMenu；阈值 = StageLoadTimeout 20 s（:36,:398）	一致	client/Assets/Scripts/Module/Flow/AppFlow.cs:36,:398,:402-411
D12	退出游戏	转移：（任意站点）→退出	边界：任意站点可用（无站点前置）	M9 退出 = 关窗口（策划/策划案/CS1.6单机参考规格.md:73）	OnQuitGame :777-787：Game.Setting.Save → 编辑器下停 Play / 打包 Application.Quit；⛔ 无站点判断	一致	client/Assets/Scripts/Module/Flow/AppFlow.cs:777-787
D12	重新开局	转移：局内 H 菜单重开一局（LaunchMatch 在 Stage/Pause 收到）	重复触发（同局内重开一次）	H 菜单的重开回合 / 换图（策划/策划案/CS1.6单机参考规格.md:107）	OnLaunchMatch :693-700：已在 Stage/Pause ⇒ 直接 _match.Start(_pending)，不重走读条	一致	client/Assets/Scripts/Module/Flow/AppFlow.cs:693-703
S1	CsAudioTuning.BombBeepFastBelow	边界	0	原版同量的边界行为（出处：文档里有出处）	常量=10f	一致	client/Assets/Scripts/Module/Audio/CsAudioTuning.cs
S1	CsAudioTuning.BombBeepFastBelow	边界	上限	原版同量的边界行为（出处：文档里有出处）	常量=10f	一致	client/Assets/Scripts/Module/Audio/CsAudioTuning.cs
S1	CsAudioTuning.BombBeepFastBelow	边界	上限+1	原版同量的边界行为（出处：文档里有出处）	常量=10f	一致	client/Assets/Scripts/Module/Audio/CsAudioTuning.cs
S1	CsAudioTuning.BombBeepFastBelow	边界	阈值±1	原版同量的边界行为（出处：文档里有出处）	常量=10f	一致	client/Assets/Scripts/Module/Audio/CsAudioTuning.cs
S1	CsAudioTuning.ClipWindow	边界	0	原版同量的边界行为（出处：文档里有出处）	常量=0.10f	一致	client/Assets/Scripts/Module/Audio/CsAudioTuning.cs
S1	CsAudioTuning.ClipWindow	边界	上限	原版同量的边界行为（出处：文档里有出处）	常量=0.10f	一致	client/Assets/Scripts/Module/Audio/CsAudioTuning.cs
S1	CsAudioTuning.ClipWindow	边界	上限+1	原版同量的边界行为（出处：文档里有出处）	常量=0.10f	一致	client/Assets/Scripts/Module/Audio/CsAudioTuning.cs
S1	CsAudioTuning.ClipWindow	边界	阈值±1	原版同量的边界行为（出处：文档里有出处）	常量=0.10f	一致	client/Assets/Scripts/Module/Audio/CsAudioTuning.cs
S1	CsAudioTuning.DryfireMinInterval	边界	0	原版同量的边界行为（出处：文档里有出处）	常量=0.25f	一致	client/Assets/Scripts/Module/Audio/CsAudioTuning.cs
S1	CsAudioTuning.DryfireMinInterval	边界	上限	原版同量的边界行为（出处：文档里有出处）	常量=0.25f	一致	client/Assets/Scripts/Module/Audio/CsAudioTuning.cs
S1	CsAudioTuning.DryfireMinInterval	边界	上限+1	原版同量的边界行为（出处：文档里有出处）	常量=0.25f	一致	client/Assets/Scripts/Module/Audio/CsAudioTuning.cs
S1	CsAudioTuning.DryfireMinInterval	边界	阈值±1	原版同量的边界行为（出处：文档里有出处）	常量=0.25f	一致	client/Assets/Scripts/Module/Audio/CsAudioTuning.cs
S1	CsAudioTuning.LandMinFallSpeed	边界	0	原版同量的边界行为（出处：文档里有出处）	常量=7.366f	一致	client/Assets/Scripts/Module/Audio/CsAudioTuning.cs
S1	CsAudioTuning.LandMinFallSpeed	边界	上限	原版同量的边界行为（出处：文档里有出处）	常量=7.366f	一致	client/Assets/Scripts/Module/Audio/CsAudioTuning.cs
S1	CsAudioTuning.LandMinFallSpeed	边界	上限+1	原版同量的边界行为（出处：文档里有出处）	常量=7.366f	一致	client/Assets/Scripts/Module/Audio/CsAudioTuning.cs
S1	CsAudioTuning.LandMinFallSpeed	边界	阈值±1	原版同量的边界行为（出处：文档里有出处）	常量=7.366f	一致	client/Assets/Scripts/Module/Audio/CsAudioTuning.cs
S1	CsAudioTuning.LogRateEvery	边界	0	原版同量的边界行为（出处：文档里有出处）	常量=50	一致	client/Assets/Scripts/Module/Audio/CsAudioTuning.cs
S1	CsAudioTuning.LogRateEvery	边界	上限	原版同量的边界行为（出处：文档里有出处）	常量=50	一致	client/Assets/Scripts/Module/Audio/CsAudioTuning.cs
S1	CsAudioTuning.LogRateEvery	边界	上限+1	原版同量的边界行为（出处：文档里有出处）	常量=50	一致	client/Assets/Scripts/Module/Audio/CsAudioTuning.cs
S1	CsAudioTuning.LogRateEvery	边界	阈值±1	原版同量的边界行为（出处：文档里有出处）	常量=50	一致	client/Assets/Scripts/Module/Audio/CsAudioTuning.cs
S1	CsAudioTuning.MaxConcurrentPerClip	边界	0	原版同量的边界行为（出处：文档里有出处）	常量=8	一致	client/Assets/Scripts/Module/Audio/CsAudioTuning.cs
S1	CsAudioTuning.MaxConcurrentPerClip	边界	上限	原版同量的边界行为（出处：文档里有出处）	常量=8	一致	client/Assets/Scripts/Module/Audio/CsAudioTuning.cs
S1	CsAudioTuning.MaxConcurrentPerClip	边界	上限+1	原版同量的边界行为（出处：文档里有出处）	常量=8	一致	client/Assets/Scripts/Module/Audio/CsAudioTuning.cs
S1	CsAudioTuning.MaxConcurrentPerClip	边界	阈值±1	原版同量的边界行为（出处：文档里有出处）	常量=8	一致	client/Assets/Scripts/Module/Audio/CsAudioTuning.cs
S1	CsAudioTuning.MaxPlaysPerFrame	边界	0	原版同量的边界行为（出处：文档里有出处）	常量=8	一致	client/Assets/Scripts/Module/Audio/CsAudioTuning.cs
S1	CsAudioTuning.MaxPlaysPerFrame	边界	上限	原版同量的边界行为（出处：文档里有出处）	常量=8	一致	client/Assets/Scripts/Module/Audio/CsAudioTuning.cs
S1	CsAudioTuning.MaxPlaysPerFrame	边界	上限+1	原版同量的边界行为（出处：文档里有出处）	常量=8	一致	client/Assets/Scripts/Module/Audio/CsAudioTuning.cs
S1	CsAudioTuning.MaxPlaysPerFrame	边界	阈值±1	原版同量的边界行为（出处：文档里有出处）	常量=8	一致	client/Assets/Scripts/Module/Audio/CsAudioTuning.cs
S1	CsAudioTuning.StepCooldownConcreteMs	边界	0	原版同量的边界行为（出处：文档里有出处）	常量=300f	一致	client/Assets/Scripts/Module/Audio/CsAudioTuning.cs
S1	CsAudioTuning.StepCooldownConcreteMs	边界	上限	原版同量的边界行为（出处：文档里有出处）	常量=300f	一致	client/Assets/Scripts/Module/Audio/CsAudioTuning.cs
S1	CsAudioTuning.StepCooldownConcreteMs	边界	上限+1	原版同量的边界行为（出处：文档里有出处）	常量=300f	一致	client/Assets/Scripts/Module/Audio/CsAudioTuning.cs
S1	CsAudioTuning.StepCooldownConcreteMs	边界	阈值±1	原版同量的边界行为（出处：文档里有出处）	常量=300f	一致	client/Assets/Scripts/Module/Audio/CsAudioTuning.cs
S1	CsAudioTuning.StepCooldownSlowMs	边界	0	原版同量的边界行为（出处：文档里有出处）	常量=400f	一致	client/Assets/Scripts/Module/Audio/CsAudioTuning.cs
S1	CsAudioTuning.StepCooldownSlowMs	边界	上限	原版同量的边界行为（出处：文档里有出处）	常量=400f	一致	client/Assets/Scripts/Module/Audio/CsAudioTuning.cs
S1	CsAudioTuning.StepCooldownSlowMs	边界	上限+1	原版同量的边界行为（出处：文档里有出处）	常量=400f	一致	client/Assets/Scripts/Module/Audio/CsAudioTuning.cs
S1	CsAudioTuning.StepCooldownSlowMs	边界	阈值±1	原版同量的边界行为（出处：文档里有出处）	常量=400f	一致	client/Assets/Scripts/Module/Audio/CsAudioTuning.cs
S1	CsAudioTuning.StepDuckingExtraMs	边界	0	原版同量的边界行为（出处：文档里有出处）	常量=100f	一致	client/Assets/Scripts/Module/Audio/CsAudioTuning.cs
S1	CsAudioTuning.StepDuckingExtraMs	边界	上限	原版同量的边界行为（出处：文档里有出处）	常量=100f	一致	client/Assets/Scripts/Module/Audio/CsAudioTuning.cs
S1	CsAudioTuning.StepDuckingExtraMs	边界	上限+1	原版同量的边界行为（出处：文档里有出处）	常量=100f	一致	client/Assets/Scripts/Module/Audio/CsAudioTuning.cs
S1	CsAudioTuning.StepDuckingExtraMs	边界	阈值±1	原版同量的边界行为（出处：文档里有出处）	常量=100f	一致	client/Assets/Scripts/Module/Audio/CsAudioTuning.cs
S1	CsAudioTuning.StepHearDistance	边界	0	原版同量的边界行为（出处：文档里有出处）	常量=26f	一致	client/Assets/Scripts/Module/Audio/CsAudioTuning.cs
S1	CsAudioTuning.StepHearDistance	边界	上限	原版同量的边界行为（出处：文档里有出处）	常量=26f	一致	client/Assets/Scripts/Module/Audio/CsAudioTuning.cs
S1	CsAudioTuning.StepHearDistance	边界	上限+1	原版同量的边界行为（出处：文档里有出处）	常量=26f	一致	client/Assets/Scripts/Module/Audio/CsAudioTuning.cs
S1	CsAudioTuning.StepHearDistance	边界	阈值±1	原版同量的边界行为（出处：文档里有出处）	常量=26f	一致	client/Assets/Scripts/Module/Audio/CsAudioTuning.cs
S1	CsAudioTuning.StepMinSpeed	边界	0	原版同量的边界行为（出处：文档里有出处）	常量=3.81f	一致	client/Assets/Scripts/Module/Audio/CsAudioTuning.cs
S1	CsAudioTuning.StepMinSpeed	边界	上限	原版同量的边界行为（出处：文档里有出处）	常量=3.81f	一致	client/Assets/Scripts/Module/Audio/CsAudioTuning.cs
S1	CsAudioTuning.StepMinSpeed	边界	上限+1	原版同量的边界行为（出处：文档里有出处）	常量=3.81f	一致	client/Assets/Scripts/Module/Audio/CsAudioTuning.cs
S1	CsAudioTuning.StepMinSpeed	边界	阈值±1	原版同量的边界行为（出处：文档里有出处）	常量=3.81f	一致	client/Assets/Scripts/Module/Audio/CsAudioTuning.cs
S1	CsAudioTuning.VolumePollInterval	边界	0	原版同量的边界行为（出处：文档里有出处）	常量=0.5f	一致	client/Assets/Scripts/Module/Audio/CsAudioTuning.cs
S1	CsAudioTuning.VolumePollInterval	边界	上限	原版同量的边界行为（出处：文档里有出处）	常量=0.5f	一致	client/Assets/Scripts/Module/Audio/CsAudioTuning.cs
S1	CsAudioTuning.VolumePollInterval	边界	上限+1	原版同量的边界行为（出处：文档里有出处）	常量=0.5f	一致	client/Assets/Scripts/Module/Audio/CsAudioTuning.cs
S1	CsAudioTuning.VolumePollInterval	边界	阈值±1	原版同量的边界行为（出处：文档里有出处）	常量=0.5f	一致	client/Assets/Scripts/Module/Audio/CsAudioTuning.cs
S1	CsBotConst.AdvanceRangeFactor	边界	0	原版同量的边界行为（出处：文档里有出处）	常量=1.5f	一致	client/Assets/Scripts/Module/Bot/CsBotConst.cs
S1	CsBotConst.AdvanceRangeFactor	边界	上限	原版同量的边界行为（出处：文档里有出处）	常量=1.5f	一致	client/Assets/Scripts/Module/Bot/CsBotConst.cs
S1	CsBotConst.AdvanceRangeFactor	边界	上限+1	原版同量的边界行为（出处：文档里有出处）	常量=1.5f	一致	client/Assets/Scripts/Module/Bot/CsBotConst.cs
S1	CsBotConst.AdvanceRangeFactor	边界	阈值±1	原版同量的边界行为（出处：文档里有出处）	常量=1.5f	一致	client/Assets/Scripts/Module/Bot/CsBotConst.cs
S1	CsBotConst.AimFallbackDistance	边界	0	原版同量的边界行为（出处：文档里有出处）	常量=10f	一致	client/Assets/Scripts/Module/Bot/CsBotConst.cs
S1	CsBotConst.AimFallbackDistance	边界	上限	原版同量的边界行为（出处：文档里有出处）	常量=10f	一致	client/Assets/Scripts/Module/Bot/CsBotConst.cs
S1	CsBotConst.AimFallbackDistance	边界	上限+1	原版同量的边界行为（出处：文档里有出处）	常量=10f	一致	client/Assets/Scripts/Module/Bot/CsBotConst.cs
S1	CsBotConst.AimFallbackDistance	边界	阈值±1	原版同量的边界行为（出处：文档里有出处）	常量=10f	一致	client/Assets/Scripts/Module/Bot/CsBotConst.cs
S1	CsBotConst.AimGateErrorScale	边界	0	原版同量的边界行为（出处：文档里有出处）	常量=3f	一致	client/Assets/Scripts/Module/Bot/CsBotConst.cs
S1	CsBotConst.AimGateErrorScale	边界	上限	原版同量的边界行为（出处：文档里有出处）	常量=3f	一致	client/Assets/Scripts/Module/Bot/CsBotConst.cs
S1	CsBotConst.AimGateErrorScale	边界	上限+1	原版同量的边界行为（出处：文档里有出处）	常量=3f	一致	client/Assets/Scripts/Module/Bot/CsBotConst.cs
S1	CsBotConst.AimGateErrorScale	边界	阈值±1	原版同量的边界行为（出处：文档里有出处）	常量=3f	一致	client/Assets/Scripts/Module/Bot/CsBotConst.cs
S1	CsBotConst.AimGateExtraDegrees	边界	0	原版同量的边界行为（出处：文档里有出处）	常量=8f	一致	client/Assets/Scripts/Module/Bot/CsBotConst.cs
S1	CsBotConst.AimGateExtraDegrees	边界	上限	原版同量的边界行为（出处：文档里有出处）	常量=8f	一致	client/Assets/Scripts/Module/Bot/CsBotConst.cs
S1	CsBotConst.AimGateExtraDegrees	边界	上限+1	原版同量的边界行为（出处：文档里有出处）	常量=8f	一致	client/Assets/Scripts/Module/Bot/CsBotConst.cs
S1	CsBotConst.AimGateExtraDegrees	边界	阈值±1	原版同量的边界行为（出处：文档里有出处）	常量=8f	一致	client/Assets/Scripts/Module/Bot/CsBotConst.cs
S1	CsBotConst.AimGateMaxDegrees	边界	0	原版同量的边界行为（出处：文档里有出处）	常量=30f	一致	client/Assets/Scripts/Module/Bot/CsBotConst.cs
S1	CsBotConst.AimGateMaxDegrees	边界	上限	原版同量的边界行为（出处：文档里有出处）	常量=30f	一致	client/Assets/Scripts/Module/Bot/CsBotConst.cs
S1	CsBotConst.AimGateMaxDegrees	边界	上限+1	原版同量的边界行为（出处：文档里有出处）	常量=30f	一致	client/Assets/Scripts/Module/Bot/CsBotConst.cs
S1	CsBotConst.AimGateMaxDegrees	边界	阈值±1	原版同量的边界行为（出处：文档里有出处）	常量=30f	一致	client/Assets/Scripts/Module/Bot/CsBotConst.cs
S1	CsBotConst.AimGateMinDegrees	边界	0	原版同量的边界行为（出处：文档里有出处）	常量=12f	一致	client/Assets/Scripts/Module/Bot/CsBotConst.cs
S1	CsBotConst.AimGateMinDegrees	边界	上限	原版同量的边界行为（出处：文档里有出处）	常量=12f	一致	client/Assets/Scripts/Module/Bot/CsBotConst.cs
S1	CsBotConst.AimGateMinDegrees	边界	上限+1	原版同量的边界行为（出处：文档里有出处）	常量=12f	一致	client/Assets/Scripts/Module/Bot/CsBotConst.cs
S1	CsBotConst.AimGateMinDegrees	边界	阈值±1	原版同量的边界行为（出处：文档里有出处）	常量=12f	一致	client/Assets/Scripts/Module/Bot/CsBotConst.cs
S1	CsBotConst.AimWobbleRefreshSeconds	边界	0	原版同量的边界行为（出处：文档里有出处）	常量=0.35f	一致	client/Assets/Scripts/Module/Bot/CsBotConst.cs
S1	CsBotConst.AimWobbleRefreshSeconds	边界	上限	原版同量的边界行为（出处：文档里有出处）	常量=0.35f	一致	client/Assets/Scripts/Module/Bot/CsBotConst.cs
S1	CsBotConst.AimWobbleRefreshSeconds	边界	上限+1	原版同量的边界行为（出处：文档里有出处）	常量=0.35f	一致	client/Assets/Scripts/Module/Bot/CsBotConst.cs
S1	CsBotConst.AimWobbleRefreshSeconds	边界	阈值±1	原版同量的边界行为（出处：文档里有出处）	常量=0.35f	一致	client/Assets/Scripts/Module/Bot/CsBotConst.cs
S1	CsBotConst.AvoidBadDirSeconds	边界	0	原版同量的边界行为（出处：文档里有出处）	常量=0.1f	一致	client/Assets/Scripts/Module/Bot/CsBotConst.cs
S1	CsBotConst.AvoidBadDirSeconds	边界	上限	原版同量的边界行为（出处：文档里有出处）	常量=0.1f	一致	client/Assets/Scripts/Module/Bot/CsBotConst.cs
S1	CsBotConst.AvoidBadDirSeconds	边界	上限+1	原版同量的边界行为（出处：文档里有出处）	常量=0.1f	一致	client/Assets/Scripts/Module/Bot/CsBotConst.cs
S1	CsBotConst.AvoidBadDirSeconds	边界	阈值±1	原版同量的边界行为（出处：文档里有出处）	常量=0.1f	一致	client/Assets/Scripts/Module/Bot/CsBotConst.cs
S1	CsBotConst.AwpChanceTier2	边界	0	原版同量的边界行为（出处：文档里有出处）	常量=0.30f	一致	client/Assets/Scripts/Module/Bot/CsBotConst.cs
S1	CsBotConst.AwpChanceTier2	边界	上限	原版同量的边界行为（出处：文档里有出处）	常量=0.30f	一致	client/Assets/Scripts/Module/Bot/CsBotConst.cs
S1	CsBotConst.AwpChanceTier2	边界	上限+1	原版同量的边界行为（出处：文档里有出处）	常量=0.30f	一致	client/Assets/Scripts/Module/Bot/CsBotConst.cs
S1	CsBotConst.AwpChanceTier2	边界	阈值±1	原版同量的边界行为（出处：文档里有出处）	常量=0.30f	一致	client/Assets/Scripts/Module/Bot/CsBotConst.cs
S1	CsBotConst.BlockedDirDegrees	边界	0	原版同量的边界行为（出处：文档里有出处）	常量=35f	一致	client/Assets/Scripts/Module/Bot/CsBotConst.cs
S1	CsBotConst.BlockedDirDegrees	边界	上限	原版同量的边界行为（出处：文档里有出处）	常量=35f	一致	client/Assets/Scripts/Module/Bot/CsBotConst.cs
S1	CsBotConst.BlockedDirDegrees	边界	上限+1	原版同量的边界行为（出处：文档里有出处）	常量=35f	一致	client/Assets/Scripts/Module/Bot/CsBotConst.cs
S1	CsBotConst.BlockedDirDegrees	边界	阈值±1	原版同量的边界行为（出处：文档里有出处）	常量=35f	一致	client/Assets/Scripts/Module/Bot/CsBotConst.cs
S1	CsBotConst.BlockedDirMemorySeconds	边界	0	原版同量的边界行为（出处：文档里有出处）	常量=2.5f	一致	client/Assets/Scripts/Module/Bot/CsBotConst.cs
S1	CsBotConst.BlockedDirMemorySeconds	边界	上限	原版同量的边界行为（出处：文档里有出处）	常量=2.5f	一致	client/Assets/Scripts/Module/Bot/CsBotConst.cs
S1	CsBotConst.BlockedDirMemorySeconds	边界	上限+1	原版同量的边界行为（出处：文档里有出处）	常量=2.5f	一致	client/Assets/Scripts/Module/Bot/CsBotConst.cs
S1	CsBotConst.BlockedDirMemorySeconds	边界	阈值±1	原版同量的边界行为（出处：文档里有出处）	常量=2.5f	一致	client/Assets/Scripts/Module/Bot/CsBotConst.cs
S1	CsBotConst.BuyRetryInterval	边界	0	原版同量的边界行为（出处：文档里有出处）	常量=0.5f	一致	client/Assets/Scripts/Module/Bot/CsBotConst.cs
S1	CsBotConst.BuyRetryInterval	边界	上限	原版同量的边界行为（出处：文档里有出处）	常量=0.5f	一致	client/Assets/Scripts/Module/Bot/CsBotConst.cs
S1	CsBotConst.BuyRetryInterval	边界	上限+1	原版同量的边界行为（出处：文档里有出处）	常量=0.5f	一致	client/Assets/Scripts/Module/Bot/CsBotConst.cs
S1	CsBotConst.BuyRetryInterval	边界	阈值±1	原版同量的边界行为（出处：文档里有出处）	常量=0.5f	一致	client/Assets/Scripts/Module/Bot/CsBotConst.cs
S1	CsBotConst.BuyZoneWarnDelay	边界	0	原版同量的边界行为（出处：文档里有出处）	常量=1.5f	一致	client/Assets/Scripts/Module/Bot/CsBotConst.cs
S1	CsBotConst.BuyZoneWarnDelay	边界	上限	原版同量的边界行为（出处：文档里有出处）	常量=1.5f	一致	client/Assets/Scripts/Module/Bot/CsBotConst.cs
S1	CsBotConst.BuyZoneWarnDelay	边界	上限+1	原版同量的边界行为（出处：文档里有出处）	常量=1.5f	一致	client/Assets/Scripts/Module/Bot/CsBotConst.cs
S1	CsBotConst.BuyZoneWarnDelay	边界	阈值±1	原版同量的边界行为（出处：文档里有出处）	常量=1.5f	一致	client/Assets/Scripts/Module/Bot/CsBotConst.cs
S1	CsBotConst.CampHoldSeconds	边界	0	原版同量的边界行为（出处：文档里有出处）	常量=2.5f	一致	client/Assets/Scripts/Module/Bot/CsBotConst.cs
S1	CsBotConst.CampHoldSeconds	边界	上限	原版同量的边界行为（出处：文档里有出处）	常量=2.5f	一致	client/Assets/Scripts/Module/Bot/CsBotConst.cs
S1	CsBotConst.CampHoldSeconds	边界	上限+1	原版同量的边界行为（出处：文档里有出处）	常量=2.5f	一致	client/Assets/Scripts/Module/Bot/CsBotConst.cs
S1	CsBotConst.CampHoldSeconds	边界	阈值±1	原版同量的边界行为（出处：文档里有出处）	常量=2.5f	一致	client/Assets/Scripts/Module/Bot/CsBotConst.cs
S1	CsBotConst.CampRepositionRadius	边界	0	原版同量的边界行为（出处：文档里有出处）	常量=6f	一致	client/Assets/Scripts/Module/Bot/CsBotConst.cs
S1	CsBotConst.CampRepositionRadius	边界	上限	原版同量的边界行为（出处：文档里有出处）	常量=6f	一致	client/Assets/Scripts/Module/Bot/CsBotConst.cs
S1	CsBotConst.CampRepositionRadius	边界	上限+1	原版同量的边界行为（出处：文档里有出处）	常量=6f	一致	client/Assets/Scripts/Module/Bot/CsBotConst.cs
S1	CsBotConst.CampRepositionRadius	边界	阈值±1	原版同量的边界行为（出处：文档里有出处）	常量=6f	一致	client/Assets/Scripts/Module/Bot/CsBotConst.cs
S1	CsBotConst.CampRepositionSeconds	边界	0	原版同量的边界行为（出处：文档里有出处）	常量=2.5f	一致	client/Assets/Scripts/Module/Bot/CsBotConst.cs
S1	CsBotConst.CampRepositionSeconds	边界	上限	原版同量的边界行为（出处：文档里有出处）	常量=2.5f	一致	client/Assets/Scripts/Module/Bot/CsBotConst.cs
S1	CsBotConst.CampRepositionSeconds	边界	上限+1	原版同量的边界行为（出处：文档里有出处）	常量=2.5f	一致	client/Assets/Scripts/Module/Bot/CsBotConst.cs
S1	CsBotConst.CampRepositionSeconds	边界	阈值±1	原版同量的边界行为（出处：文档里有出处）	常量=2.5f	一致	client/Assets/Scripts/Module/Bot/CsBotConst.cs
S1	CsBotConst.ChestHeightRatio	边界	0	原版同量的边界行为（出处：文档里有出处）	常量=0.78f	一致	client/Assets/Scripts/Module/Bot/CsBotConst.cs
S1	CsBotConst.ChestHeightRatio	边界	上限	原版同量的边界行为（出处：文档里有出处）	常量=0.78f	一致	client/Assets/Scripts/Module/Bot/CsBotConst.cs
S1	CsBotConst.ChestHeightRatio	边界	上限+1	原版同量的边界行为（出处：文档里有出处）	常量=0.78f	一致	client/Assets/Scripts/Module/Bot/CsBotConst.cs
S1	CsBotConst.ChestHeightRatio	边界	阈值±1	原版同量的边界行为（出处：文档里有出处）	常量=0.78f	一致	client/Assets/Scripts/Module/Bot/CsBotConst.cs
S1	CsBotConst.DefaultObjectiveRadius	边界	0	原版同量的边界行为（出处：文档里有出处）	常量=2f	一致	client/Assets/Scripts/Module/Bot/CsBotConst.cs
S1	CsBotConst.DefaultObjectiveRadius	边界	上限	原版同量的边界行为（出处：文档里有出处）	常量=2f	一致	client/Assets/Scripts/Module/Bot/CsBotConst.cs
S1	CsBotConst.DefaultObjectiveRadius	边界	上限+1	原版同量的边界行为（出处：文档里有出处）	常量=2f	一致	client/Assets/Scripts/Module/Bot/CsBotConst.cs
S1	CsBotConst.DefaultObjectiveRadius	边界	阈值±1	原版同量的边界行为（出处：文档里有出处）	常量=2f	一致	client/Assets/Scripts/Module/Bot/CsBotConst.cs
S1	CsBotConst.DefuseOverFightRange	边界	0	原版同量的边界行为（出处：文档里有出处）	常量=15f	一致	client/Assets/Scripts/Module/Bot/CsBotConst.cs
S1	CsBotConst.DefuseOverFightRange	边界	上限	原版同量的边界行为（出处：文档里有出处）	常量=15f	一致	client/Assets/Scripts/Module/Bot/CsBotConst.cs
S1	CsBotConst.DefuseOverFightRange	边界	上限+1	原版同量的边界行为（出处：文档里有出处）	常量=15f	一致	client/Assets/Scripts/Module/Bot/CsBotConst.cs
S1	CsBotConst.DefuseOverFightRange	边界	阈值±1	原版同量的边界行为（出处：文档里有出处）	常量=15f	一致	client/Assets/Scripts/Module/Bot/CsBotConst.cs
S1	CsBotConst.DefuseStopRadius	边界	0	原版同量的边界行为（出处：文档里有出处）	常量=1.2f	一致	client/Assets/Scripts/Module/Bot/CsBotConst.cs
S1	CsBotConst.DefuseStopRadius	边界	上限	原版同量的边界行为（出处：文档里有出处）	常量=1.2f	一致	client/Assets/Scripts/Module/Bot/CsBotConst.cs
S1	CsBotConst.DefuseStopRadius	边界	上限+1	原版同量的边界行为（出处：文档里有出处）	常量=1.2f	一致	client/Assets/Scripts/Module/Bot/CsBotConst.cs
S1	CsBotConst.DefuseStopRadius	边界	阈值±1	原版同量的边界行为（出处：文档里有出处）	常量=1.2f	一致	client/Assets/Scripts/Module/Bot/CsBotConst.cs
S1	CsBotConst.DefuseUrgencyMargin	边界	0	原版同量的边界行为（出处：文档里有出处）	常量=2f	一致	client/Assets/Scripts/Module/Bot/CsBotConst.cs
S1	CsBotConst.DefuseUrgencyMargin	边界	上限	原版同量的边界行为（出处：文档里有出处）	常量=2f	一致	client/Assets/Scripts/Module/Bot/CsBotConst.cs
S1	CsBotConst.DefuseUrgencyMargin	边界	上限+1	原版同量的边界行为（出处：文档里有出处）	常量=2f	一致	client/Assets/Scripts/Module/Bot/CsBotConst.cs
S1	CsBotConst.DefuseUrgencyMargin	边界	阈值±1	原版同量的边界行为（出处：文档里有出处）	常量=2f	一致	client/Assets/Scripts/Module/Bot/CsBotConst.cs
S1	CsBotConst.EnemyTooCloseRange	边界	0	原版同量的边界行为（出处：文档里有出处）	常量=5f	一致	client/Assets/Scripts/Module/Bot/CsBotConst.cs
S1	CsBotConst.EnemyTooCloseRange	边界	上限	原版同量的边界行为（出处：文档里有出处）	常量=5f	一致	client/Assets/Scripts/Module/Bot/CsBotConst.cs
S1	CsBotConst.EnemyTooCloseRange	边界	上限+1	原版同量的边界行为（出处：文档里有出处）	常量=5f	一致	client/Assets/Scripts/Module/Bot/CsBotConst.cs
S1	CsBotConst.EnemyTooCloseRange	边界	阈值±1	原版同量的边界行为（出处：文档里有出处）	常量=5f	一致	client/Assets/Scripts/Module/Bot/CsBotConst.cs
S1	CsBotConst.EscapeHoldSeconds	边界	0	原版同量的边界行为（出处：文档里有出处）	常量=1.2f	一致	client/Assets/Scripts/Module/Bot/CsBotConst.cs
S1	CsBotConst.EscapeHoldSeconds	边界	上限	原版同量的边界行为（出处：文档里有出处）	常量=1.2f	一致	client/Assets/Scripts/Module/Bot/CsBotConst.cs
S1	CsBotConst.EscapeHoldSeconds	边界	上限+1	原版同量的边界行为（出处：文档里有出处）	常量=1.2f	一致	client/Assets/Scripts/Module/Bot/CsBotConst.cs
S1	CsBotConst.EscapeHoldSeconds	边界	阈值±1	原版同量的边界行为（出处：文档里有出处）	常量=1.2f	一致	client/Assets/Scripts/Module/Bot/CsBotConst.cs
S1	CsBotConst.EscapeRunwayMax	边界	0	原版同量的边界行为（出处：文档里有出处）	常量=4.2f	一致	client/Assets/Scripts/Module/Bot/CsBotConst.cs
S1	CsBotConst.EscapeRunwayMax	边界	上限	原版同量的边界行为（出处：文档里有出处）	常量=4.2f	一致	client/Assets/Scripts/Module/Bot/CsBotConst.cs
S1	CsBotConst.EscapeRunwayMax	边界	上限+1	原版同量的边界行为（出处：文档里有出处）	常量=4.2f	一致	client/Assets/Scripts/Module/Bot/CsBotConst.cs
S1	CsBotConst.EscapeRunwayMax	边界	阈值±1	原版同量的边界行为（出处：文档里有出处）	常量=4.2f	一致	client/Assets/Scripts/Module/Bot/CsBotConst.cs
S1	CsBotConst.EscapeRunwayStep	边界	0	原版同量的边界行为（出处：文档里有出处）	常量=0.7f	一致	client/Assets/Scripts/Module/Bot/CsBotConst.cs
S1	CsBotConst.EscapeRunwayStep	边界	上限	原版同量的边界行为（出处：文档里有出处）	常量=0.7f	一致	client/Assets/Scripts/Module/Bot/CsBotConst.cs
S1	CsBotConst.EscapeRunwayStep	边界	上限+1	原版同量的边界行为（出处：文档里有出处）	常量=0.7f	一致	client/Assets/Scripts/Module/Bot/CsBotConst.cs
S1	CsBotConst.EscapeRunwayStep	边界	阈值±1	原版同量的边界行为（出处：文档里有出处）	常量=0.7f	一致	client/Assets/Scripts/Module/Bot/CsBotConst.cs
S1	CsBotConst.EscapeSweepStepDegrees	边界	0	原版同量的边界行为（出处：文档里有出处）	常量=30f	一致	client/Assets/Scripts/Module/Bot/CsBotConst.cs
S1	CsBotConst.EscapeSweepStepDegrees	边界	上限	原版同量的边界行为（出处：文档里有出处）	常量=30f	一致	client/Assets/Scripts/Module/Bot/CsBotConst.cs
S1	CsBotConst.EscapeSweepStepDegrees	边界	上限+1	原版同量的边界行为（出处：文档里有出处）	常量=30f	一致	client/Assets/Scripts/Module/Bot/CsBotConst.cs
S1	CsBotConst.EscapeSweepStepDegrees	边界	阈值±1	原版同量的边界行为（出处：文档里有出处）	常量=30f	一致	client/Assets/Scripts/Module/Bot/CsBotConst.cs
S1	CsBotConst.EscapeSweepSteps	边界	0	原版同量的边界行为（出处：文档里有出处）	常量=6	一致	client/Assets/Scripts/Module/Bot/CsBotConst.cs
S1	CsBotConst.EscapeSweepSteps	边界	上限	原版同量的边界行为（出处：文档里有出处）	常量=6	一致	client/Assets/Scripts/Module/Bot/CsBotConst.cs
S1	CsBotConst.EscapeSweepSteps	边界	上限+1	原版同量的边界行为（出处：文档里有出处）	常量=6	一致	client/Assets/Scripts/Module/Bot/CsBotConst.cs
S1	CsBotConst.EscapeSweepSteps	边界	阈值±1	原版同量的边界行为（出处：文档里有出处）	常量=6	一致	client/Assets/Scripts/Module/Bot/CsBotConst.cs
S1	CsBotConst.FireDiagInterval	边界	0	原版同量的边界行为（出处：文档里有出处）	常量=2f	一致	client/Assets/Scripts/Module/Bot/CsBotConst.cs
S1	CsBotConst.FireDiagInterval	边界	上限	原版同量的边界行为（出处：文档里有出处）	常量=2f	一致	client/Assets/Scripts/Module/Bot/CsBotConst.cs
S1	CsBotConst.FireDiagInterval	边界	上限+1	原版同量的边界行为（出处：文档里有出处）	常量=2f	一致	client/Assets/Scripts/Module/Bot/CsBotConst.cs
S1	CsBotConst.FireDiagInterval	边界	阈值±1	原版同量的边界行为（出处：文档里有出处）	常量=2f	一致	client/Assets/Scripts/Module/Bot/CsBotConst.cs
S1	CsBotConst.GunshotNoiseInterval	边界	0	原版同量的边界行为（出处：文档里有出处）	常量=0.1f	一致	client/Assets/Scripts/Module/Bot/CsBotConst.cs
S1	CsBotConst.GunshotNoiseInterval	边界	上限	原版同量的边界行为（出处：文档里有出处）	常量=0.1f	一致	client/Assets/Scripts/Module/Bot/CsBotConst.cs
S1	CsBotConst.GunshotNoiseInterval	边界	上限+1	原版同量的边界行为（出处：文档里有出处）	常量=0.1f	一致	client/Assets/Scripts/Module/Bot/CsBotConst.cs
S1	CsBotConst.GunshotNoiseInterval	边界	阈值±1	原版同量的边界行为（出处：文档里有出处）	常量=0.1f	一致	client/Assets/Scripts/Module/Bot/CsBotConst.cs
S1	CsBotConst.HeadAimExtraErrorScale	边界	0	原版同量的边界行为（出处：文档里有出处）	常量=0.4f	一致	client/Assets/Scripts/Module/Bot/CsBotConst.cs
S1	CsBotConst.HeadAimExtraErrorScale	边界	上限	原版同量的边界行为（出处：文档里有出处）	常量=0.4f	一致	client/Assets/Scripts/Module/Bot/CsBotConst.cs
S1	CsBotConst.HeadAimExtraErrorScale	边界	上限+1	原版同量的边界行为（出处：文档里有出处）	常量=0.4f	一致	client/Assets/Scripts/Module/Bot/CsBotConst.cs
S1	CsBotConst.HeadAimExtraErrorScale	边界	阈值±1	原版同量的边界行为（出处：文档里有出处）	常量=0.4f	一致	client/Assets/Scripts/Module/Bot/CsBotConst.cs
S1	CsBotConst.HeadshotRollSeconds	边界	0	原版同量的边界行为（出处：文档里有出处）	常量=1.2f	一致	client/Assets/Scripts/Module/Bot/CsBotConst.cs
S1	CsBotConst.HeadshotRollSeconds	边界	上限	原版同量的边界行为（出处：文档里有出处）	常量=1.2f	一致	client/Assets/Scripts/Module/Bot/CsBotConst.cs
S1	CsBotConst.HeadshotRollSeconds	边界	上限+1	原版同量的边界行为（出处：文档里有出处）	常量=1.2f	一致	client/Assets/Scripts/Module/Bot/CsBotConst.cs
S1	CsBotConst.HeadshotRollSeconds	边界	阈值±1	原版同量的边界行为（出处：文档里有出处）	常量=1.2f	一致	client/Assets/Scripts/Module/Bot/CsBotConst.cs
S1	CsBotConst.HeightReachMaxCells	边界	0	原版同量的边界行为（出处：文档里有出处）	常量=20000	一致	client/Assets/Scripts/Module/Bot/CsBotConst.cs
S1	CsBotConst.HeightReachMaxCells	边界	上限	原版同量的边界行为（出处：文档里有出处）	常量=20000	一致	client/Assets/Scripts/Module/Bot/CsBotConst.cs
S1	CsBotConst.HeightReachMaxCells	边界	上限+1	原版同量的边界行为（出处：文档里有出处）	常量=20000	一致	client/Assets/Scripts/Module/Bot/CsBotConst.cs
S1	CsBotConst.HeightReachMaxCells	边界	阈值±1	原版同量的边界行为（出处：文档里有出处）	常量=20000	一致	client/Assets/Scripts/Module/Bot/CsBotConst.cs
S1	CsBotConst.HitAttributionWindow	边界	0	原版同量的边界行为（出处：文档里有出处）	常量=0.4f	一致	client/Assets/Scripts/Module/Bot/CsBotConst.cs
S1	CsBotConst.HitAttributionWindow	边界	上限	原版同量的边界行为（出处：文档里有出处）	常量=0.4f	一致	client/Assets/Scripts/Module/Bot/CsBotConst.cs
S1	CsBotConst.HitAttributionWindow	边界	上限+1	原版同量的边界行为（出处：文档里有出处）	常量=0.4f	一致	client/Assets/Scripts/Module/Bot/CsBotConst.cs
S1	CsBotConst.HitAttributionWindow	边界	阈值±1	原版同量的边界行为（出处：文档里有出处）	常量=0.4f	一致	client/Assets/Scripts/Module/Bot/CsBotConst.cs
S1	CsBotConst.HoldSpotMinSeparation	边界	0	原版同量的边界行为（出处：文档里有出处）	常量=3f	一致	client/Assets/Scripts/Module/Bot/CsBotConst.cs
S1	CsBotConst.HoldSpotMinSeparation	边界	上限	原版同量的边界行为（出处：文档里有出处）	常量=3f	一致	client/Assets/Scripts/Module/Bot/CsBotConst.cs
S1	CsBotConst.HoldSpotMinSeparation	边界	上限+1	原版同量的边界行为（出处：文档里有出处）	常量=3f	一致	client/Assets/Scripts/Module/Bot/CsBotConst.cs
S1	CsBotConst.HoldSpotMinSeparation	边界	阈值±1	原版同量的边界行为（出处：文档里有出处）	常量=3f	一致	client/Assets/Scripts/Module/Bot/CsBotConst.cs
S1	CsBotConst.HoldSwapSeconds	边界	0	原版同量的边界行为（出处：文档里有出处）	常量=8f	一致	client/Assets/Scripts/Module/Bot/CsBotConst.cs
S1	CsBotConst.HoldSwapSeconds	边界	上限	原版同量的边界行为（出处：文档里有出处）	常量=8f	一致	client/Assets/Scripts/Module/Bot/CsBotConst.cs
S1	CsBotConst.HoldSwapSeconds	边界	上限+1	原版同量的边界行为（出处：文档里有出处）	常量=8f	一致	client/Assets/Scripts/Module/Bot/CsBotConst.cs
S1	CsBotConst.HoldSwapSeconds	边界	阈值±1	原版同量的边界行为（出处：文档里有出处）	常量=8f	一致	client/Assets/Scripts/Module/Bot/CsBotConst.cs
S1	CsBotConst.LogRateEvery	边界	0	原版同量的边界行为（出处：文档里有出处）	常量=50	一致	client/Assets/Scripts/Module/Bot/CsBotConst.cs
S1	CsBotConst.LogRateEvery	边界	上限	原版同量的边界行为（出处：文档里有出处）	常量=50	一致	client/Assets/Scripts/Module/Bot/CsBotConst.cs
S1	CsBotConst.LogRateEvery	边界	上限+1	原版同量的边界行为（出处：文档里有出处）	常量=50	一致	client/Assets/Scripts/Module/Bot/CsBotConst.cs
S1	CsBotConst.LogRateEvery	边界	阈值±1	原版同量的边界行为（出处：文档里有出处）	常量=50	一致	client/Assets/Scripts/Module/Bot/CsBotConst.cs
S1	CsBotConst.MaxBuyAttempts	边界	0	原版同量的边界行为（出处：文档里有出处）	常量=3	一致	client/Assets/Scripts/Module/Bot/CsBotConst.cs
S1	CsBotConst.MaxBuyAttempts	边界	上限	原版同量的边界行为（出处：文档里有出处）	常量=3	一致	client/Assets/Scripts/Module/Bot/CsBotConst.cs
S1	CsBotConst.MaxBuyAttempts	边界	上限+1	原版同量的边界行为（出处：文档里有出处）	常量=3	一致	client/Assets/Scripts/Module/Bot/CsBotConst.cs
S1	CsBotConst.MaxBuyAttempts	边界	阈值±1	原版同量的边界行为（出处：文档里有出处）	常量=3	一致	client/Assets/Scripts/Module/Bot/CsBotConst.cs
S1	CsBotConst.MaxShotEstimatePerTick	边界	0	原版同量的边界行为（出处：文档里有出处）	常量=8	一致	client/Assets/Scripts/Module/Bot/CsBotConst.cs
S1	CsBotConst.MaxShotEstimatePerTick	边界	上限	原版同量的边界行为（出处：文档里有出处）	常量=8	一致	client/Assets/Scripts/Module/Bot/CsBotConst.cs
S1	CsBotConst.MaxShotEstimatePerTick	边界	上限+1	原版同量的边界行为（出处：文档里有出处）	常量=8	一致	client/Assets/Scripts/Module/Bot/CsBotConst.cs
S1	CsBotConst.MaxShotEstimatePerTick	边界	阈值±1	原版同量的边界行为（出处：文档里有出处）	常量=8	一致	client/Assets/Scripts/Module/Bot/CsBotConst.cs
S1	CsBotConst.MeleeBackRange	边界	0	原版同量的边界行为（出处：文档里有出处）	常量=6f	一致	client/Assets/Scripts/Module/Bot/CsBotConst.cs
S1	CsBotConst.MeleeBackRange	边界	上限	原版同量的边界行为（出处：文档里有出处）	常量=6f	一致	client/Assets/Scripts/Module/Bot/CsBotConst.cs
S1	CsBotConst.MeleeBackRange	边界	上限+1	原版同量的边界行为（出处：文档里有出处）	常量=6f	一致	client/Assets/Scripts/Module/Bot/CsBotConst.cs
S1	CsBotConst.MeleeBackRange	边界	阈值±1	原版同量的边界行为（出处：文档里有出处）	常量=6f	一致	client/Assets/Scripts/Module/Bot/CsBotConst.cs
S1	CsBotConst.MeleeSwitchRange	边界	0	原版同量的边界行为（出处：文档里有出处）	常量=3f	一致	client/Assets/Scripts/Module/Bot/CsBotConst.cs
S1	CsBotConst.MeleeSwitchRange	边界	上限	原版同量的边界行为（出处：文档里有出处）	常量=3f	一致	client/Assets/Scripts/Module/Bot/CsBotConst.cs
S1	CsBotConst.MeleeSwitchRange	边界	上限+1	原版同量的边界行为（出处：文档里有出处）	常量=3f	一致	client/Assets/Scripts/Module/Bot/CsBotConst.cs
S1	CsBotConst.MeleeSwitchRange	边界	阈值±1	原版同量的边界行为（出处：文档里有出处）	常量=3f	一致	client/Assets/Scripts/Module/Bot/CsBotConst.cs
S1	CsBotConst.MinPatrolDistance	边界	0	原版同量的边界行为（出处：文档里有出处）	常量=6f	一致	client/Assets/Scripts/Module/Bot/CsBotConst.cs
S1	CsBotConst.MinPatrolDistance	边界	上限	原版同量的边界行为（出处：文档里有出处）	常量=6f	一致	client/Assets/Scripts/Module/Bot/CsBotConst.cs
S1	CsBotConst.MinPatrolDistance	边界	上限+1	原版同量的边界行为（出处：文档里有出处）	常量=6f	一致	client/Assets/Scripts/Module/Bot/CsBotConst.cs
S1	CsBotConst.MinPatrolDistance	边界	阈值±1	原版同量的边界行为（出处：文档里有出处）	常量=6f	一致	client/Assets/Scripts/Module/Bot/CsBotConst.cs
S1	CsBotConst.NoiseCapacity	边界	0	原版同量的边界行为（出处：文档里有出处）	常量=24	一致	client/Assets/Scripts/Module/Bot/CsBotConst.cs
S1	CsBotConst.NoiseCapacity	边界	上限	原版同量的边界行为（出处：文档里有出处）	常量=24	一致	client/Assets/Scripts/Module/Bot/CsBotConst.cs
S1	CsBotConst.NoiseCapacity	边界	上限+1	原版同量的边界行为（出处：文档里有出处）	常量=24	一致	client/Assets/Scripts/Module/Bot/CsBotConst.cs
S1	CsBotConst.NoiseCapacity	边界	阈值±1	原版同量的边界行为（出处：文档里有出处）	常量=24	一致	client/Assets/Scripts/Module/Bot/CsBotConst.cs
S1	CsBotConst.NoiseMemorySeconds	边界	0	原版同量的边界行为（出处：文档里有出处）	常量=2f	一致	client/Assets/Scripts/Module/Bot/CsBotConst.cs
S1	CsBotConst.NoiseMemorySeconds	边界	上限	原版同量的边界行为（出处：文档里有出处）	常量=2f	一致	client/Assets/Scripts/Module/Bot/CsBotConst.cs
S1	CsBotConst.NoiseMemorySeconds	边界	上限+1	原版同量的边界行为（出处：文档里有出处）	常量=2f	一致	client/Assets/Scripts/Module/Bot/CsBotConst.cs
S1	CsBotConst.NoiseMemorySeconds	边界	阈值±1	原版同量的边界行为（出处：文档里有出处）	常量=2f	一致	client/Assets/Scripts/Module/Bot/CsBotConst.cs
S1	CsBotConst.ObjectiveHoldScale	边界	0	原版同量的边界行为（出处：文档里有出处）	常量=3f	一致	client/Assets/Scripts/Module/Bot/CsBotConst.cs
S1	CsBotConst.ObjectiveHoldScale	边界	上限	原版同量的边界行为（出处：文档里有出处）	常量=3f	一致	client/Assets/Scripts/Module/Bot/CsBotConst.cs
S1	CsBotConst.ObjectiveHoldScale	边界	上限+1	原版同量的边界行为（出处：文档里有出处）	常量=3f	一致	client/Assets/Scripts/Module/Bot/CsBotConst.cs
S1	CsBotConst.ObjectiveHoldScale	边界	阈值±1	原版同量的边界行为（出处：文档里有出处）	常量=3f	一致	client/Assets/Scripts/Module/Bot/CsBotConst.cs
S1	CsBotConst.PathFailStreakToUnreachable	边界	0	原版同量的边界行为（出处：文档里有出处）	常量=2	一致	client/Assets/Scripts/Module/Bot/CsBotConst.cs
S1	CsBotConst.PathFailStreakToUnreachable	边界	上限	原版同量的边界行为（出处：文档里有出处）	常量=2	一致	client/Assets/Scripts/Module/Bot/CsBotConst.cs
S1	CsBotConst.PathFailStreakToUnreachable	边界	上限+1	原版同量的边界行为（出处：文档里有出处）	常量=2	一致	client/Assets/Scripts/Module/Bot/CsBotConst.cs
S1	CsBotConst.PathFailStreakToUnreachable	边界	阈值±1	原版同量的边界行为（出处：文档里有出处）	常量=2	一致	client/Assets/Scripts/Module/Bot/CsBotConst.cs
S1	CsBotConst.PathReplanInterval	边界	0	原版同量的边界行为（出处：文档里有出处）	常量=1f	一致	client/Assets/Scripts/Module/Bot/CsBotConst.cs
S1	CsBotConst.PathReplanInterval	边界	上限	原版同量的边界行为（出处：文档里有出处）	常量=1f	一致	client/Assets/Scripts/Module/Bot/CsBotConst.cs
S1	CsBotConst.PathReplanInterval	边界	上限+1	原版同量的边界行为（出处：文档里有出处）	常量=1f	一致	client/Assets/Scripts/Module/Bot/CsBotConst.cs
S1	CsBotConst.PathReplanInterval	边界	阈值±1	原版同量的边界行为（出处：文档里有出处）	常量=1f	一致	client/Assets/Scripts/Module/Bot/CsBotConst.cs
S1	CsBotConst.PathSnapRadiusCells	边界	0	原版同量的边界行为（出处：文档里有出处）	常量=2	一致	client/Assets/Scripts/Module/Bot/CsBotConst.cs
S1	CsBotConst.PathSnapRadiusCells	边界	上限	原版同量的边界行为（出处：文档里有出处）	常量=2	一致	client/Assets/Scripts/Module/Bot/CsBotConst.cs
S1	CsBotConst.PathSnapRadiusCells	边界	上限+1	原版同量的边界行为（出处：文档里有出处）	常量=2	一致	client/Assets/Scripts/Module/Bot/CsBotConst.cs
S1	CsBotConst.PathSnapRadiusCells	边界	阈值±1	原版同量的边界行为（出处：文档里有出处）	常量=2	一致	client/Assets/Scripts/Module/Bot/CsBotConst.cs
S1	CsBotConst.PhysRunwayRatio	边界	0	原版同量的边界行为（出处：文档里有出处）	常量=0.5f	一致	client/Assets/Scripts/Module/Bot/CsBotConst.cs
S1	CsBotConst.PhysRunwayRatio	边界	上限	原版同量的边界行为（出处：文档里有出处）	常量=0.5f	一致	client/Assets/Scripts/Module/Bot/CsBotConst.cs
S1	CsBotConst.PhysRunwayRatio	边界	上限+1	原版同量的边界行为（出处：文档里有出处）	常量=0.5f	一致	client/Assets/Scripts/Module/Bot/CsBotConst.cs
S1	CsBotConst.PhysRunwayRatio	边界	阈值±1	原版同量的边界行为（出处：文档里有出处）	常量=0.5f	一致	client/Assets/Scripts/Module/Bot/CsBotConst.cs
S1	CsBotConst.PickupStopRadius	边界	0	原版同量的边界行为（出处：文档里有出处）	常量=1.0f	一致	client/Assets/Scripts/Module/Bot/CsBotConst.cs
S1	CsBotConst.PickupStopRadius	边界	上限	原版同量的边界行为（出处：文档里有出处）	常量=1.0f	一致	client/Assets/Scripts/Module/Bot/CsBotConst.cs
S1	CsBotConst.PickupStopRadius	边界	上限+1	原版同量的边界行为（出处：文档里有出处）	常量=1.0f	一致	client/Assets/Scripts/Module/Bot/CsBotConst.cs
S1	CsBotConst.PickupStopRadius	边界	阈值±1	原版同量的边界行为（出处：文档里有出处）	常量=1.0f	一致	client/Assets/Scripts/Module/Bot/CsBotConst.cs
S1	CsBotConst.PlantStopRadius	边界	0	原版同量的边界行为（出处：文档里有出处）	常量=1.5f	一致	client/Assets/Scripts/Module/Bot/CsBotConst.cs
S1	CsBotConst.PlantStopRadius	边界	上限	原版同量的边界行为（出处：文档里有出处）	常量=1.5f	一致	client/Assets/Scripts/Module/Bot/CsBotConst.cs
S1	CsBotConst.PlantStopRadius	边界	上限+1	原版同量的边界行为（出处：文档里有出处）	常量=1.5f	一致	client/Assets/Scripts/Module/Bot/CsBotConst.cs
S1	CsBotConst.PlantStopRadius	边界	阈值±1	原版同量的边界行为（出处：文档里有出处）	常量=1.5f	一致	client/Assets/Scripts/Module/Bot/CsBotConst.cs
S1	CsBotConst.PredictSecondsMax	边界	0	原版同量的边界行为（出处：文档里有出处）	常量=0.12f	一致	client/Assets/Scripts/Module/Bot/CsBotConst.cs
S1	CsBotConst.PredictSecondsMax	边界	上限	原版同量的边界行为（出处：文档里有出处）	常量=0.12f	一致	client/Assets/Scripts/Module/Bot/CsBotConst.cs
S1	CsBotConst.PredictSecondsMax	边界	上限+1	原版同量的边界行为（出处：文档里有出处）	常量=0.12f	一致	client/Assets/Scripts/Module/Bot/CsBotConst.cs
S1	CsBotConst.PredictSecondsMax	边界	阈值±1	原版同量的边界行为（出处：文档里有出处）	常量=0.12f	一致	client/Assets/Scripts/Module/Bot/CsBotConst.cs
S1	CsBotConst.PredictSkillSpeedHi	边界	0	原版同量的边界行为（出处：文档里有出处）	常量=520f	一致	client/Assets/Scripts/Module/Bot/CsBotConst.cs
S1	CsBotConst.PredictSkillSpeedHi	边界	上限	原版同量的边界行为（出处：文档里有出处）	常量=520f	一致	client/Assets/Scripts/Module/Bot/CsBotConst.cs
S1	CsBotConst.PredictSkillSpeedHi	边界	上限+1	原版同量的边界行为（出处：文档里有出处）	常量=520f	一致	client/Assets/Scripts/Module/Bot/CsBotConst.cs
S1	CsBotConst.PredictSkillSpeedHi	边界	阈值±1	原版同量的边界行为（出处：文档里有出处）	常量=520f	一致	client/Assets/Scripts/Module/Bot/CsBotConst.cs
S1	CsBotConst.PredictSkillSpeedLo	边界	0	原版同量的边界行为（出处：文档里有出处）	常量=300f	一致	client/Assets/Scripts/Module/Bot/CsBotConst.cs
S1	CsBotConst.PredictSkillSpeedLo	边界	上限	原版同量的边界行为（出处：文档里有出处）	常量=300f	一致	client/Assets/Scripts/Module/Bot/CsBotConst.cs
S1	CsBotConst.PredictSkillSpeedLo	边界	上限+1	原版同量的边界行为（出处：文档里有出处）	常量=300f	一致	client/Assets/Scripts/Module/Bot/CsBotConst.cs
S1	CsBotConst.PredictSkillSpeedLo	边界	阈值±1	原版同量的边界行为（出处：文档里有出处）	常量=300f	一致	client/Assets/Scripts/Module/Bot/CsBotConst.cs
S1	CsBotConst.ProbeClearance	边界	0	原版同量的边界行为（出处：文档里有出处）	常量=0.7f	一致	client/Assets/Scripts/Module/Bot/CsBotConst.cs
S1	CsBotConst.ProbeClearance	边界	上限	原版同量的边界行为（出处：文档里有出处）	常量=0.7f	一致	client/Assets/Scripts/Module/Bot/CsBotConst.cs
S1	CsBotConst.ProbeClearance	边界	上限+1	原版同量的边界行为（出处：文档里有出处）	常量=0.7f	一致	client/Assets/Scripts/Module/Bot/CsBotConst.cs
S1	CsBotConst.ProbeClearance	边界	阈值±1	原版同量的边界行为（出处：文档里有出处）	常量=0.7f	一致	client/Assets/Scripts/Module/Bot/CsBotConst.cs
S1	CsBotConst.ProbeDistance	边界	0	原版同量的边界行为（出处：文档里有出处）	常量=1.4f	一致	client/Assets/Scripts/Module/Bot/CsBotConst.cs
S1	CsBotConst.ProbeDistance	边界	上限	原版同量的边界行为（出处：文档里有出处）	常量=1.4f	一致	client/Assets/Scripts/Module/Bot/CsBotConst.cs
S1	CsBotConst.ProbeDistance	边界	上限+1	原版同量的边界行为（出处：文档里有出处）	常量=1.4f	一致	client/Assets/Scripts/Module/Bot/CsBotConst.cs
S1	CsBotConst.ProbeDistance	边界	阈值±1	原版同量的边界行为（出处：文档里有出处）	常量=1.4f	一致	client/Assets/Scripts/Module/Bot/CsBotConst.cs
S1	CsBotConst.ProbeHoldSeconds	边界	0	原版同量的边界行为（出处：文档里有出处）	常量=0.5f	一致	client/Assets/Scripts/Module/Bot/CsBotConst.cs
S1	CsBotConst.ProbeHoldSeconds	边界	上限	原版同量的边界行为（出处：文档里有出处）	常量=0.5f	一致	client/Assets/Scripts/Module/Bot/CsBotConst.cs
S1	CsBotConst.ProbeHoldSeconds	边界	上限+1	原版同量的边界行为（出处：文档里有出处）	常量=0.5f	一致	client/Assets/Scripts/Module/Bot/CsBotConst.cs
S1	CsBotConst.ProbeHoldSeconds	边界	阈值±1	原版同量的边界行为（出处：文档里有出处）	常量=0.5f	一致	client/Assets/Scripts/Module/Bot/CsBotConst.cs
S1	CsBotConst.RepathProgressEpsilon	边界	0	原版同量的边界行为（出处：文档里有出处）	常量=0.5f	一致	client/Assets/Scripts/Module/Bot/CsBotConst.cs
S1	CsBotConst.RepathProgressEpsilon	边界	上限	原版同量的边界行为（出处：文档里有出处）	常量=0.5f	一致	client/Assets/Scripts/Module/Bot/CsBotConst.cs
S1	CsBotConst.RepathProgressEpsilon	边界	上限+1	原版同量的边界行为（出处：文档里有出处）	常量=0.5f	一致	client/Assets/Scripts/Module/Bot/CsBotConst.cs
S1	CsBotConst.RepathProgressEpsilon	边界	阈值±1	原版同量的边界行为（出处：文档里有出处）	常量=0.5f	一致	client/Assets/Scripts/Module/Bot/CsBotConst.cs
S1	CsBotConst.RepathStallStreak	边界	0	原版同量的边界行为（出处：文档里有出处）	常量=2	一致	client/Assets/Scripts/Module/Bot/CsBotConst.cs
S1	CsBotConst.RepathStallStreak	边界	上限	原版同量的边界行为（出处：文档里有出处）	常量=2	一致	client/Assets/Scripts/Module/Bot/CsBotConst.cs
S1	CsBotConst.RepathStallStreak	边界	上限+1	原版同量的边界行为（出处：文档里有出处）	常量=2	一致	client/Assets/Scripts/Module/Bot/CsBotConst.cs
S1	CsBotConst.RepathStallStreak	边界	阈值±1	原版同量的边界行为（出处：文档里有出处）	常量=2	一致	client/Assets/Scripts/Module/Bot/CsBotConst.cs
S1	CsBotConst.ReplanAlternatePeriod	边界	0	原版同量的边界行为（出处：文档里有出处）	常量=2	一致	client/Assets/Scripts/Module/Bot/CsBotConst.cs
S1	CsBotConst.ReplanAlternatePeriod	边界	上限	原版同量的边界行为（出处：文档里有出处）	常量=2	一致	client/Assets/Scripts/Module/Bot/CsBotConst.cs
S1	CsBotConst.ReplanAlternatePeriod	边界	上限+1	原版同量的边界行为（出处：文档里有出处）	常量=2	一致	client/Assets/Scripts/Module/Bot/CsBotConst.cs
S1	CsBotConst.ReplanAlternatePeriod	边界	阈值±1	原版同量的边界行为（出处：文档里有出处）	常量=2	一致	client/Assets/Scripts/Module/Bot/CsBotConst.cs
S1	CsBotConst.RunNoiseInterval	边界	0	原版同量的边界行为（出处：文档里有出处）	常量=0.4f	一致	client/Assets/Scripts/Module/Bot/CsBotConst.cs
S1	CsBotConst.RunNoiseInterval	边界	上限	原版同量的边界行为（出处：文档里有出处）	常量=0.4f	一致	client/Assets/Scripts/Module/Bot/CsBotConst.cs
S1	CsBotConst.RunNoiseInterval	边界	上限+1	原版同量的边界行为（出处：文档里有出处）	常量=0.4f	一致	client/Assets/Scripts/Module/Bot/CsBotConst.cs
S1	CsBotConst.RunNoiseInterval	边界	阈值±1	原版同量的边界行为（出处：文档里有出处）	常量=0.4f	一致	client/Assets/Scripts/Module/Bot/CsBotConst.cs
S1	CsBotConst.RunNoiseSpeed	边界	0	原版同量的边界行为（出处：文档里有出处）	常量=2.5f	一致	client/Assets/Scripts/Module/Bot/CsBotConst.cs
S1	CsBotConst.RunNoiseSpeed	边界	上限	原版同量的边界行为（出处：文档里有出处）	常量=2.5f	一致	client/Assets/Scripts/Module/Bot/CsBotConst.cs
S1	CsBotConst.RunNoiseSpeed	边界	上限+1	原版同量的边界行为（出处：文档里有出处）	常量=2.5f	一致	client/Assets/Scripts/Module/Bot/CsBotConst.cs
S1	CsBotConst.RunNoiseSpeed	边界	阈值±1	原版同量的边界行为（出处：文档里有出处）	常量=2.5f	一致	client/Assets/Scripts/Module/Bot/CsBotConst.cs
S1	CsBotConst.SightActorBlockLogInterval	边界	0	原版同量的边界行为（出处：文档里有出处）	常量=10f	一致	client/Assets/Scripts/Module/Bot/CsBotConst.cs
S1	CsBotConst.SightActorBlockLogInterval	边界	上限	原版同量的边界行为（出处：文档里有出处）	常量=10f	一致	client/Assets/Scripts/Module/Bot/CsBotConst.cs
S1	CsBotConst.SightActorBlockLogInterval	边界	上限+1	原版同量的边界行为（出处：文档里有出处）	常量=10f	一致	client/Assets/Scripts/Module/Bot/CsBotConst.cs
S1	CsBotConst.SightActorBlockLogInterval	边界	阈值±1	原版同量的边界行为（出处：文档里有出处）	常量=10f	一致	client/Assets/Scripts/Module/Bot/CsBotConst.cs
S1	CsBotConst.SiteRadius	边界	0	原版同量的边界行为（出处：文档里有出处）	常量=CsMarkers.BombsiteRadius	一致	client/Assets/Scripts/Module/Bot/CsBotConst.cs
S1	CsBotConst.SiteRadius	边界	上限	原版同量的边界行为（出处：文档里有出处）	常量=CsMarkers.BombsiteRadius	一致	client/Assets/Scripts/Module/Bot/CsBotConst.cs
S1	CsBotConst.SiteRadius	边界	上限+1	原版同量的边界行为（出处：文档里有出处）	常量=CsMarkers.BombsiteRadius	一致	client/Assets/Scripts/Module/Bot/CsBotConst.cs
S1	CsBotConst.SiteRadius	边界	阈值±1	原版同量的边界行为（出处：文档里有出处）	常量=CsMarkers.BombsiteRadius	一致	client/Assets/Scripts/Module/Bot/CsBotConst.cs
S1	CsBotConst.StateLogMinInterval	边界	0	原版同量的边界行为（出处：文档里有出处）	常量=2f	一致	client/Assets/Scripts/Module/Bot/CsBotConst.cs
S1	CsBotConst.StateLogMinInterval	边界	上限	原版同量的边界行为（出处：文档里有出处）	常量=2f	一致	client/Assets/Scripts/Module/Bot/CsBotConst.cs
S1	CsBotConst.StateLogMinInterval	边界	上限+1	原版同量的边界行为（出处：文档里有出处）	常量=2f	一致	client/Assets/Scripts/Module/Bot/CsBotConst.cs
S1	CsBotConst.StateLogMinInterval	边界	阈值±1	原版同量的边界行为（出处：文档里有出处）	常量=2f	一致	client/Assets/Scripts/Module/Bot/CsBotConst.cs
S1	CsBotConst.StatsLogInterval	边界	0	原版同量的边界行为（出处：文档里有出处）	常量=30f	一致	client/Assets/Scripts/Module/Bot/CsBotConst.cs
S1	CsBotConst.StatsLogInterval	边界	上限	原版同量的边界行为（出处：文档里有出处）	常量=30f	一致	client/Assets/Scripts/Module/Bot/CsBotConst.cs
S1	CsBotConst.StatsLogInterval	边界	上限+1	原版同量的边界行为（出处：文档里有出处）	常量=30f	一致	client/Assets/Scripts/Module/Bot/CsBotConst.cs
S1	CsBotConst.StatsLogInterval	边界	阈值±1	原版同量的边界行为（出处：文档里有出处）	常量=30f	一致	client/Assets/Scripts/Module/Bot/CsBotConst.cs
S1	CsBotConst.StuckCheckInterval	边界	0	原版同量的边界行为（出处：文档里有出处）	常量=0.5f	一致	client/Assets/Scripts/Module/Bot/CsBotConst.cs
S1	CsBotConst.StuckCheckInterval	边界	上限	原版同量的边界行为（出处：文档里有出处）	常量=0.5f	一致	client/Assets/Scripts/Module/Bot/CsBotConst.cs
S1	CsBotConst.StuckCheckInterval	边界	上限+1	原版同量的边界行为（出处：文档里有出处）	常量=0.5f	一致	client/Assets/Scripts/Module/Bot/CsBotConst.cs
S1	CsBotConst.StuckCheckInterval	边界	阈值±1	原版同量的边界行为（出处：文档里有出处）	常量=0.5f	一致	client/Assets/Scripts/Module/Bot/CsBotConst.cs
S1	CsBotConst.StuckMoveEpsilon	边界	0	原版同量的边界行为（出处：文档里有出处）	常量=0.15f	一致	client/Assets/Scripts/Module/Bot/CsBotConst.cs
S1	CsBotConst.StuckMoveEpsilon	边界	上限	原版同量的边界行为（出处：文档里有出处）	常量=0.15f	一致	client/Assets/Scripts/Module/Bot/CsBotConst.cs
S1	CsBotConst.StuckMoveEpsilon	边界	上限+1	原版同量的边界行为（出处：文档里有出处）	常量=0.15f	一致	client/Assets/Scripts/Module/Bot/CsBotConst.cs
S1	CsBotConst.StuckMoveEpsilon	边界	阈值±1	原版同量的边界行为（出处：文档里有出处）	常量=0.15f	一致	client/Assets/Scripts/Module/Bot/CsBotConst.cs
S1	CsBotConst.StuckReplanCooldownSeconds	边界	0	原版同量的边界行为（出处：文档里有出处）	常量=6f	一致	client/Assets/Scripts/Module/Bot/CsBotConst.cs
S1	CsBotConst.StuckReplanCooldownSeconds	边界	上限	原版同量的边界行为（出处：文档里有出处）	常量=6f	一致	client/Assets/Scripts/Module/Bot/CsBotConst.cs
S1	CsBotConst.StuckReplanCooldownSeconds	边界	上限+1	原版同量的边界行为（出处：文档里有出处）	常量=6f	一致	client/Assets/Scripts/Module/Bot/CsBotConst.cs
S1	CsBotConst.StuckReplanCooldownSeconds	边界	阈值±1	原版同量的边界行为（出处：文档里有出处）	常量=6f	一致	client/Assets/Scripts/Module/Bot/CsBotConst.cs
S1	CsBotConst.StuckReplanStreak	边界	0	原版同量的边界行为（出处：文档里有出处）	常量=2	一致	client/Assets/Scripts/Module/Bot/CsBotConst.cs
S1	CsBotConst.StuckReplanStreak	边界	上限	原版同量的边界行为（出处：文档里有出处）	常量=2	一致	client/Assets/Scripts/Module/Bot/CsBotConst.cs
S1	CsBotConst.StuckReplanStreak	边界	上限+1	原版同量的边界行为（出处：文档里有出处）	常量=2	一致	client/Assets/Scripts/Module/Bot/CsBotConst.cs
S1	CsBotConst.StuckReplanStreak	边界	阈值±1	原版同量的边界行为（出处：文档里有出处）	常量=2	一致	client/Assets/Scripts/Module/Bot/CsBotConst.cs
S1	CsBotConst.StuckWarnCooldown	边界	0	原版同量的边界行为（出处：文档里有出处）	常量=3f	一致	client/Assets/Scripts/Module/Bot/CsBotConst.cs
S1	CsBotConst.StuckWarnCooldown	边界	上限	原版同量的边界行为（出处：文档里有出处）	常量=3f	一致	client/Assets/Scripts/Module/Bot/CsBotConst.cs
S1	CsBotConst.StuckWarnCooldown	边界	上限+1	原版同量的边界行为（出处：文档里有出处）	常量=3f	一致	client/Assets/Scripts/Module/Bot/CsBotConst.cs
S1	CsBotConst.StuckWarnCooldown	边界	阈值±1	原版同量的边界行为（出处：文档里有出处）	常量=3f	一致	client/Assets/Scripts/Module/Bot/CsBotConst.cs
S1	CsBotConst.StuckWarnEvery	边界	0	原版同量的边界行为（出处：文档里有出处）	常量=50	一致	client/Assets/Scripts/Module/Bot/CsBotConst.cs
S1	CsBotConst.StuckWarnEvery	边界	上限	原版同量的边界行为（出处：文档里有出处）	常量=50	一致	client/Assets/Scripts/Module/Bot/CsBotConst.cs
S1	CsBotConst.StuckWarnEvery	边界	上限+1	原版同量的边界行为（出处：文档里有出处）	常量=50	一致	client/Assets/Scripts/Module/Bot/CsBotConst.cs
S1	CsBotConst.StuckWarnEvery	边界	阈值±1	原版同量的边界行为（出处：文档里有出处）	常量=50	一致	client/Assets/Scripts/Module/Bot/CsBotConst.cs
S1	CsBotConst.StuckWarnMinInterval	边界	0	原版同量的边界行为（出处：文档里有出处）	常量=15f	一致	client/Assets/Scripts/Module/Bot/CsBotConst.cs
S1	CsBotConst.StuckWarnMinInterval	边界	上限	原版同量的边界行为（出处：文档里有出处）	常量=15f	一致	client/Assets/Scripts/Module/Bot/CsBotConst.cs
S1	CsBotConst.StuckWarnMinInterval	边界	上限+1	原版同量的边界行为（出处：文档里有出处）	常量=15f	一致	client/Assets/Scripts/Module/Bot/CsBotConst.cs
S1	CsBotConst.StuckWarnMinInterval	边界	阈值±1	原版同量的边界行为（出处：文档里有出处）	常量=15f	一致	client/Assets/Scripts/Module/Bot/CsBotConst.cs
S1	CsBotConst.TargetMemorySeconds	边界	0	原版同量的边界行为（出处：文档里有出处）	常量=2f	一致	client/Assets/Scripts/Module/Bot/CsBotConst.cs
S1	CsBotConst.TargetMemorySeconds	边界	上限	原版同量的边界行为（出处：文档里有出处）	常量=2f	一致	client/Assets/Scripts/Module/Bot/CsBotConst.cs
S1	CsBotConst.TargetMemorySeconds	边界	上限+1	原版同量的边界行为（出处：文档里有出处）	常量=2f	一致	client/Assets/Scripts/Module/Bot/CsBotConst.cs
S1	CsBotConst.TargetMemorySeconds	边界	阈值±1	原版同量的边界行为（出处：文档里有出处）	常量=2f	一致	client/Assets/Scripts/Module/Bot/CsBotConst.cs
S1	CsBotConst.WaypointArriveRadius	边界	0	原版同量的边界行为（出处：文档里有出处）	常量=2.5f	一致	client/Assets/Scripts/Module/Bot/CsBotConst.cs
S1	CsBotConst.WaypointArriveRadius	边界	上限	原版同量的边界行为（出处：文档里有出处）	常量=2.5f	一致	client/Assets/Scripts/Module/Bot/CsBotConst.cs
S1	CsBotConst.WaypointArriveRadius	边界	上限+1	原版同量的边界行为（出处：文档里有出处）	常量=2.5f	一致	client/Assets/Scripts/Module/Bot/CsBotConst.cs
S1	CsBotConst.WaypointArriveRadius	边界	阈值±1	原版同量的边界行为（出处：文档里有出处）	常量=2.5f	一致	client/Assets/Scripts/Module/Bot/CsBotConst.cs
S1	CsBotConst.WeaponSwitchCooldown	边界	0	原版同量的边界行为（出处：文档里有出处）	常量=1.5f	一致	client/Assets/Scripts/Module/Bot/CsBotConst.cs
S1	CsBotConst.WeaponSwitchCooldown	边界	上限	原版同量的边界行为（出处：文档里有出处）	常量=1.5f	一致	client/Assets/Scripts/Module/Bot/CsBotConst.cs
S1	CsBotConst.WeaponSwitchCooldown	边界	上限+1	原版同量的边界行为（出处：文档里有出处）	常量=1.5f	一致	client/Assets/Scripts/Module/Bot/CsBotConst.cs
S1	CsBotConst.WeaponSwitchCooldown	边界	阈值±1	原版同量的边界行为（出处：文档里有出处）	常量=1.5f	一致	client/Assets/Scripts/Module/Bot/CsBotConst.cs
S1	CsCombatTuning.AirSpreadScale	边界	0	原版同量的边界行为（出处：文档里有出处）	常量=0.5f	一致	client/Assets/Scripts/Module/Combat/CsCombatTuning.cs
S1	CsCombatTuning.AirSpreadScale	边界	上限	原版同量的边界行为（出处：文档里有出处）	常量=0.5f	一致	client/Assets/Scripts/Module/Combat/CsCombatTuning.cs
S1	CsCombatTuning.AirSpreadScale	边界	上限+1	原版同量的边界行为（出处：文档里有出处）	常量=0.5f	一致	client/Assets/Scripts/Module/Combat/CsCombatTuning.cs
S1	CsCombatTuning.AirSpreadScale	边界	阈值±1	原版同量的边界行为（出处：文档里有出处）	常量=0.5f	一致	client/Assets/Scripts/Module/Combat/CsCombatTuning.cs
S1	CsCombatTuning.BloodDecalDuration	边界	0	原版同量的边界行为（出处：文档里有出处）	常量=25f	一致	client/Assets/Scripts/Module/Combat/CsCombatTuning.cs
S1	CsCombatTuning.BloodDecalDuration	边界	上限	原版同量的边界行为（出处：文档里有出处）	常量=25f	一致	client/Assets/Scripts/Module/Combat/CsCombatTuning.cs
S1	CsCombatTuning.BloodDecalDuration	边界	上限+1	原版同量的边界行为（出处：文档里有出处）	常量=25f	一致	client/Assets/Scripts/Module/Combat/CsCombatTuning.cs
S1	CsCombatTuning.BloodDecalDuration	边界	阈值±1	原版同量的边界行为（出处：文档里有出处）	常量=25f	一致	client/Assets/Scripts/Module/Combat/CsCombatTuning.cs
S1	CsCombatTuning.BloodDecalTraceRange	边界	0	原版同量的边界行为（出处：文档里有出处）	常量=2.5f	一致	client/Assets/Scripts/Module/Combat/CsCombatTuning.cs
S1	CsCombatTuning.BloodDecalTraceRange	边界	上限	原版同量的边界行为（出处：文档里有出处）	常量=2.5f	一致	client/Assets/Scripts/Module/Combat/CsCombatTuning.cs
S1	CsCombatTuning.BloodDecalTraceRange	边界	上限+1	原版同量的边界行为（出处：文档里有出处）	常量=2.5f	一致	client/Assets/Scripts/Module/Combat/CsCombatTuning.cs
S1	CsCombatTuning.BloodDecalTraceRange	边界	阈值±1	原版同量的边界行为（出处：文档里有出处）	常量=2.5f	一致	client/Assets/Scripts/Module/Combat/CsCombatTuning.cs
S1	CsCombatTuning.BloodPuffDuration	边界	0	原版同量的边界行为（出处：文档里有出处）	常量=0.14f	一致	client/Assets/Scripts/Module/Combat/CsCombatTuning.cs
S1	CsCombatTuning.BloodPuffDuration	边界	上限	原版同量的边界行为（出处：文档里有出处）	常量=0.14f	一致	client/Assets/Scripts/Module/Combat/CsCombatTuning.cs
S1	CsCombatTuning.BloodPuffDuration	边界	上限+1	原版同量的边界行为（出处：文档里有出处）	常量=0.14f	一致	client/Assets/Scripts/Module/Combat/CsCombatTuning.cs
S1	CsCombatTuning.BloodPuffDuration	边界	阈值±1	原版同量的边界行为（出处：文档里有出处）	常量=0.14f	一致	client/Assets/Scripts/Module/Combat/CsCombatTuning.cs
S1	CsCombatTuning.BloodPuffSize	边界	0	原版同量的边界行为（出处：文档里有出处）	常量=0.18f	一致	client/Assets/Scripts/Module/Combat/CsCombatTuning.cs
S1	CsCombatTuning.BloodPuffSize	边界	上限	原版同量的边界行为（出处：文档里有出处）	常量=0.18f	一致	client/Assets/Scripts/Module/Combat/CsCombatTuning.cs
S1	CsCombatTuning.BloodPuffSize	边界	上限+1	原版同量的边界行为（出处：文档里有出处）	常量=0.18f	一致	client/Assets/Scripts/Module/Combat/CsCombatTuning.cs
S1	CsCombatTuning.BloodPuffSize	边界	阈值±1	原版同量的边界行为（出处：文档里有出处）	常量=0.18f	一致	client/Assets/Scripts/Module/Combat/CsCombatTuning.cs
S1	CsCombatTuning.BobBlendSpeed	边界	0	原版同量的边界行为（出处：文档里有出处）	常量=3.2f	一致	client/Assets/Scripts/Module/Combat/CsCombatTuning.cs
S1	CsCombatTuning.BobBlendSpeed	边界	上限	原版同量的边界行为（出处：文档里有出处）	常量=3.2f	一致	client/Assets/Scripts/Module/Combat/CsCombatTuning.cs
S1	CsCombatTuning.BobBlendSpeed	边界	上限+1	原版同量的边界行为（出处：文档里有出处）	常量=3.2f	一致	client/Assets/Scripts/Module/Combat/CsCombatTuning.cs
S1	CsCombatTuning.BobBlendSpeed	边界	阈值±1	原版同量的边界行为（出处：文档里有出处）	常量=3.2f	一致	client/Assets/Scripts/Module/Combat/CsCombatTuning.cs
S1	CsCombatTuning.BobRollDegrees	边界	0	原版同量的边界行为（出处：文档里有出处）	常量=0.55f	一致	client/Assets/Scripts/Module/Combat/CsCombatTuning.cs
S1	CsCombatTuning.BobRollDegrees	边界	上限	原版同量的边界行为（出处：文档里有出处）	常量=0.55f	一致	client/Assets/Scripts/Module/Combat/CsCombatTuning.cs
S1	CsCombatTuning.BobRollDegrees	边界	上限+1	原版同量的边界行为（出处：文档里有出处）	常量=0.55f	一致	client/Assets/Scripts/Module/Combat/CsCombatTuning.cs
S1	CsCombatTuning.BobRollDegrees	边界	阈值±1	原版同量的边界行为（出处：文档里有出处）	常量=0.55f	一致	client/Assets/Scripts/Module/Combat/CsCombatTuning.cs
S1	CsCombatTuning.CrosshairAirWeight	边界	0	原版同量的边界行为（出处：文档里有出处）	常量=0.5f	一致	client/Assets/Scripts/Module/Combat/CsCombatTuning.cs
S1	CsCombatTuning.CrosshairAirWeight	边界	上限	原版同量的边界行为（出处：文档里有出处）	常量=0.5f	一致	client/Assets/Scripts/Module/Combat/CsCombatTuning.cs
S1	CsCombatTuning.CrosshairAirWeight	边界	上限+1	原版同量的边界行为（出处：文档里有出处）	常量=0.5f	一致	client/Assets/Scripts/Module/Combat/CsCombatTuning.cs
S1	CsCombatTuning.CrosshairAirWeight	边界	阈值±1	原版同量的边界行为（出处：文档里有出处）	常量=0.5f	一致	client/Assets/Scripts/Module/Combat/CsCombatTuning.cs
S1	CsCombatTuning.CrosshairExpandSpeed	边界	0	原版同量的边界行为（出处：文档里有出处）	常量=6f	一致	client/Assets/Scripts/Module/Combat/CsCombatTuning.cs
S1	CsCombatTuning.CrosshairExpandSpeed	边界	上限	原版同量的边界行为（出处：文档里有出处）	常量=6f	一致	client/Assets/Scripts/Module/Combat/CsCombatTuning.cs
S1	CsCombatTuning.CrosshairExpandSpeed	边界	上限+1	原版同量的边界行为（出处：文档里有出处）	常量=6f	一致	client/Assets/Scripts/Module/Combat/CsCombatTuning.cs
S1	CsCombatTuning.CrosshairExpandSpeed	边界	阈值±1	原版同量的边界行为（出处：文档里有出处）	常量=6f	一致	client/Assets/Scripts/Module/Combat/CsCombatTuning.cs
S1	CsCombatTuning.CrosshairFullShots	边界	0	原版同量的边界行为（出处：文档里有出处）	常量=12	一致	client/Assets/Scripts/Module/Combat/CsCombatTuning.cs
S1	CsCombatTuning.CrosshairFullShots	边界	上限	原版同量的边界行为（出处：文档里有出处）	常量=12	一致	client/Assets/Scripts/Module/Combat/CsCombatTuning.cs
S1	CsCombatTuning.CrosshairFullShots	边界	上限+1	原版同量的边界行为（出处：文档里有出处）	常量=12	一致	client/Assets/Scripts/Module/Combat/CsCombatTuning.cs
S1	CsCombatTuning.CrosshairFullShots	边界	阈值±1	原版同量的边界行为（出处：文档里有出处）	常量=12	一致	client/Assets/Scripts/Module/Combat/CsCombatTuning.cs
S1	CsCombatTuning.CrosshairMoveWeight	边界	0	原版同量的边界行为（出处：文档里有出处）	常量=0.8f	一致	client/Assets/Scripts/Module/Combat/CsCombatTuning.cs
S1	CsCombatTuning.CrosshairMoveWeight	边界	上限	原版同量的边界行为（出处：文档里有出处）	常量=0.8f	一致	client/Assets/Scripts/Module/Combat/CsCombatTuning.cs
S1	CsCombatTuning.CrosshairMoveWeight	边界	上限+1	原版同量的边界行为（出处：文档里有出处）	常量=0.8f	一致	client/Assets/Scripts/Module/Combat/CsCombatTuning.cs
S1	CsCombatTuning.CrosshairMoveWeight	边界	阈值±1	原版同量的边界行为（出处：文档里有出处）	常量=0.8f	一致	client/Assets/Scripts/Module/Combat/CsCombatTuning.cs
S1	CsCombatTuning.CrosshairShotWeight	边界	0	原版同量的边界行为（出处：文档里有出处）	常量=0.7f	一致	client/Assets/Scripts/Module/Combat/CsCombatTuning.cs
S1	CsCombatTuning.CrosshairShotWeight	边界	上限	原版同量的边界行为（出处：文档里有出处）	常量=0.7f	一致	client/Assets/Scripts/Module/Combat/CsCombatTuning.cs
S1	CsCombatTuning.CrosshairShotWeight	边界	上限+1	原版同量的边界行为（出处：文档里有出处）	常量=0.7f	一致	client/Assets/Scripts/Module/Combat/CsCombatTuning.cs
S1	CsCombatTuning.CrosshairShotWeight	边界	阈值±1	原版同量的边界行为（出处：文档里有出处）	常量=0.7f	一致	client/Assets/Scripts/Module/Combat/CsCombatTuning.cs
S1	CsCombatTuning.CrosshairShrinkSpeed	边界	0	原版同量的边界行为（出处：文档里有出处）	常量=2.6f	一致	client/Assets/Scripts/Module/Combat/CsCombatTuning.cs
S1	CsCombatTuning.CrosshairShrinkSpeed	边界	上限	原版同量的边界行为（出处：文档里有出处）	常量=2.6f	一致	client/Assets/Scripts/Module/Combat/CsCombatTuning.cs
S1	CsCombatTuning.CrosshairShrinkSpeed	边界	上限+1	原版同量的边界行为（出处：文档里有出处）	常量=2.6f	一致	client/Assets/Scripts/Module/Combat/CsCombatTuning.cs
S1	CsCombatTuning.CrosshairShrinkSpeed	边界	阈值±1	原版同量的边界行为（出处：文档里有出处）	常量=2.6f	一致	client/Assets/Scripts/Module/Combat/CsCombatTuning.cs
S1	CsCombatTuning.CrosshairZoomScale	边界	0	原版同量的边界行为（出处：文档里有出处）	常量=0.15f	一致	client/Assets/Scripts/Module/Combat/CsCombatTuning.cs
S1	CsCombatTuning.CrosshairZoomScale	边界	上限	原版同量的边界行为（出处：文档里有出处）	常量=0.15f	一致	client/Assets/Scripts/Module/Combat/CsCombatTuning.cs
S1	CsCombatTuning.CrosshairZoomScale	边界	上限+1	原版同量的边界行为（出处：文档里有出处）	常量=0.15f	一致	client/Assets/Scripts/Module/Combat/CsCombatTuning.cs
S1	CsCombatTuning.CrosshairZoomScale	边界	阈值±1	原版同量的边界行为（出处：文档里有出处）	常量=0.15f	一致	client/Assets/Scripts/Module/Combat/CsCombatTuning.cs
S1	CsCombatTuning.CrouchSpreadScale	边界	0	原版同量的边界行为（出处：文档里有出处）	常量=0.7f	一致	client/Assets/Scripts/Module/Combat/CsCombatTuning.cs
S1	CsCombatTuning.CrouchSpreadScale	边界	上限	原版同量的边界行为（出处：文档里有出处）	常量=0.7f	一致	client/Assets/Scripts/Module/Combat/CsCombatTuning.cs
S1	CsCombatTuning.CrouchSpreadScale	边界	上限+1	原版同量的边界行为（出处：文档里有出处）	常量=0.7f	一致	client/Assets/Scripts/Module/Combat/CsCombatTuning.cs
S1	CsCombatTuning.CrouchSpreadScale	边界	阈值±1	原版同量的边界行为（出处：文档里有出处）	常量=0.7f	一致	client/Assets/Scripts/Module/Combat/CsCombatTuning.cs
S1	CsCombatTuning.DamageShakeDuration	边界	0	原版同量的边界行为（出处：文档里有出处）	常量=0.28f	一致	client/Assets/Scripts/Module/Combat/CsCombatTuning.cs
S1	CsCombatTuning.DamageShakeDuration	边界	上限	原版同量的边界行为（出处：文档里有出处）	常量=0.28f	一致	client/Assets/Scripts/Module/Combat/CsCombatTuning.cs
S1	CsCombatTuning.DamageShakeDuration	边界	上限+1	原版同量的边界行为（出处：文档里有出处）	常量=0.28f	一致	client/Assets/Scripts/Module/Combat/CsCombatTuning.cs
S1	CsCombatTuning.DamageShakeDuration	边界	阈值±1	原版同量的边界行为（出处：文档里有出处）	常量=0.28f	一致	client/Assets/Scripts/Module/Combat/CsCombatTuning.cs
S1	CsCombatTuning.DamageShakeFullDamage	边界	0	原版同量的边界行为（出处：文档里有出处）	常量=45f	一致	client/Assets/Scripts/Module/Combat/CsCombatTuning.cs
S1	CsCombatTuning.DamageShakeFullDamage	边界	上限	原版同量的边界行为（出处：文档里有出处）	常量=45f	一致	client/Assets/Scripts/Module/Combat/CsCombatTuning.cs
S1	CsCombatTuning.DamageShakeFullDamage	边界	上限+1	原版同量的边界行为（出处：文档里有出处）	常量=45f	一致	client/Assets/Scripts/Module/Combat/CsCombatTuning.cs
S1	CsCombatTuning.DamageShakeFullDamage	边界	阈值±1	原版同量的边界行为（出处：文档里有出处）	常量=45f	一致	client/Assets/Scripts/Module/Combat/CsCombatTuning.cs
S1	CsCombatTuning.DamageShakeMaxDeg	边界	0	原版同量的边界行为（出处：文档里有出处）	常量=2.4f	一致	client/Assets/Scripts/Module/Combat/CsCombatTuning.cs
S1	CsCombatTuning.DamageShakeMaxDeg	边界	上限	原版同量的边界行为（出处：文档里有出处）	常量=2.4f	一致	client/Assets/Scripts/Module/Combat/CsCombatTuning.cs
S1	CsCombatTuning.DamageShakeMaxDeg	边界	上限+1	原版同量的边界行为（出处：文档里有出处）	常量=2.4f	一致	client/Assets/Scripts/Module/Combat/CsCombatTuning.cs
S1	CsCombatTuning.DamageShakeMaxDeg	边界	阈值±1	原版同量的边界行为（出处：文档里有出处）	常量=2.4f	一致	client/Assets/Scripts/Module/Combat/CsCombatTuning.cs
S1	CsCombatTuning.DecalDuration	边界	0	原版同量的边界行为（出处：文档里有出处）	常量=25f	一致	client/Assets/Scripts/Module/Combat/CsCombatTuning.cs
S1	CsCombatTuning.DecalDuration	边界	上限	原版同量的边界行为（出处：文档里有出处）	常量=25f	一致	client/Assets/Scripts/Module/Combat/CsCombatTuning.cs
S1	CsCombatTuning.DecalDuration	边界	上限+1	原版同量的边界行为（出处：文档里有出处）	常量=25f	一致	client/Assets/Scripts/Module/Combat/CsCombatTuning.cs
S1	CsCombatTuning.DecalDuration	边界	阈值±1	原版同量的边界行为（出处：文档里有出处）	常量=25f	一致	client/Assets/Scripts/Module/Combat/CsCombatTuning.cs
S1	CsCombatTuning.DecalMetersPerPixel	边界	0	原版同量的边界行为（出处：文档里有出处）	常量=DecalSize / 16f	一致	client/Assets/Scripts/Module/Combat/CsCombatTuning.cs
S1	CsCombatTuning.DecalMetersPerPixel	边界	上限	原版同量的边界行为（出处：文档里有出处）	常量=DecalSize / 16f	一致	client/Assets/Scripts/Module/Combat/CsCombatTuning.cs
S1	CsCombatTuning.DecalMetersPerPixel	边界	上限+1	原版同量的边界行为（出处：文档里有出处）	常量=DecalSize / 16f	一致	client/Assets/Scripts/Module/Combat/CsCombatTuning.cs
S1	CsCombatTuning.DecalMetersPerPixel	边界	阈值±1	原版同量的边界行为（出处：文档里有出处）	常量=DecalSize / 16f	一致	client/Assets/Scripts/Module/Combat/CsCombatTuning.cs
S1	CsCombatTuning.DecalSize	边界	0	原版同量的边界行为（出处：文档里有出处）	常量=0.075f	一致	client/Assets/Scripts/Module/Combat/CsCombatTuning.cs
S1	CsCombatTuning.DecalSize	边界	上限	原版同量的边界行为（出处：文档里有出处）	常量=0.075f	一致	client/Assets/Scripts/Module/Combat/CsCombatTuning.cs
S1	CsCombatTuning.DecalSize	边界	上限+1	原版同量的边界行为（出处：文档里有出处）	常量=0.075f	一致	client/Assets/Scripts/Module/Combat/CsCombatTuning.cs
S1	CsCombatTuning.DecalSize	边界	阈值±1	原版同量的边界行为（出处：文档里有出处）	常量=0.075f	一致	client/Assets/Scripts/Module/Combat/CsCombatTuning.cs
S1	CsCombatTuning.DegreesPerMouseCount	边界	0	原版同量的边界行为（出处：文档里有出处）	常量=0.022f	一致	client/Assets/Scripts/Module/Combat/CsCombatTuning.cs
S1	CsCombatTuning.DegreesPerMouseCount	边界	上限	原版同量的边界行为（出处：文档里有出处）	常量=0.022f	一致	client/Assets/Scripts/Module/Combat/CsCombatTuning.cs
S1	CsCombatTuning.DegreesPerMouseCount	边界	上限+1	原版同量的边界行为（出处：文档里有出处）	常量=0.022f	一致	client/Assets/Scripts/Module/Combat/CsCombatTuning.cs
S1	CsCombatTuning.DegreesPerMouseCount	边界	阈值±1	原版同量的边界行为（出处：文档里有出处）	常量=0.022f	一致	client/Assets/Scripts/Module/Combat/CsCombatTuning.cs
S1	CsCombatTuning.ExplosionVisualDuration	边界	0	原版同量的边界行为（出处：文档里有出处）	常量=0.28f	一致	client/Assets/Scripts/Module/Combat/CsCombatTuning.cs
S1	CsCombatTuning.ExplosionVisualDuration	边界	上限	原版同量的边界行为（出处：文档里有出处）	常量=0.28f	一致	client/Assets/Scripts/Module/Combat/CsCombatTuning.cs
S1	CsCombatTuning.ExplosionVisualDuration	边界	上限+1	原版同量的边界行为（出处：文档里有出处）	常量=0.28f	一致	client/Assets/Scripts/Module/Combat/CsCombatTuning.cs
S1	CsCombatTuning.ExplosionVisualDuration	边界	阈值±1	原版同量的边界行为（出处：文档里有出处）	常量=0.28f	一致	client/Assets/Scripts/Module/Combat/CsCombatTuning.cs
S1	CsCombatTuning.ExplosionVisualMaxRadius	边界	0	原版同量的边界行为（出处：文档里有出处）	常量=1.6f	一致	client/Assets/Scripts/Module/Combat/CsCombatTuning.cs
S1	CsCombatTuning.ExplosionVisualMaxRadius	边界	上限	原版同量的边界行为（出处：文档里有出处）	常量=1.6f	一致	client/Assets/Scripts/Module/Combat/CsCombatTuning.cs
S1	CsCombatTuning.ExplosionVisualMaxRadius	边界	上限+1	原版同量的边界行为（出处：文档里有出处）	常量=1.6f	一致	client/Assets/Scripts/Module/Combat/CsCombatTuning.cs
S1	CsCombatTuning.ExplosionVisualMaxRadius	边界	阈值±1	原版同量的边界行为（出处：文档里有出处）	常量=1.6f	一致	client/Assets/Scripts/Module/Combat/CsCombatTuning.cs
S1	CsCombatTuning.EyeHeightSmoothTau	边界	0	原版同量的边界行为（出处：文档里有出处）	常量=0.045f	一致	client/Assets/Scripts/Module/Combat/CsCombatTuning.cs
S1	CsCombatTuning.EyeHeightSmoothTau	边界	上限	原版同量的边界行为（出处：文档里有出处）	常量=0.045f	一致	client/Assets/Scripts/Module/Combat/CsCombatTuning.cs
S1	CsCombatTuning.EyeHeightSmoothTau	边界	上限+1	原版同量的边界行为（出处：文档里有出处）	常量=0.045f	一致	client/Assets/Scripts/Module/Combat/CsCombatTuning.cs
S1	CsCombatTuning.EyeHeightSmoothTau	边界	阈值±1	原版同量的边界行为（出处：文档里有出处）	常量=0.045f	一致	client/Assets/Scripts/Module/Combat/CsCombatTuning.cs
S1	CsCombatTuning.GrenadeVisualRadius	边界	0	原版同量的边界行为（出处：文档里有出处）	常量=0.09f	一致	client/Assets/Scripts/Module/Combat/CsCombatTuning.cs
S1	CsCombatTuning.GrenadeVisualRadius	边界	上限	原版同量的边界行为（出处：文档里有出处）	常量=0.09f	一致	client/Assets/Scripts/Module/Combat/CsCombatTuning.cs
S1	CsCombatTuning.GrenadeVisualRadius	边界	上限+1	原版同量的边界行为（出处：文档里有出处）	常量=0.09f	一致	client/Assets/Scripts/Module/Combat/CsCombatTuning.cs
S1	CsCombatTuning.GrenadeVisualRadius	边界	阈值±1	原版同量的边界行为（出处：文档里有出处）	常量=0.09f	一致	client/Assets/Scripts/Module/Combat/CsCombatTuning.cs
S1	CsCombatTuning.LandDipAmount	边界	0	原版同量的边界行为（出处：文档里有出处）	常量=0.05f	一致	client/Assets/Scripts/Module/Combat/CsCombatTuning.cs
S1	CsCombatTuning.LandDipAmount	边界	上限	原版同量的边界行为（出处：文档里有出处）	常量=0.05f	一致	client/Assets/Scripts/Module/Combat/CsCombatTuning.cs
S1	CsCombatTuning.LandDipAmount	边界	上限+1	原版同量的边界行为（出处：文档里有出处）	常量=0.05f	一致	client/Assets/Scripts/Module/Combat/CsCombatTuning.cs
S1	CsCombatTuning.LandDipAmount	边界	阈值±1	原版同量的边界行为（出处：文档里有出处）	常量=0.05f	一致	client/Assets/Scripts/Module/Combat/CsCombatTuning.cs
S1	CsCombatTuning.LandDipTau	边界	0	原版同量的边界行为（出处：文档里有出处）	常量=0.11f	一致	client/Assets/Scripts/Module/Combat/CsCombatTuning.cs
S1	CsCombatTuning.LandDipTau	边界	上限	原版同量的边界行为（出处：文档里有出处）	常量=0.11f	一致	client/Assets/Scripts/Module/Combat/CsCombatTuning.cs
S1	CsCombatTuning.LandDipTau	边界	上限+1	原版同量的边界行为（出处：文档里有出处）	常量=0.11f	一致	client/Assets/Scripts/Module/Combat/CsCombatTuning.cs
S1	CsCombatTuning.LandDipTau	边界	阈值±1	原版同量的边界行为（出处：文档里有出处）	常量=0.11f	一致	client/Assets/Scripts/Module/Combat/CsCombatTuning.cs
S1	CsCombatTuning.LogRateEvery	边界	0	原版同量的边界行为（出处：文档里有出处）	常量=50	一致	client/Assets/Scripts/Module/Combat/CsCombatTuning.cs
S1	CsCombatTuning.LogRateEvery	边界	上限	原版同量的边界行为（出处：文档里有出处）	常量=50	一致	client/Assets/Scripts/Module/Combat/CsCombatTuning.cs
S1	CsCombatTuning.LogRateEvery	边界	上限+1	原版同量的边界行为（出处：文档里有出处）	常量=50	一致	client/Assets/Scripts/Module/Combat/CsCombatTuning.cs
S1	CsCombatTuning.LogRateEvery	边界	阈值±1	原版同量的边界行为（出处：文档里有出处）	常量=50	一致	client/Assets/Scripts/Module/Combat/CsCombatTuning.cs
S1	CsCombatTuning.MaxBloodDecals	边界	0	原版同量的边界行为（出处：文档里有出处）	常量=24	一致	client/Assets/Scripts/Module/Combat/CsCombatTuning.cs
S1	CsCombatTuning.MaxBloodDecals	边界	上限	原版同量的边界行为（出处：文档里有出处）	常量=24	一致	client/Assets/Scripts/Module/Combat/CsCombatTuning.cs
S1	CsCombatTuning.MaxBloodDecals	边界	上限+1	原版同量的边界行为（出处：文档里有出处）	常量=24	一致	client/Assets/Scripts/Module/Combat/CsCombatTuning.cs
S1	CsCombatTuning.MaxBloodDecals	边界	阈值±1	原版同量的边界行为（出处：文档里有出处）	常量=24	一致	client/Assets/Scripts/Module/Combat/CsCombatTuning.cs
S1	CsCombatTuning.MaxDecals	边界	0	原版同量的边界行为（出处：文档里有出处）	常量=64	一致	client/Assets/Scripts/Module/Combat/CsCombatTuning.cs
S1	CsCombatTuning.MaxDecals	边界	上限	原版同量的边界行为（出处：文档里有出处）	常量=64	一致	client/Assets/Scripts/Module/Combat/CsCombatTuning.cs
S1	CsCombatTuning.MaxDecals	边界	上限+1	原版同量的边界行为（出处：文档里有出处）	常量=64	一致	client/Assets/Scripts/Module/Combat/CsCombatTuning.cs
S1	CsCombatTuning.MaxDecals	边界	阈值±1	原版同量的边界行为（出处：文档里有出处）	常量=64	一致	client/Assets/Scripts/Module/Combat/CsCombatTuning.cs
S1	CsCombatTuning.MaxPenetrationLayers	边界	0	原版同量的边界行为（出处：文档里有出处）	常量=2	一致	client/Assets/Scripts/Module/Combat/CsCombatTuning.cs
S1	CsCombatTuning.MaxPenetrationLayers	边界	上限	原版同量的边界行为（出处：文档里有出处）	常量=2	一致	client/Assets/Scripts/Module/Combat/CsCombatTuning.cs
S1	CsCombatTuning.MaxPenetrationLayers	边界	上限+1	原版同量的边界行为（出处：文档里有出处）	常量=2	一致	client/Assets/Scripts/Module/Combat/CsCombatTuning.cs
S1	CsCombatTuning.MaxPenetrationLayers	边界	阈值±1	原版同量的边界行为（出处：文档里有出处）	常量=2	一致	client/Assets/Scripts/Module/Combat/CsCombatTuning.cs
S1	CsCombatTuning.MaxRayHits	边界	0	原版同量的边界行为（出处：文档里有出处）	常量=32	一致	client/Assets/Scripts/Module/Combat/CsCombatTuning.cs
S1	CsCombatTuning.MaxRayHits	边界	上限	原版同量的边界行为（出处：文档里有出处）	常量=32	一致	client/Assets/Scripts/Module/Combat/CsCombatTuning.cs
S1	CsCombatTuning.MaxRayHits	边界	上限+1	原版同量的边界行为（出处：文档里有出处）	常量=32	一致	client/Assets/Scripts/Module/Combat/CsCombatTuning.cs
S1	CsCombatTuning.MaxRayHits	边界	阈值±1	原版同量的边界行为（出处：文档里有出处）	常量=32	一致	client/Assets/Scripts/Module/Combat/CsCombatTuning.cs
S1	CsCombatTuning.MaxShotsConsumedPerFrame	边界	0	原版同量的边界行为（出处：文档里有出处）	常量=16	一致	client/Assets/Scripts/Module/Combat/CsCombatTuning.cs
S1	CsCombatTuning.MaxShotsConsumedPerFrame	边界	上限	原版同量的边界行为（出处：文档里有出处）	常量=16	一致	client/Assets/Scripts/Module/Combat/CsCombatTuning.cs
S1	CsCombatTuning.MaxShotsConsumedPerFrame	边界	上限+1	原版同量的边界行为（出处：文档里有出处）	常量=16	一致	client/Assets/Scripts/Module/Combat/CsCombatTuning.cs
S1	CsCombatTuning.MaxShotsConsumedPerFrame	边界	阈值±1	原版同量的边界行为（出处：文档里有出处）	常量=16	一致	client/Assets/Scripts/Module/Combat/CsCombatTuning.cs
S1	CsCombatTuning.MuzzleFlashDuration	边界	0	原版同量的边界行为（出处：文档里有出处）	常量=0.045f	一致	client/Assets/Scripts/Module/Combat/CsCombatTuning.cs
S1	CsCombatTuning.MuzzleFlashDuration	边界	上限	原版同量的边界行为（出处：文档里有出处）	常量=0.045f	一致	client/Assets/Scripts/Module/Combat/CsCombatTuning.cs
S1	CsCombatTuning.MuzzleFlashDuration	边界	上限+1	原版同量的边界行为（出处：文档里有出处）	常量=0.045f	一致	client/Assets/Scripts/Module/Combat/CsCombatTuning.cs
S1	CsCombatTuning.MuzzleFlashDuration	边界	阈值±1	原版同量的边界行为（出处：文档里有出处）	常量=0.045f	一致	client/Assets/Scripts/Module/Combat/CsCombatTuning.cs
S1	CsCombatTuning.MuzzleFlashSize	边界	0	原版同量的边界行为（出处：文档里有出处）	常量=0.30f	一致	client/Assets/Scripts/Module/Combat/CsCombatTuning.cs
S1	CsCombatTuning.MuzzleFlashSize	边界	上限	原版同量的边界行为（出处：文档里有出处）	常量=0.30f	一致	client/Assets/Scripts/Module/Combat/CsCombatTuning.cs
S1	CsCombatTuning.MuzzleFlashSize	边界	上限+1	原版同量的边界行为（出处：文档里有出处）	常量=0.30f	一致	client/Assets/Scripts/Module/Combat/CsCombatTuning.cs
S1	CsCombatTuning.MuzzleFlashSize	边界	阈值±1	原版同量的边界行为（出处：文档里有出处）	常量=0.30f	一致	client/Assets/Scripts/Module/Combat/CsCombatTuning.cs
S1	CsCombatTuning.MuzzleLightDuration	边界	0	原版同量的边界行为（出处：文档里有出处）	常量=0.055f	一致	client/Assets/Scripts/Module/Combat/CsCombatTuning.cs
S1	CsCombatTuning.MuzzleLightDuration	边界	上限	原版同量的边界行为（出处：文档里有出处）	常量=0.055f	一致	client/Assets/Scripts/Module/Combat/CsCombatTuning.cs
S1	CsCombatTuning.MuzzleLightDuration	边界	上限+1	原版同量的边界行为（出处：文档里有出处）	常量=0.055f	一致	client/Assets/Scripts/Module/Combat/CsCombatTuning.cs
S1	CsCombatTuning.MuzzleLightDuration	边界	阈值±1	原版同量的边界行为（出处：文档里有出处）	常量=0.055f	一致	client/Assets/Scripts/Module/Combat/CsCombatTuning.cs
S1	CsCombatTuning.PenetrationArmorThreshold	边界	0	原版同量的边界行为（出处：文档里有出处）	常量=0.6f	一致	client/Assets/Scripts/Module/Combat/CsCombatTuning.cs
S1	CsCombatTuning.PenetrationArmorThreshold	边界	上限	原版同量的边界行为（出处：文档里有出处）	常量=0.6f	一致	client/Assets/Scripts/Module/Combat/CsCombatTuning.cs
S1	CsCombatTuning.PenetrationArmorThreshold	边界	上限+1	原版同量的边界行为（出处：文档里有出处）	常量=0.6f	一致	client/Assets/Scripts/Module/Combat/CsCombatTuning.cs
S1	CsCombatTuning.PenetrationArmorThreshold	边界	阈值±1	原版同量的边界行为（出处：文档里有出处）	常量=0.6f	一致	client/Assets/Scripts/Module/Combat/CsCombatTuning.cs
S1	CsCombatTuning.PitchLimit	边界	0	原版同量的边界行为（出处：文档里有出处）	常量=89f	一致	client/Assets/Scripts/Module/Combat/CsCombatTuning.cs
S1	CsCombatTuning.PitchLimit	边界	上限	原版同量的边界行为（出处：文档里有出处）	常量=89f	一致	client/Assets/Scripts/Module/Combat/CsCombatTuning.cs
S1	CsCombatTuning.PitchLimit	边界	上限+1	原版同量的边界行为（出处：文档里有出处）	常量=89f	一致	client/Assets/Scripts/Module/Combat/CsCombatTuning.cs
S1	CsCombatTuning.PitchLimit	边界	阈值±1	原版同量的边界行为（出处：文档里有出处）	常量=89f	一致	client/Assets/Scripts/Module/Combat/CsCombatTuning.cs
S1	CsCombatTuning.RecoilFallTau	边界	0	原版同量的边界行为（出处：文档里有出处）	常量=0.13f	一致	client/Assets/Scripts/Module/Combat/CsCombatTuning.cs
S1	CsCombatTuning.RecoilFallTau	边界	上限	原版同量的边界行为（出处：文档里有出处）	常量=0.13f	一致	client/Assets/Scripts/Module/Combat/CsCombatTuning.cs
S1	CsCombatTuning.RecoilFallTau	边界	上限+1	原版同量的边界行为（出处：文档里有出处）	常量=0.13f	一致	client/Assets/Scripts/Module/Combat/CsCombatTuning.cs
S1	CsCombatTuning.RecoilFallTau	边界	阈值±1	原版同量的边界行为（出处：文档里有出处）	常量=0.13f	一致	client/Assets/Scripts/Module/Combat/CsCombatTuning.cs
S1	CsCombatTuning.RecoilRiseTau	边界	0	原版同量的边界行为（出处：文档里有出处）	常量=0.035f	一致	client/Assets/Scripts/Module/Combat/CsCombatTuning.cs
S1	CsCombatTuning.RecoilRiseTau	边界	上限	原版同量的边界行为（出处：文档里有出处）	常量=0.035f	一致	client/Assets/Scripts/Module/Combat/CsCombatTuning.cs
S1	CsCombatTuning.RecoilRiseTau	边界	上限+1	原版同量的边界行为（出处：文档里有出处）	常量=0.035f	一致	client/Assets/Scripts/Module/Combat/CsCombatTuning.cs
S1	CsCombatTuning.RecoilRiseTau	边界	阈值±1	原版同量的边界行为（出处：文档里有出处）	常量=0.035f	一致	client/Assets/Scripts/Module/Combat/CsCombatTuning.cs
S1	CsCombatTuning.RecoilSpreadMax	边界	0	原版同量的边界行为（出处：文档里有出处）	常量=2.4f	一致	client/Assets/Scripts/Module/Combat/CsCombatTuning.cs
S1	CsCombatTuning.RecoilSpreadMax	边界	上限	原版同量的边界行为（出处：文档里有出处）	常量=2.4f	一致	client/Assets/Scripts/Module/Combat/CsCombatTuning.cs
S1	CsCombatTuning.RecoilSpreadMax	边界	上限+1	原版同量的边界行为（出处：文档里有出处）	常量=2.4f	一致	client/Assets/Scripts/Module/Combat/CsCombatTuning.cs
S1	CsCombatTuning.RecoilSpreadMax	边界	阈值±1	原版同量的边界行为（出处：文档里有出处）	常量=2.4f	一致	client/Assets/Scripts/Module/Combat/CsCombatTuning.cs
S1	CsCombatTuning.RecoilSpreadPerShot	边界	0	原版同量的边界行为（出处：文档里有出处）	常量=0.15f	一致	client/Assets/Scripts/Module/Combat/CsCombatTuning.cs
S1	CsCombatTuning.RecoilSpreadPerShot	边界	上限	原版同量的边界行为（出处：文档里有出处）	常量=0.15f	一致	client/Assets/Scripts/Module/Combat/CsCombatTuning.cs
S1	CsCombatTuning.RecoilSpreadPerShot	边界	上限+1	原版同量的边界行为（出处：文档里有出处）	常量=0.15f	一致	client/Assets/Scripts/Module/Combat/CsCombatTuning.cs
S1	CsCombatTuning.RecoilSpreadPerShot	边界	阈值±1	原版同量的边界行为（出处：文档里有出处）	常量=0.15f	一致	client/Assets/Scripts/Module/Combat/CsCombatTuning.cs
S1	CsCombatTuning.RecoilViewScale	边界	0	原版同量的边界行为（出处：文档里有出处）	常量=1f	一致	client/Assets/Scripts/Module/Combat/CsCombatTuning.cs
S1	CsCombatTuning.RecoilViewScale	边界	上限	原版同量的边界行为（出处：文档里有出处）	常量=1f	一致	client/Assets/Scripts/Module/Combat/CsCombatTuning.cs
S1	CsCombatTuning.RecoilViewScale	边界	上限+1	原版同量的边界行为（出处：文档里有出处）	常量=1f	一致	client/Assets/Scripts/Module/Combat/CsCombatTuning.cs
S1	CsCombatTuning.RecoilViewScale	边界	阈值±1	原版同量的边界行为（出处：文档里有出处）	常量=1f	一致	client/Assets/Scripts/Module/Combat/CsCombatTuning.cs
S1	CsCombatTuning.ScopeSettleTime	边界	0	原版同量的边界行为（出处：文档里有出处）	常量=0.18f	一致	client/Assets/Scripts/Module/Combat/CsCombatTuning.cs
S1	CsCombatTuning.ScopeSettleTime	边界	上限	原版同量的边界行为（出处：文档里有出处）	常量=0.18f	一致	client/Assets/Scripts/Module/Combat/CsCombatTuning.cs
S1	CsCombatTuning.ScopeSettleTime	边界	上限+1	原版同量的边界行为（出处：文档里有出处）	常量=0.18f	一致	client/Assets/Scripts/Module/Combat/CsCombatTuning.cs
S1	CsCombatTuning.ScopeSettleTime	边界	阈值±1	原版同量的边界行为（出处：文档里有出处）	常量=0.18f	一致	client/Assets/Scripts/Module/Combat/CsCombatTuning.cs
S1	CsCombatTuning.SparkDuration	边界	0	原版同量的边界行为（出处：文档里有出处）	常量=0.05f	一致	client/Assets/Scripts/Module/Combat/CsCombatTuning.cs
S1	CsCombatTuning.SparkDuration	边界	上限	原版同量的边界行为（出处：文档里有出处）	常量=0.05f	一致	client/Assets/Scripts/Module/Combat/CsCombatTuning.cs
S1	CsCombatTuning.SparkDuration	边界	上限+1	原版同量的边界行为（出处：文档里有出处）	常量=0.05f	一致	client/Assets/Scripts/Module/Combat/CsCombatTuning.cs
S1	CsCombatTuning.SparkDuration	边界	阈值±1	原版同量的边界行为（出处：文档里有出处）	常量=0.05f	一致	client/Assets/Scripts/Module/Combat/CsCombatTuning.cs
S1	CsCombatTuning.SparkSize	边界	0	原版同量的边界行为（出处：文档里有出处）	常量=0.05f	一致	client/Assets/Scripts/Module/Combat/CsCombatTuning.cs
S1	CsCombatTuning.SparkSize	边界	上限	原版同量的边界行为（出处：文档里有出处）	常量=0.05f	一致	client/Assets/Scripts/Module/Combat/CsCombatTuning.cs
S1	CsCombatTuning.SparkSize	边界	上限+1	原版同量的边界行为（出处：文档里有出处）	常量=0.05f	一致	client/Assets/Scripts/Module/Combat/CsCombatTuning.cs
S1	CsCombatTuning.SparkSize	边界	阈值±1	原版同量的边界行为（出处：文档里有出处）	常量=0.05f	一致	client/Assets/Scripts/Module/Combat/CsCombatTuning.cs
S1	CsCombatTuning.TeleportSnapDistance	边界	0	原版同量的边界行为（出处：文档里有出处）	常量=2.5f	一致	client/Assets/Scripts/Module/Combat/CsCombatTuning.cs
S1	CsCombatTuning.TeleportSnapDistance	边界	上限	原版同量的边界行为（出处：文档里有出处）	常量=2.5f	一致	client/Assets/Scripts/Module/Combat/CsCombatTuning.cs
S1	CsCombatTuning.TeleportSnapDistance	边界	上限+1	原版同量的边界行为（出处：文档里有出处）	常量=2.5f	一致	client/Assets/Scripts/Module/Combat/CsCombatTuning.cs
S1	CsCombatTuning.TeleportSnapDistance	边界	阈值±1	原版同量的边界行为（出处：文档里有出处）	常量=2.5f	一致	client/Assets/Scripts/Module/Combat/CsCombatTuning.cs
S1	CsCombatTuning.TracerDuration	边界	0	原版同量的边界行为（出处：文档里有出处）	常量=0.05f	一致	client/Assets/Scripts/Module/Combat/CsCombatTuning.cs
S1	CsCombatTuning.TracerDuration	边界	上限	原版同量的边界行为（出处：文档里有出处）	常量=0.05f	一致	client/Assets/Scripts/Module/Combat/CsCombatTuning.cs
S1	CsCombatTuning.TracerDuration	边界	上限+1	原版同量的边界行为（出处：文档里有出处）	常量=0.05f	一致	client/Assets/Scripts/Module/Combat/CsCombatTuning.cs
S1	CsCombatTuning.TracerDuration	边界	阈值±1	原版同量的边界行为（出处：文档里有出处）	常量=0.05f	一致	client/Assets/Scripts/Module/Combat/CsCombatTuning.cs
S1	CsCombatTuning.TracerThickness	边界	0	原版同量的边界行为（出处：文档里有出处）	常量=0.022f	一致	client/Assets/Scripts/Module/Combat/CsCombatTuning.cs
S1	CsCombatTuning.TracerThickness	边界	上限	原版同量的边界行为（出处：文档里有出处）	常量=0.022f	一致	client/Assets/Scripts/Module/Combat/CsCombatTuning.cs
S1	CsCombatTuning.TracerThickness	边界	上限+1	原版同量的边界行为（出处：文档里有出处）	常量=0.022f	一致	client/Assets/Scripts/Module/Combat/CsCombatTuning.cs
S1	CsCombatTuning.TracerThickness	边界	阈值±1	原版同量的边界行为（出处：文档里有出处）	常量=0.022f	一致	client/Assets/Scripts/Module/Combat/CsCombatTuning.cs
S1	CsCombatTuning.ZoomSpreadScale	边界	0	原版同量的边界行为（出处：文档里有出处）	常量=0.25f	一致	client/Assets/Scripts/Module/Combat/CsCombatTuning.cs
S1	CsCombatTuning.ZoomSpreadScale	边界	上限	原版同量的边界行为（出处：文档里有出处）	常量=0.25f	一致	client/Assets/Scripts/Module/Combat/CsCombatTuning.cs
S1	CsCombatTuning.ZoomSpreadScale	边界	上限+1	原版同量的边界行为（出处：文档里有出处）	常量=0.25f	一致	client/Assets/Scripts/Module/Combat/CsCombatTuning.cs
S1	CsCombatTuning.ZoomSpreadScale	边界	阈值±1	原版同量的边界行为（出处：文档里有出处）	常量=0.25f	一致	client/Assets/Scripts/Module/Combat/CsCombatTuning.cs
S1	CsCombatTuning.ZoomTransitionTau	边界	0	原版同量的边界行为（出处：文档里有出处）	常量=0.06f	一致	client/Assets/Scripts/Module/Combat/CsCombatTuning.cs
S1	CsCombatTuning.ZoomTransitionTau	边界	上限	原版同量的边界行为（出处：文档里有出处）	常量=0.06f	一致	client/Assets/Scripts/Module/Combat/CsCombatTuning.cs
S1	CsCombatTuning.ZoomTransitionTau	边界	上限+1	原版同量的边界行为（出处：文档里有出处）	常量=0.06f	一致	client/Assets/Scripts/Module/Combat/CsCombatTuning.cs
S1	CsCombatTuning.ZoomTransitionTau	边界	阈值±1	原版同量的边界行为（出处：文档里有出处）	常量=0.06f	一致	client/Assets/Scripts/Module/Combat/CsCombatTuning.cs
S1	CsConst.ArmorAbsorbRatio	边界	0	原版同量的边界行为（出处：文档里有出处）	常量=0.5f	一致	client/Assets/Scripts/Core/CsConst.cs
S1	CsConst.ArmorAbsorbRatio	边界	上限	原版同量的边界行为（出处：文档里有出处）	常量=0.5f	一致	client/Assets/Scripts/Core/CsConst.cs
S1	CsConst.ArmorAbsorbRatio	边界	上限+1	原版同量的边界行为（出处：文档里有出处）	常量=0.5f	一致	client/Assets/Scripts/Core/CsConst.cs
S1	CsConst.ArmorAbsorbRatio	边界	阈值±1	原版同量的边界行为（出处：文档里有出处）	常量=0.5f	一致	client/Assets/Scripts/Core/CsConst.cs
S1	CsConst.ArmorDamageRatio	边界	0	原版同量的边界行为（出处：文档里有出处）	常量=0.5f	一致	client/Assets/Scripts/Core/CsConst.cs
S1	CsConst.ArmorDamageRatio	边界	上限	原版同量的边界行为（出处：文档里有出处）	常量=0.5f	一致	client/Assets/Scripts/Core/CsConst.cs
S1	CsConst.ArmorDamageRatio	边界	上限+1	原版同量的边界行为（出处：文档里有出处）	常量=0.5f	一致	client/Assets/Scripts/Core/CsConst.cs
S1	CsConst.ArmorDamageRatio	边界	阈值±1	原版同量的边界行为（出处：文档里有出处）	常量=0.5f	一致	client/Assets/Scripts/Core/CsConst.cs
S1	CsConst.BombBeepFuseFast	边界	0	原版同量的边界行为（出处：文档里有出处）	常量=0.2f	一致	client/Assets/Scripts/Core/CsConst.cs
S1	CsConst.BombBeepFuseFast	边界	上限	原版同量的边界行为（出处：文档里有出处）	常量=0.2f	一致	client/Assets/Scripts/Core/CsConst.cs
S1	CsConst.BombBeepFuseFast	边界	上限+1	原版同量的边界行为（出处：文档里有出处）	常量=0.2f	一致	client/Assets/Scripts/Core/CsConst.cs
S1	CsConst.BombBeepFuseFast	边界	阈值±1	原版同量的边界行为（出处：文档里有出处）	常量=0.2f	一致	client/Assets/Scripts/Core/CsConst.cs
S1	CsConst.BombBeepFuseSlow	边界	0	原版同量的边界行为（出处：文档里有出处）	常量=1.2f	一致	client/Assets/Scripts/Core/CsConst.cs
S1	CsConst.BombBeepFuseSlow	边界	上限	原版同量的边界行为（出处：文档里有出处）	常量=1.2f	一致	client/Assets/Scripts/Core/CsConst.cs
S1	CsConst.BombBeepFuseSlow	边界	上限+1	原版同量的边界行为（出处：文档里有出处）	常量=1.2f	一致	client/Assets/Scripts/Core/CsConst.cs
S1	CsConst.BombBeepFuseSlow	边界	阈值±1	原版同量的边界行为（出处：文档里有出处）	常量=1.2f	一致	client/Assets/Scripts/Core/CsConst.cs
S1	CsConst.BombBeepIntervalFast	边界	0	原版同量的边界行为（出处：文档里有出处）	常量=0.25f	一致	client/Assets/Scripts/Core/CsConst.cs
S1	CsConst.BombBeepIntervalFast	边界	上限	原版同量的边界行为（出处：文档里有出处）	常量=0.25f	一致	client/Assets/Scripts/Core/CsConst.cs
S1	CsConst.BombBeepIntervalFast	边界	上限+1	原版同量的边界行为（出处：文档里有出处）	常量=0.25f	一致	client/Assets/Scripts/Core/CsConst.cs
S1	CsConst.BombBeepIntervalFast	边界	阈值±1	原版同量的边界行为（出处：文档里有出处）	常量=0.25f	一致	client/Assets/Scripts/Core/CsConst.cs
S1	CsConst.BombBeepIntervalSlow	边界	0	原版同量的边界行为（出处：文档里有出处）	常量=1.0f	一致	client/Assets/Scripts/Core/CsConst.cs
S1	CsConst.BombBeepIntervalSlow	边界	上限	原版同量的边界行为（出处：文档里有出处）	常量=1.0f	一致	client/Assets/Scripts/Core/CsConst.cs
S1	CsConst.BombBeepIntervalSlow	边界	上限+1	原版同量的边界行为（出处：文档里有出处）	常量=1.0f	一致	client/Assets/Scripts/Core/CsConst.cs
S1	CsConst.BombBeepIntervalSlow	边界	阈值±1	原版同量的边界行为（出处：文档里有出处）	常量=1.0f	一致	client/Assets/Scripts/Core/CsConst.cs
S1	CsConst.BombTimer	边界	0	原版同量的边界行为（出处：文档里有出处）	常量=35f	一致	client/Assets/Scripts/Core/CsConst.cs
S1	CsConst.BombTimer	边界	上限	原版同量的边界行为（出处：文档里有出处）	常量=35f	一致	client/Assets/Scripts/Core/CsConst.cs
S1	CsConst.BombTimer	边界	上限+1	原版同量的边界行为（出处：文档里有出处）	常量=35f	一致	client/Assets/Scripts/Core/CsConst.cs
S1	CsConst.BombTimer	边界	阈值±1	原版同量的边界行为（出处：文档里有出处）	常量=35f	一致	client/Assets/Scripts/Core/CsConst.cs
S1	CsConst.Bot	边界	0	原版同量的边界行为（出处：文档里有出处）	常量=9	一致	client/Assets/Scripts/Core/CsConst.cs
S1	CsConst.Bot	边界	上限	原版同量的边界行为（出处：文档里有出处）	常量=9	一致	client/Assets/Scripts/Core/CsConst.cs
S1	CsConst.Bot	边界	上限+1	原版同量的边界行为（出处：文档里有出处）	常量=9	一致	client/Assets/Scripts/Core/CsConst.cs
S1	CsConst.Bot	边界	阈值±1	原版同量的边界行为（出处：文档里有出处）	常量=9	一致	client/Assets/Scripts/Core/CsConst.cs
S1	CsConst.BotFovDegrees	边界	0	原版同量的边界行为（出处：文档里有出处）	常量=110f	一致	client/Assets/Scripts/Core/CsConst.cs
S1	CsConst.BotFovDegrees	边界	上限	原版同量的边界行为（出处：文档里有出处）	常量=110f	一致	client/Assets/Scripts/Core/CsConst.cs
S1	CsConst.BotFovDegrees	边界	上限+1	原版同量的边界行为（出处：文档里有出处）	常量=110f	一致	client/Assets/Scripts/Core/CsConst.cs
S1	CsConst.BotFovDegrees	边界	阈值±1	原版同量的边界行为（出处：文档里有出处）	常量=110f	一致	client/Assets/Scripts/Core/CsConst.cs
S1	CsConst.BotHearRadius	边界	0	原版同量的边界行为（出处：文档里有出处）	常量=18f	一致	client/Assets/Scripts/Core/CsConst.cs
S1	CsConst.BotHearRadius	边界	上限	原版同量的边界行为（出处：文档里有出处）	常量=18f	一致	client/Assets/Scripts/Core/CsConst.cs
S1	CsConst.BotHearRadius	边界	上限+1	原版同量的边界行为（出处：文档里有出处）	常量=18f	一致	client/Assets/Scripts/Core/CsConst.cs
S1	CsConst.BotHearRadius	边界	阈值±1	原版同量的边界行为（出处：文档里有出处）	常量=18f	一致	client/Assets/Scripts/Core/CsConst.cs
S1	CsConst.BotNamePoolSize	边界	0	原版同量的边界行为（出处：文档里有出处）	常量=20	一致	client/Assets/Scripts/Core/CsConst.cs
S1	CsConst.BotNamePoolSize	边界	上限	原版同量的边界行为（出处：文档里有出处）	常量=20	一致	client/Assets/Scripts/Core/CsConst.cs
S1	CsConst.BotNamePoolSize	边界	上限+1	原版同量的边界行为（出处：文档里有出处）	常量=20	一致	client/Assets/Scripts/Core/CsConst.cs
S1	CsConst.BotNamePoolSize	边界	阈值±1	原版同量的边界行为（出处：文档里有出处）	常量=20	一致	client/Assets/Scripts/Core/CsConst.cs
S1	CsConst.BotTickInterval	边界	0	原版同量的边界行为（出处：文档里有出处）	常量=0.1f	一致	client/Assets/Scripts/Core/CsConst.cs
S1	CsConst.BotTickInterval	边界	上限	原版同量的边界行为（出处：文档里有出处）	常量=0.1f	一致	client/Assets/Scripts/Core/CsConst.cs
S1	CsConst.BotTickInterval	边界	上限+1	原版同量的边界行为（出处：文档里有出处）	常量=0.1f	一致	client/Assets/Scripts/Core/CsConst.cs
S1	CsConst.BotTickInterval	边界	阈值±1	原版同量的边界行为（出处：文档里有出处）	常量=0.1f	一致	client/Assets/Scripts/Core/CsConst.cs
S1	CsConst.BotVisionRange	边界	0	原版同量的边界行为（出处：文档里有出处）	常量=45f	一致	client/Assets/Scripts/Core/CsConst.cs
S1	CsConst.BotVisionRange	边界	上限	原版同量的边界行为（出处：文档里有出处）	常量=45f	一致	client/Assets/Scripts/Core/CsConst.cs
S1	CsConst.BotVisionRange	边界	上限+1	原版同量的边界行为（出处：文档里有出处）	常量=45f	一致	client/Assets/Scripts/Core/CsConst.cs
S1	CsConst.BotVisionRange	边界	阈值±1	原版同量的边界行为（出处：文档里有出处）	常量=45f	一致	client/Assets/Scripts/Core/CsConst.cs
S1	CsConst.BuyTime	边界	0	原版同量的边界行为（出处：文档里有出处）	常量=15f	一致	client/Assets/Scripts/Core/CsConst.cs
S1	CsConst.BuyTime	边界	上限	原版同量的边界行为（出处：文档里有出处）	常量=15f	一致	client/Assets/Scripts/Core/CsConst.cs
S1	CsConst.BuyTime	边界	上限+1	原版同量的边界行为（出处：文档里有出处）	常量=15f	一致	client/Assets/Scripts/Core/CsConst.cs
S1	CsConst.BuyTime	边界	阈值±1	原版同量的边界行为（出处：文档里有出处）	常量=15f	一致	client/Assets/Scripts/Core/CsConst.cs
S1	CsConst.ChaseDistance	边界	0	原版同量的边界行为（出处：文档里有出处）	常量=2.8448f	一致	client/Assets/Scripts/Core/CsConst.cs
S1	CsConst.ChaseDistance	边界	上限	原版同量的边界行为（出处：文档里有出处）	常量=2.8448f	一致	client/Assets/Scripts/Core/CsConst.cs
S1	CsConst.ChaseDistance	边界	上限+1	原版同量的边界行为（出处：文档里有出处）	常量=2.8448f	一致	client/Assets/Scripts/Core/CsConst.cs
S1	CsConst.ChaseDistance	边界	阈值±1	原版同量的边界行为（出处：文档里有出处）	常量=2.8448f	一致	client/Assets/Scripts/Core/CsConst.cs
S1	CsConst.ChaseDistanceLerp	边界	0	原版同量的边界行为（出处：文档里有出处）	常量=0.25f	一致	client/Assets/Scripts/Core/CsConst.cs
S1	CsConst.ChaseDistanceLerp	边界	上限	原版同量的边界行为（出处：文档里有出处）	常量=0.25f	一致	client/Assets/Scripts/Core/CsConst.cs
S1	CsConst.ChaseDistanceLerp	边界	上限+1	原版同量的边界行为（出处：文档里有出处）	常量=0.25f	一致	client/Assets/Scripts/Core/CsConst.cs
S1	CsConst.ChaseDistanceLerp	边界	阈值±1	原版同量的边界行为（出处：文档里有出处）	常量=0.25f	一致	client/Assets/Scripts/Core/CsConst.cs
S1	CsConst.ChaseDistanceSnap	边界	0	原版同量的边界行为（出处：文档里有出处）	常量=0.0508f	一致	client/Assets/Scripts/Core/CsConst.cs
S1	CsConst.ChaseDistanceSnap	边界	上限	原版同量的边界行为（出处：文档里有出处）	常量=0.0508f	一致	client/Assets/Scripts/Core/CsConst.cs
S1	CsConst.ChaseDistanceSnap	边界	上限+1	原版同量的边界行为（出处：文档里有出处）	常量=0.0508f	一致	client/Assets/Scripts/Core/CsConst.cs
S1	CsConst.ChaseDistanceSnap	边界	阈值±1	原版同量的边界行为（出处：文档里有出处）	常量=0.0508f	一致	client/Assets/Scripts/Core/CsConst.cs
S1	CsConst.ChaseMinDistance	边界	0	原版同量的边界行为（出处：文档里有出处）	常量=0.762f	一致	client/Assets/Scripts/Core/CsConst.cs
S1	CsConst.ChaseMinDistance	边界	上限	原版同量的边界行为（出处：文档里有出处）	常量=0.762f	一致	client/Assets/Scripts/Core/CsConst.cs
S1	CsConst.ChaseMinDistance	边界	上限+1	原版同量的边界行为（出处：文档里有出处）	常量=0.762f	一致	client/Assets/Scripts/Core/CsConst.cs
S1	CsConst.ChaseMinDistance	边界	阈值±1	原版同量的边界行为（出处：文档里有出处）	常量=0.762f	一致	client/Assets/Scripts/Core/CsConst.cs
S1	CsConst.ChaseWallOffset	边界	0	原版同量的边界行为（出处：文档里有出处）	常量=0.1016f	一致	client/Assets/Scripts/Core/CsConst.cs
S1	CsConst.ChaseWallOffset	边界	上限	原版同量的边界行为（出处：文档里有出处）	常量=0.1016f	一致	client/Assets/Scripts/Core/CsConst.cs
S1	CsConst.ChaseWallOffset	边界	上限+1	原版同量的边界行为（出处：文档里有出处）	常量=0.1016f	一致	client/Assets/Scripts/Core/CsConst.cs
S1	CsConst.ChaseWallOffset	边界	阈值±1	原版同量的边界行为（出处：文档里有出处）	常量=0.1016f	一致	client/Assets/Scripts/Core/CsConst.cs
S1	CsConst.CrouchHeight	边界	0	原版同量的边界行为（出处：文档里有出处）	常量=1.25f	一致	client/Assets/Scripts/Core/CsConst.cs
S1	CsConst.CrouchHeight	边界	上限	原版同量的边界行为（出处：文档里有出处）	常量=1.25f	一致	client/Assets/Scripts/Core/CsConst.cs
S1	CsConst.CrouchHeight	边界	上限+1	原版同量的边界行为（出处：文档里有出处）	常量=1.25f	一致	client/Assets/Scripts/Core/CsConst.cs
S1	CsConst.CrouchHeight	边界	阈值±1	原版同量的边界行为（出处：文档里有出处）	常量=1.25f	一致	client/Assets/Scripts/Core/CsConst.cs
S1	CsConst.DamageFalloffPerMeter	边界	0	原版同量的边界行为（出处：文档里有出处）	常量=0.01f	一致	client/Assets/Scripts/Core/CsConst.cs
S1	CsConst.DamageFalloffPerMeter	边界	上限	原版同量的边界行为（出处：文档里有出处）	常量=0.01f	一致	client/Assets/Scripts/Core/CsConst.cs
S1	CsConst.DamageFalloffPerMeter	边界	上限+1	原版同量的边界行为（出处：文档里有出处）	常量=0.01f	一致	client/Assets/Scripts/Core/CsConst.cs
S1	CsConst.DamageFalloffPerMeter	边界	阈值±1	原版同量的边界行为（出处：文档里有出处）	常量=0.01f	一致	client/Assets/Scripts/Core/CsConst.cs
S1	CsConst.DamageIndicatorTime	边界	0	原版同量的边界行为（出处：文档里有出处）	常量=0.8f	一致	client/Assets/Scripts/Core/CsConst.cs
S1	CsConst.DamageIndicatorTime	边界	上限	原版同量的边界行为（出处：文档里有出处）	常量=0.8f	一致	client/Assets/Scripts/Core/CsConst.cs
S1	CsConst.DamageIndicatorTime	边界	上限+1	原版同量的边界行为（出处：文档里有出处）	常量=0.8f	一致	client/Assets/Scripts/Core/CsConst.cs
S1	CsConst.DamageIndicatorTime	边界	阈值±1	原版同量的边界行为（出处：文档里有出处）	常量=0.8f	一致	client/Assets/Scripts/Core/CsConst.cs
S1	CsConst.Default	边界	0	原版同量的边界行为（出处：文档里有出处）	常量=0	一致	client/Assets/Scripts/Core/CsConst.cs
S1	CsConst.Default	边界	上限	原版同量的边界行为（出处：文档里有出处）	常量=0	一致	client/Assets/Scripts/Core/CsConst.cs
S1	CsConst.Default	边界	上限+1	原版同量的边界行为（出处：文档里有出处）	常量=0	一致	client/Assets/Scripts/Core/CsConst.cs
S1	CsConst.Default	边界	阈值±1	原版同量的边界行为（出处：文档里有出处）	常量=0	一致	client/Assets/Scripts/Core/CsConst.cs
S1	CsConst.DefaultFov	边界	0	原版同量的边界行为（出处：文档里有出处）	常量=90f	一致	client/Assets/Scripts/Core/CsConst.cs
S1	CsConst.DefaultFov	边界	上限	原版同量的边界行为（出处：文档里有出处）	常量=90f	一致	client/Assets/Scripts/Core/CsConst.cs
S1	CsConst.DefaultFov	边界	上限+1	原版同量的边界行为（出处：文档里有出处）	常量=90f	一致	client/Assets/Scripts/Core/CsConst.cs
S1	CsConst.DefaultFov	边界	阈值±1	原版同量的边界行为（出处：文档里有出处）	常量=90f	一致	client/Assets/Scripts/Core/CsConst.cs
S1	CsConst.DefaultSensitivity	边界	0	原版同量的边界行为（出处：文档里有出处）	常量=3.0f	一致	client/Assets/Scripts/Core/CsConst.cs
S1	CsConst.DefaultSensitivity	边界	上限	原版同量的边界行为（出处：文档里有出处）	常量=3.0f	一致	client/Assets/Scripts/Core/CsConst.cs
S1	CsConst.DefaultSensitivity	边界	上限+1	原版同量的边界行为（出处：文档里有出处）	常量=3.0f	一致	client/Assets/Scripts/Core/CsConst.cs
S1	CsConst.DefaultSensitivity	边界	阈值±1	原版同量的边界行为（出处：文档里有出处）	常量=3.0f	一致	client/Assets/Scripts/Core/CsConst.cs
S1	CsConst.DefuseTime	边界	0	原版同量的边界行为（出处：文档里有出处）	常量=10f	一致	client/Assets/Scripts/Core/CsConst.cs
S1	CsConst.DefuseTime	边界	上限	原版同量的边界行为（出处：文档里有出处）	常量=10f	一致	client/Assets/Scripts/Core/CsConst.cs
S1	CsConst.DefuseTime	边界	上限+1	原版同量的边界行为（出处：文档里有出处）	常量=10f	一致	client/Assets/Scripts/Core/CsConst.cs
S1	CsConst.DefuseTime	边界	阈值±1	原版同量的边界行为（出处：文档里有出处）	常量=10f	一致	client/Assets/Scripts/Core/CsConst.cs
S1	CsConst.DefuseTimeWithKit	边界	0	原版同量的边界行为（出处：文档里有出处）	常量=5f	一致	client/Assets/Scripts/Core/CsConst.cs
S1	CsConst.DefuseTimeWithKit	边界	上限	原版同量的边界行为（出处：文档里有出处）	常量=5f	一致	client/Assets/Scripts/Core/CsConst.cs
S1	CsConst.DefuseTimeWithKit	边界	上限+1	原版同量的边界行为（出处：文档里有出处）	常量=5f	一致	client/Assets/Scripts/Core/CsConst.cs
S1	CsConst.DefuseTimeWithKit	边界	阈值±1	原版同量的边界行为（出处：文档里有出处）	常量=5f	一致	client/Assets/Scripts/Core/CsConst.cs
S1	CsConst.EyeHeight	边界	0	原版同量的边界行为（出处：文档里有出处）	常量=1.62f	一致	client/Assets/Scripts/Core/CsConst.cs
S1	CsConst.EyeHeight	边界	上限	原版同量的边界行为（出处：文档里有出处）	常量=1.62f	一致	client/Assets/Scripts/Core/CsConst.cs
S1	CsConst.EyeHeight	边界	上限+1	原版同量的边界行为（出处：文档里有出处）	常量=1.62f	一致	client/Assets/Scripts/Core/CsConst.cs
S1	CsConst.EyeHeight	边界	阈值±1	原版同量的边界行为（出处：文档里有出处）	常量=1.62f	一致	client/Assets/Scripts/Core/CsConst.cs
S1	CsConst.FreezeTime	边界	0	原版同量的边界行为（出处：文档里有出处）	常量=4f	一致	client/Assets/Scripts/Core/CsConst.cs
S1	CsConst.FreezeTime	边界	上限	原版同量的边界行为（出处：文档里有出处）	常量=4f	一致	client/Assets/Scripts/Core/CsConst.cs
S1	CsConst.FreezeTime	边界	上限+1	原版同量的边界行为（出处：文档里有出处）	常量=4f	一致	client/Assets/Scripts/Core/CsConst.cs
S1	CsConst.FreezeTime	边界	阈值±1	原版同量的边界行为（出处：文档里有出处）	常量=4f	一致	client/Assets/Scripts/Core/CsConst.cs
S1	CsConst.Gravity	边界	0	原版同量的边界行为（出处：文档里有出处）	常量=20.32f	一致	client/Assets/Scripts/Core/CsConst.cs
S1	CsConst.Gravity	边界	上限	原版同量的边界行为（出处：文档里有出处）	常量=20.32f	一致	client/Assets/Scripts/Core/CsConst.cs
S1	CsConst.Gravity	边界	上限+1	原版同量的边界行为（出处：文档里有出处）	常量=20.32f	一致	client/Assets/Scripts/Core/CsConst.cs
S1	CsConst.Gravity	边界	阈值±1	原版同量的边界行为（出处：文档里有出处）	常量=20.32f	一致	client/Assets/Scripts/Core/CsConst.cs
S1	CsConst.GrenadeFlashDuration	边界	0	原版同量的边界行为（出处：文档里有出处）	常量=3.5f	一致	client/Assets/Scripts/Core/CsConst.cs
S1	CsConst.GrenadeFlashDuration	边界	上限	原版同量的边界行为（出处：文档里有出处）	常量=3.5f	一致	client/Assets/Scripts/Core/CsConst.cs
S1	CsConst.GrenadeFlashDuration	边界	上限+1	原版同量的边界行为（出处：文档里有出处）	常量=3.5f	一致	client/Assets/Scripts/Core/CsConst.cs
S1	CsConst.GrenadeFlashDuration	边界	阈值±1	原版同量的边界行为（出处：文档里有出处）	常量=3.5f	一致	client/Assets/Scripts/Core/CsConst.cs
S1	CsConst.GrenadeFuse	边界	0	原版同量的边界行为（出处：文档里有出处）	常量=3.0f	一致	client/Assets/Scripts/Core/CsConst.cs
S1	CsConst.GrenadeFuse	边界	上限	原版同量的边界行为（出处：文档里有出处）	常量=3.0f	一致	client/Assets/Scripts/Core/CsConst.cs
S1	CsConst.GrenadeFuse	边界	上限+1	原版同量的边界行为（出处：文档里有出处）	常量=3.0f	一致	client/Assets/Scripts/Core/CsConst.cs
S1	CsConst.GrenadeFuse	边界	阈值±1	原版同量的边界行为（出处：文档里有出处）	常量=3.0f	一致	client/Assets/Scripts/Core/CsConst.cs
S1	CsConst.GrenadeHeMaxDamage	边界	0	原版同量的边界行为（出处：文档里有出处）	常量=98f	一致	client/Assets/Scripts/Core/CsConst.cs
S1	CsConst.GrenadeHeMaxDamage	边界	上限	原版同量的边界行为（出处：文档里有出处）	常量=98f	一致	client/Assets/Scripts/Core/CsConst.cs
S1	CsConst.GrenadeHeMaxDamage	边界	上限+1	原版同量的边界行为（出处：文档里有出处）	常量=98f	一致	client/Assets/Scripts/Core/CsConst.cs
S1	CsConst.GrenadeHeMaxDamage	边界	阈值±1	原版同量的边界行为（出处：文档里有出处）	常量=98f	一致	client/Assets/Scripts/Core/CsConst.cs
S1	CsConst.GrenadeHeRadius	边界	0	原版同量的边界行为（出处：文档里有出处）	常量=5.5f	一致	client/Assets/Scripts/Core/CsConst.cs
S1	CsConst.GrenadeHeRadius	边界	上限	原版同量的边界行为（出处：文档里有出处）	常量=5.5f	一致	client/Assets/Scripts/Core/CsConst.cs
S1	CsConst.GrenadeHeRadius	边界	上限+1	原版同量的边界行为（出处：文档里有出处）	常量=5.5f	一致	client/Assets/Scripts/Core/CsConst.cs
S1	CsConst.GrenadeHeRadius	边界	阈值±1	原版同量的边界行为（出处：文档里有出处）	常量=5.5f	一致	client/Assets/Scripts/Core/CsConst.cs
S1	CsConst.GrenadeSmokeDuration	边界	0	原版同量的边界行为（出处：文档里有出处）	常量=12f	一致	client/Assets/Scripts/Core/CsConst.cs
S1	CsConst.GrenadeSmokeDuration	边界	上限	原版同量的边界行为（出处：文档里有出处）	常量=12f	一致	client/Assets/Scripts/Core/CsConst.cs
S1	CsConst.GrenadeSmokeDuration	边界	上限+1	原版同量的边界行为（出处：文档里有出处）	常量=12f	一致	client/Assets/Scripts/Core/CsConst.cs
S1	CsConst.GrenadeSmokeDuration	边界	阈值±1	原版同量的边界行为（出处：文档里有出处）	常量=12f	一致	client/Assets/Scripts/Core/CsConst.cs
S1	CsConst.GrenadeThrowForce	边界	0	原版同量的边界行为（出处：文档里有出处）	常量=12f	一致	client/Assets/Scripts/Core/CsConst.cs
S1	CsConst.GrenadeThrowForce	边界	上限	原版同量的边界行为（出处：文档里有出处）	常量=12f	一致	client/Assets/Scripts/Core/CsConst.cs
S1	CsConst.GrenadeThrowForce	边界	上限+1	原版同量的边界行为（出处：文档里有出处）	常量=12f	一致	client/Assets/Scripts/Core/CsConst.cs
S1	CsConst.GrenadeThrowForce	边界	阈值±1	原版同量的边界行为（出处：文档里有出处）	常量=12f	一致	client/Assets/Scripts/Core/CsConst.cs
S1	CsConst.GroundCheckDistance	边界	0	原版同量的边界行为（出处：文档里有出处）	常量=0.12f	一致	client/Assets/Scripts/Core/CsConst.cs
S1	CsConst.GroundCheckDistance	边界	上限	原版同量的边界行为（出处：文档里有出处）	常量=0.12f	一致	client/Assets/Scripts/Core/CsConst.cs
S1	CsConst.GroundCheckDistance	边界	上限+1	原版同量的边界行为（出处：文档里有出处）	常量=0.12f	一致	client/Assets/Scripts/Core/CsConst.cs
S1	CsConst.GroundCheckDistance	边界	阈值±1	原版同量的边界行为（出处：文档里有出处）	常量=0.12f	一致	client/Assets/Scripts/Core/CsConst.cs
S1	CsConst.HitChest	边界	0	原版同量的边界行为（出处：文档里有出处）	常量=1.0f	一致	client/Assets/Scripts/Core/CsConst.cs
S1	CsConst.HitChest	边界	上限	原版同量的边界行为（出处：文档里有出处）	常量=1.0f	一致	client/Assets/Scripts/Core/CsConst.cs
S1	CsConst.HitChest	边界	上限+1	原版同量的边界行为（出处：文档里有出处）	常量=1.0f	一致	client/Assets/Scripts/Core/CsConst.cs
S1	CsConst.HitChest	边界	阈值±1	原版同量的边界行为（出处：文档里有出处）	常量=1.0f	一致	client/Assets/Scripts/Core/CsConst.cs
S1	CsConst.HitHead	边界	0	原版同量的边界行为（出处：文档里有出处）	常量=4.0f	一致	client/Assets/Scripts/Core/CsConst.cs
S1	CsConst.HitHead	边界	上限	原版同量的边界行为（出处：文档里有出处）	常量=4.0f	一致	client/Assets/Scripts/Core/CsConst.cs
S1	CsConst.HitHead	边界	上限+1	原版同量的边界行为（出处：文档里有出处）	常量=4.0f	一致	client/Assets/Scripts/Core/CsConst.cs
S1	CsConst.HitHead	边界	阈值±1	原版同量的边界行为（出处：文档里有出处）	常量=4.0f	一致	client/Assets/Scripts/Core/CsConst.cs
S1	CsConst.HitLeg	边界	0	原版同量的边界行为（出处：文档里有出处）	常量=0.75f	一致	client/Assets/Scripts/Core/CsConst.cs
S1	CsConst.HitLeg	边界	上限	原版同量的边界行为（出处：文档里有出处）	常量=0.75f	一致	client/Assets/Scripts/Core/CsConst.cs
S1	CsConst.HitLeg	边界	上限+1	原版同量的边界行为（出处：文档里有出处）	常量=0.75f	一致	client/Assets/Scripts/Core/CsConst.cs
S1	CsConst.HitLeg	边界	阈值±1	原版同量的边界行为（出处：文档里有出处）	常量=0.75f	一致	client/Assets/Scripts/Core/CsConst.cs
S1	CsConst.HitMarkerTime	边界	0	原版同量的边界行为（出处：文档里有出处）	常量=0.25f	一致	client/Assets/Scripts/Core/CsConst.cs
S1	CsConst.HitMarkerTime	边界	上限	原版同量的边界行为（出处：文档里有出处）	常量=0.25f	一致	client/Assets/Scripts/Core/CsConst.cs
S1	CsConst.HitMarkerTime	边界	上限+1	原版同量的边界行为（出处：文档里有出处）	常量=0.25f	一致	client/Assets/Scripts/Core/CsConst.cs
S1	CsConst.HitMarkerTime	边界	阈值±1	原版同量的边界行为（出处：文档里有出处）	常量=0.25f	一致	client/Assets/Scripts/Core/CsConst.cs
S1	CsConst.HitStomach	边界	0	原版同量的边界行为（出处：文档里有出处）	常量=1.25f	一致	client/Assets/Scripts/Core/CsConst.cs
S1	CsConst.HitStomach	边界	上限	原版同量的边界行为（出处：文档里有出处）	常量=1.25f	一致	client/Assets/Scripts/Core/CsConst.cs
S1	CsConst.HitStomach	边界	上限+1	原版同量的边界行为（出处：文档里有出处）	常量=1.25f	一致	client/Assets/Scripts/Core/CsConst.cs
S1	CsConst.HitStomach	边界	阈值±1	原版同量的边界行为（出处：文档里有出处）	常量=1.25f	一致	client/Assets/Scripts/Core/CsConst.cs
S1	CsConst.JumpSpeed	边界	0	原版同量的边界行为（出处：文档里有出处）	常量=6.82f	一致	client/Assets/Scripts/Core/CsConst.cs
S1	CsConst.JumpSpeed	边界	上限	原版同量的边界行为（出处：文档里有出处）	常量=6.82f	一致	client/Assets/Scripts/Core/CsConst.cs
S1	CsConst.JumpSpeed	边界	上限+1	原版同量的边界行为（出处：文档里有出处）	常量=6.82f	一致	client/Assets/Scripts/Core/CsConst.cs
S1	CsConst.JumpSpeed	边界	阈值±1	原版同量的边界行为（出处：文档里有出处）	常量=6.82f	一致	client/Assets/Scripts/Core/CsConst.cs
S1	CsConst.KnifeDamage	边界	0	原版同量的边界行为（出处：文档里有出处）	常量=55f	一致	client/Assets/Scripts/Core/CsConst.cs
S1	CsConst.KnifeDamage	边界	上限	原版同量的边界行为（出处：文档里有出处）	常量=55f	一致	client/Assets/Scripts/Core/CsConst.cs
S1	CsConst.KnifeDamage	边界	上限+1	原版同量的边界行为（出处：文档里有出处）	常量=55f	一致	client/Assets/Scripts/Core/CsConst.cs
S1	CsConst.KnifeDamage	边界	阈值±1	原版同量的边界行为（出处：文档里有出处）	常量=55f	一致	client/Assets/Scripts/Core/CsConst.cs
S1	CsConst.KnifeRange	边界	0	原版同量的边界行为（出处：文档里有出处）	常量=1.6f	一致	client/Assets/Scripts/Core/CsConst.cs
S1	CsConst.KnifeRange	边界	上限	原版同量的边界行为（出处：文档里有出处）	常量=1.6f	一致	client/Assets/Scripts/Core/CsConst.cs
S1	CsConst.KnifeRange	边界	上限+1	原版同量的边界行为（出处：文档里有出处）	常量=1.6f	一致	client/Assets/Scripts/Core/CsConst.cs
S1	CsConst.KnifeRange	边界	阈值±1	原版同量的边界行为（出处：文档里有出处）	常量=1.6f	一致	client/Assets/Scripts/Core/CsConst.cs
S1	CsConst.KnifeSwingTime	边界	0	原版同量的边界行为（出处：文档里有出处）	常量=0.4f	一致	client/Assets/Scripts/Core/CsConst.cs
S1	CsConst.KnifeSwingTime	边界	上限	原版同量的边界行为（出处：文档里有出处）	常量=0.4f	一致	client/Assets/Scripts/Core/CsConst.cs
S1	CsConst.KnifeSwingTime	边界	上限+1	原版同量的边界行为（出处：文档里有出处）	常量=0.4f	一致	client/Assets/Scripts/Core/CsConst.cs
S1	CsConst.KnifeSwingTime	边界	阈值±1	原版同量的边界行为（出处：文档里有出处）	常量=0.4f	一致	client/Assets/Scripts/Core/CsConst.cs
S1	CsConst.MaxArmor	边界	0	原版同量的边界行为（出处：文档里有出处）	常量=100	一致	client/Assets/Scripts/Core/CsConst.cs
S1	CsConst.MaxArmor	边界	上限	原版同量的边界行为（出处：文档里有出处）	常量=100	一致	client/Assets/Scripts/Core/CsConst.cs
S1	CsConst.MaxArmor	边界	上限+1	原版同量的边界行为（出处：文档里有出处）	常量=100	一致	client/Assets/Scripts/Core/CsConst.cs
S1	CsConst.MaxArmor	边界	阈值±1	原版同量的边界行为（出处：文档里有出处）	常量=100	一致	client/Assets/Scripts/Core/CsConst.cs
S1	CsConst.MaxFallSpeed	边界	0	原版同量的边界行为（出处：文档里有出处）	常量=-30f	一致	client/Assets/Scripts/Core/CsConst.cs
S1	CsConst.MaxFallSpeed	边界	上限	原版同量的边界行为（出处：文档里有出处）	常量=-30f	一致	client/Assets/Scripts/Core/CsConst.cs
S1	CsConst.MaxFallSpeed	边界	上限+1	原版同量的边界行为（出处：文档里有出处）	常量=-30f	一致	client/Assets/Scripts/Core/CsConst.cs
S1	CsConst.MaxFallSpeed	边界	阈值±1	原版同量的边界行为（出处：文档里有出处）	常量=-30f	一致	client/Assets/Scripts/Core/CsConst.cs
S1	CsConst.MaxHealth	边界	0	原版同量的边界行为（出处：文档里有出处）	常量=100	一致	client/Assets/Scripts/Core/CsConst.cs
S1	CsConst.MaxHealth	边界	上限	原版同量的边界行为（出处：文档里有出处）	常量=100	一致	client/Assets/Scripts/Core/CsConst.cs
S1	CsConst.MaxHealth	边界	上限+1	原版同量的边界行为（出处：文档里有出处）	常量=100	一致	client/Assets/Scripts/Core/CsConst.cs
S1	CsConst.MaxHealth	边界	阈值±1	原版同量的边界行为（出处：文档里有出处）	常量=100	一致	client/Assets/Scripts/Core/CsConst.cs
S1	CsConst.MaxKillFeedEntries	边界	0	原版同量的边界行为（出处：文档里有出处）	常量=5	一致	client/Assets/Scripts/Core/CsConst.cs
S1	CsConst.MaxKillFeedEntries	边界	上限	原版同量的边界行为（出处：文档里有出处）	常量=5	一致	client/Assets/Scripts/Core/CsConst.cs
S1	CsConst.MaxKillFeedEntries	边界	上限+1	原版同量的边界行为（出处：文档里有出处）	常量=5	一致	client/Assets/Scripts/Core/CsConst.cs
S1	CsConst.MaxKillFeedEntries	边界	阈值±1	原版同量的边界行为（出处：文档里有出处）	常量=5	一致	client/Assets/Scripts/Core/CsConst.cs
S1	CsConst.MaxMoney	边界	0	原版同量的边界行为（出处：文档里有出处）	常量=16000	一致	client/Assets/Scripts/Core/CsConst.cs
S1	CsConst.MaxMoney	边界	上限	原版同量的边界行为（出处：文档里有出处）	常量=16000	一致	client/Assets/Scripts/Core/CsConst.cs
S1	CsConst.MaxMoney	边界	上限+1	原版同量的边界行为（出处：文档里有出处）	常量=16000	一致	client/Assets/Scripts/Core/CsConst.cs
S1	CsConst.MaxMoney	边界	阈值±1	原版同量的边界行为（出处：文档里有出处）	常量=16000	一致	client/Assets/Scripts/Core/CsConst.cs
S1	CsConst.MaxRounds	边界	0	原版同量的边界行为（出处：文档里有出处）	常量=30	一致	client/Assets/Scripts/Core/CsConst.cs
S1	CsConst.MaxRounds	边界	上限	原版同量的边界行为（出处：文档里有出处）	常量=30	一致	client/Assets/Scripts/Core/CsConst.cs
S1	CsConst.MaxRounds	边界	上限+1	原版同量的边界行为（出处：文档里有出处）	常量=30	一致	client/Assets/Scripts/Core/CsConst.cs
S1	CsConst.MaxRounds	边界	阈值±1	原版同量的边界行为（出处：文档里有出处）	常量=30	一致	client/Assets/Scripts/Core/CsConst.cs
S1	CsConst.MaxStandableSlopeNormalZ	边界	0	原版同量的边界行为（出处：文档里有出处）	常量=0.7f	一致	client/Assets/Scripts/Core/CsConst.cs
S1	CsConst.MaxStandableSlopeNormalZ	边界	上限	原版同量的边界行为（出处：文档里有出处）	常量=0.7f	一致	client/Assets/Scripts/Core/CsConst.cs
S1	CsConst.MaxStandableSlopeNormalZ	边界	上限+1	原版同量的边界行为（出处：文档里有出处）	常量=0.7f	一致	client/Assets/Scripts/Core/CsConst.cs
S1	CsConst.MaxStandableSlopeNormalZ	边界	阈值±1	原版同量的边界行为（出处：文档里有出处）	常量=0.7f	一致	client/Assets/Scripts/Core/CsConst.cs
S1	CsConst.PlantTime	边界	0	原版同量的边界行为（出处：文档里有出处）	常量=3f	一致	client/Assets/Scripts/Core/CsConst.cs
S1	CsConst.PlantTime	边界	上限	原版同量的边界行为（出处：文档里有出处）	常量=3f	一致	client/Assets/Scripts/Core/CsConst.cs
S1	CsConst.PlantTime	边界	上限+1	原版同量的边界行为（出处：文档里有出处）	常量=3f	一致	client/Assets/Scripts/Core/CsConst.cs
S1	CsConst.PlantTime	边界	阈值±1	原版同量的边界行为（出处：文档里有出处）	常量=3f	一致	client/Assets/Scripts/Core/CsConst.cs
S1	CsConst.Player	边界	0	原版同量的边界行为（出处：文档里有出处）	常量=8	一致	client/Assets/Scripts/Core/CsConst.cs
S1	CsConst.Player	边界	上限	原版同量的边界行为（出处：文档里有出处）	常量=8	一致	client/Assets/Scripts/Core/CsConst.cs
S1	CsConst.Player	边界	上限+1	原版同量的边界行为（出处：文档里有出处）	常量=8	一致	client/Assets/Scripts/Core/CsConst.cs
S1	CsConst.Player	边界	阈值±1	原版同量的边界行为（出处：文档里有出处）	常量=8	一致	client/Assets/Scripts/Core/CsConst.cs
S1	CsConst.PlayerRadius	边界	0	原版同量的边界行为（出处：文档里有出处）	常量=0.36f	一致	client/Assets/Scripts/Core/CsConst.cs
S1	CsConst.PlayerRadius	边界	上限	原版同量的边界行为（出处：文档里有出处）	常量=0.36f	一致	client/Assets/Scripts/Core/CsConst.cs
S1	CsConst.PlayerRadius	边界	上限+1	原版同量的边界行为（出处：文档里有出处）	常量=0.36f	一致	client/Assets/Scripts/Core/CsConst.cs
S1	CsConst.PlayerRadius	边界	阈值±1	原版同量的边界行为（出处：文档里有出处）	常量=0.36f	一致	client/Assets/Scripts/Core/CsConst.cs
S1	CsConst.RewardBombDefuse	边界	0	原版同量的边界行为（出处：文档里有出处）	常量=300	一致	client/Assets/Scripts/Core/CsConst.cs
S1	CsConst.RewardBombDefuse	边界	上限	原版同量的边界行为（出处：文档里有出处）	常量=300	一致	client/Assets/Scripts/Core/CsConst.cs
S1	CsConst.RewardBombDefuse	边界	上限+1	原版同量的边界行为（出处：文档里有出处）	常量=300	一致	client/Assets/Scripts/Core/CsConst.cs
S1	CsConst.RewardBombDefuse	边界	阈值±1	原版同量的边界行为（出处：文档里有出处）	常量=300	一致	client/Assets/Scripts/Core/CsConst.cs
S1	CsConst.RewardBombPlant	边界	0	原版同量的边界行为（出处：文档里有出处）	常量=800	一致	client/Assets/Scripts/Core/CsConst.cs
S1	CsConst.RewardBombPlant	边界	上限	原版同量的边界行为（出处：文档里有出处）	常量=800	一致	client/Assets/Scripts/Core/CsConst.cs
S1	CsConst.RewardBombPlant	边界	上限+1	原版同量的边界行为（出处：文档里有出处）	常量=800	一致	client/Assets/Scripts/Core/CsConst.cs
S1	CsConst.RewardBombPlant	边界	阈值±1	原版同量的边界行为（出处：文档里有出处）	常量=800	一致	client/Assets/Scripts/Core/CsConst.cs
S1	CsConst.RewardLossBase	边界	0	原版同量的边界行为（出处：文档里有出处）	常量=1400	一致	client/Assets/Scripts/Core/CsConst.cs
S1	CsConst.RewardLossBase	边界	上限	原版同量的边界行为（出处：文档里有出处）	常量=1400	一致	client/Assets/Scripts/Core/CsConst.cs
S1	CsConst.RewardLossBase	边界	上限+1	原版同量的边界行为（出处：文档里有出处）	常量=1400	一致	client/Assets/Scripts/Core/CsConst.cs
S1	CsConst.RewardLossBase	边界	阈值±1	原版同量的边界行为（出处：文档里有出处）	常量=1400	一致	client/Assets/Scripts/Core/CsConst.cs
S1	CsConst.RewardLossMax	边界	0	原版同量的边界行为（出处：文档里有出处）	常量=3400	一致	client/Assets/Scripts/Core/CsConst.cs
S1	CsConst.RewardLossMax	边界	上限	原版同量的边界行为（出处：文档里有出处）	常量=3400	一致	client/Assets/Scripts/Core/CsConst.cs
S1	CsConst.RewardLossMax	边界	上限+1	原版同量的边界行为（出处：文档里有出处）	常量=3400	一致	client/Assets/Scripts/Core/CsConst.cs
S1	CsConst.RewardLossMax	边界	阈值±1	原版同量的边界行为（出处：文档里有出处）	常量=3400	一致	client/Assets/Scripts/Core/CsConst.cs
S1	CsConst.RewardLossStep	边界	0	原版同量的边界行为（出处：文档里有出处）	常量=500	一致	client/Assets/Scripts/Core/CsConst.cs
S1	CsConst.RewardLossStep	边界	上限	原版同量的边界行为（出处：文档里有出处）	常量=500	一致	client/Assets/Scripts/Core/CsConst.cs
S1	CsConst.RewardLossStep	边界	上限+1	原版同量的边界行为（出处：文档里有出处）	常量=500	一致	client/Assets/Scripts/Core/CsConst.cs
S1	CsConst.RewardLossStep	边界	阈值±1	原版同量的边界行为（出处：文档里有出处）	常量=500	一致	client/Assets/Scripts/Core/CsConst.cs
S1	CsConst.RewardRoundWinBombDefuse	边界	0	原版同量的边界行为（出处：文档里有出处）	常量=3500	一致	client/Assets/Scripts/Core/CsConst.cs
S1	CsConst.RewardRoundWinBombDefuse	边界	上限	原版同量的边界行为（出处：文档里有出处）	常量=3500	一致	client/Assets/Scripts/Core/CsConst.cs
S1	CsConst.RewardRoundWinBombDefuse	边界	上限+1	原版同量的边界行为（出处：文档里有出处）	常量=3500	一致	client/Assets/Scripts/Core/CsConst.cs
S1	CsConst.RewardRoundWinBombDefuse	边界	阈值±1	原版同量的边界行为（出处：文档里有出处）	常量=3500	一致	client/Assets/Scripts/Core/CsConst.cs
S1	CsConst.RewardRoundWinBombExplode	边界	0	原版同量的边界行为（出处：文档里有出处）	常量=3500	一致	client/Assets/Scripts/Core/CsConst.cs
S1	CsConst.RewardRoundWinBombExplode	边界	上限	原版同量的边界行为（出处：文档里有出处）	常量=3500	一致	client/Assets/Scripts/Core/CsConst.cs
S1	CsConst.RewardRoundWinBombExplode	边界	上限+1	原版同量的边界行为（出处：文档里有出处）	常量=3500	一致	client/Assets/Scripts/Core/CsConst.cs
S1	CsConst.RewardRoundWinBombExplode	边界	阈值±1	原版同量的边界行为（出处：文档里有出处）	常量=3500	一致	client/Assets/Scripts/Core/CsConst.cs
S1	CsConst.RewardRoundWinElimination	边界	0	原版同量的边界行为（出处：文档里有出处）	常量=3250	一致	client/Assets/Scripts/Core/CsConst.cs
S1	CsConst.RewardRoundWinElimination	边界	上限	原版同量的边界行为（出处：文档里有出处）	常量=3250	一致	client/Assets/Scripts/Core/CsConst.cs
S1	CsConst.RewardRoundWinElimination	边界	上限+1	原版同量的边界行为（出处：文档里有出处）	常量=3250	一致	client/Assets/Scripts/Core/CsConst.cs
S1	CsConst.RewardRoundWinElimination	边界	阈值±1	原版同量的边界行为（出处：文档里有出处）	常量=3250	一致	client/Assets/Scripts/Core/CsConst.cs
S1	CsConst.RewardRoundWinTimeExpired	边界	0	原版同量的边界行为（出处：文档里有出处）	常量=3250	一致	client/Assets/Scripts/Core/CsConst.cs
S1	CsConst.RewardRoundWinTimeExpired	边界	上限	原版同量的边界行为（出处：文档里有出处）	常量=3250	一致	client/Assets/Scripts/Core/CsConst.cs
S1	CsConst.RewardRoundWinTimeExpired	边界	上限+1	原版同量的边界行为（出处：文档里有出处）	常量=3250	一致	client/Assets/Scripts/Core/CsConst.cs
S1	CsConst.RewardRoundWinTimeExpired	边界	阈值±1	原版同量的边界行为（出处：文档里有出处）	常量=3250	一致	client/Assets/Scripts/Core/CsConst.cs
S1	CsConst.RoundEndTime	边界	0	原版同量的边界行为（出处：文档里有出处）	常量=5f	一致	client/Assets/Scripts/Core/CsConst.cs
S1	CsConst.RoundEndTime	边界	上限	原版同量的边界行为（出处：文档里有出处）	常量=5f	一致	client/Assets/Scripts/Core/CsConst.cs
S1	CsConst.RoundEndTime	边界	上限+1	原版同量的边界行为（出处：文档里有出处）	常量=5f	一致	client/Assets/Scripts/Core/CsConst.cs
S1	CsConst.RoundEndTime	边界	阈值±1	原版同量的边界行为（出处：文档里有出处）	常量=5f	一致	client/Assets/Scripts/Core/CsConst.cs
S1	CsConst.RoundTime	边界	0	原版同量的边界行为（出处：文档里有出处）	常量=105f	一致	client/Assets/Scripts/Core/CsConst.cs
S1	CsConst.RoundTime	边界	上限	原版同量的边界行为（出处：文档里有出处）	常量=105f	一致	client/Assets/Scripts/Core/CsConst.cs
S1	CsConst.RoundTime	边界	上限+1	原版同量的边界行为（出处：文档里有出处）	常量=105f	一致	client/Assets/Scripts/Core/CsConst.cs
S1	CsConst.RoundTime	边界	阈值±1	原版同量的边界行为（出处：文档里有出处）	常量=105f	一致	client/Assets/Scripts/Core/CsConst.cs
S1	CsConst.RoundsPerHalf	边界	0	原版同量的边界行为（出处：文档里有出处）	常量=15	一致	client/Assets/Scripts/Core/CsConst.cs
S1	CsConst.RoundsPerHalf	边界	上限	原版同量的边界行为（出处：文档里有出处）	常量=15	一致	client/Assets/Scripts/Core/CsConst.cs
S1	CsConst.RoundsPerHalf	边界	上限+1	原版同量的边界行为（出处：文档里有出处）	常量=15	一致	client/Assets/Scripts/Core/CsConst.cs
S1	CsConst.RoundsPerHalf	边界	阈值±1	原版同量的边界行为（出处：文档里有出处）	常量=15	一致	client/Assets/Scripts/Core/CsConst.cs
S1	CsConst.SpeedAWP	边界	0	原版同量的边界行为（出处：文档里有出处）	常量=3.6f	一致	client/Assets/Scripts/Core/CsConst.cs
S1	CsConst.SpeedAWP	边界	上限	原版同量的边界行为（出处：文档里有出处）	常量=3.6f	一致	client/Assets/Scripts/Core/CsConst.cs
S1	CsConst.SpeedAWP	边界	上限+1	原版同量的边界行为（出处：文档里有出处）	常量=3.6f	一致	client/Assets/Scripts/Core/CsConst.cs
S1	CsConst.SpeedAWP	边界	阈值±1	原版同量的边界行为（出处：文档里有出处）	常量=3.6f	一致	client/Assets/Scripts/Core/CsConst.cs
S1	CsConst.SpeedCrouchMultiplier	边界	0	原版同量的边界行为（出处：文档里有出处）	常量=0.34f	一致	client/Assets/Scripts/Core/CsConst.cs
S1	CsConst.SpeedCrouchMultiplier	边界	上限	原版同量的边界行为（出处：文档里有出处）	常量=0.34f	一致	client/Assets/Scripts/Core/CsConst.cs
S1	CsConst.SpeedCrouchMultiplier	边界	上限+1	原版同量的边界行为（出处：文档里有出处）	常量=0.34f	一致	client/Assets/Scripts/Core/CsConst.cs
S1	CsConst.SpeedCrouchMultiplier	边界	阈值±1	原版同量的边界行为（出处：文档里有出处）	常量=0.34f	一致	client/Assets/Scripts/Core/CsConst.cs
S1	CsConst.SpeedKnife	边界	0	原版同量的边界行为（出处：文档里有出处）	常量=5.4f	一致	client/Assets/Scripts/Core/CsConst.cs
S1	CsConst.SpeedKnife	边界	上限	原版同量的边界行为（出处：文档里有出处）	常量=5.4f	一致	client/Assets/Scripts/Core/CsConst.cs
S1	CsConst.SpeedKnife	边界	上限+1	原版同量的边界行为（出处：文档里有出处）	常量=5.4f	一致	client/Assets/Scripts/Core/CsConst.cs
S1	CsConst.SpeedKnife	边界	阈值±1	原版同量的边界行为（出处：文档里有出处）	常量=5.4f	一致	client/Assets/Scripts/Core/CsConst.cs
S1	CsConst.SpeedPistol	边界	0	原版同量的边界行为（出处：文档里有出处）	常量=5.2f	一致	client/Assets/Scripts/Core/CsConst.cs
S1	CsConst.SpeedPistol	边界	上限	原版同量的边界行为（出处：文档里有出处）	常量=5.2f	一致	client/Assets/Scripts/Core/CsConst.cs
S1	CsConst.SpeedPistol	边界	上限+1	原版同量的边界行为（出处：文档里有出处）	常量=5.2f	一致	client/Assets/Scripts/Core/CsConst.cs
S1	CsConst.SpeedPistol	边界	阈值±1	原版同量的边界行为（出处：文档里有出处）	常量=5.2f	一致	client/Assets/Scripts/Core/CsConst.cs
S1	CsConst.SpeedRifle	边界	0	原版同量的边界行为（出处：文档里有出处）	常量=4.4f	一致	client/Assets/Scripts/Core/CsConst.cs
S1	CsConst.SpeedRifle	边界	上限	原版同量的边界行为（出处：文档里有出处）	常量=4.4f	一致	client/Assets/Scripts/Core/CsConst.cs
S1	CsConst.SpeedRifle	边界	上限+1	原版同量的边界行为（出处：文档里有出处）	常量=4.4f	一致	client/Assets/Scripts/Core/CsConst.cs
S1	CsConst.SpeedRifle	边界	阈值±1	原版同量的边界行为（出处：文档里有出处）	常量=4.4f	一致	client/Assets/Scripts/Core/CsConst.cs
S1	CsConst.SpeedWalkMultiplier	边界	0	原版同量的边界行为（出处：文档里有出处）	常量=0.42f	一致	client/Assets/Scripts/Core/CsConst.cs
S1	CsConst.SpeedWalkMultiplier	边界	上限	原版同量的边界行为（出处：文档里有出处）	常量=0.42f	一致	client/Assets/Scripts/Core/CsConst.cs
S1	CsConst.SpeedWalkMultiplier	边界	上限+1	原版同量的边界行为（出处：文档里有出处）	常量=0.42f	一致	client/Assets/Scripts/Core/CsConst.cs
S1	CsConst.SpeedWalkMultiplier	边界	阈值±1	原版同量的边界行为（出处：文档里有出处）	常量=0.42f	一致	client/Assets/Scripts/Core/CsConst.cs
S1	CsConst.StandHeight	边界	0	原版同量的边界行为（出处：文档里有出处）	常量=1.80f	一致	client/Assets/Scripts/Core/CsConst.cs
S1	CsConst.StandHeight	边界	上限	原版同量的边界行为（出处：文档里有出处）	常量=1.80f	一致	client/Assets/Scripts/Core/CsConst.cs
S1	CsConst.StandHeight	边界	上限+1	原版同量的边界行为（出处：文档里有出处）	常量=1.80f	一致	client/Assets/Scripts/Core/CsConst.cs
S1	CsConst.StandHeight	边界	阈值±1	原版同量的边界行为（出处：文档里有出处）	常量=1.80f	一致	client/Assets/Scripts/Core/CsConst.cs
S1	CsConst.StartMoney	边界	0	原版同量的边界行为（出处：文档里有出处）	常量=800	一致	client/Assets/Scripts/Core/CsConst.cs
S1	CsConst.StartMoney	边界	上限	原版同量的边界行为（出处：文档里有出处）	常量=800	一致	client/Assets/Scripts/Core/CsConst.cs
S1	CsConst.StartMoney	边界	上限+1	原版同量的边界行为（出处：文档里有出处）	常量=800	一致	client/Assets/Scripts/Core/CsConst.cs
S1	CsConst.StartMoney	边界	阈值±1	原版同量的边界行为（出处：文档里有出处）	常量=800	一致	client/Assets/Scripts/Core/CsConst.cs
S1	CsConst.StepUpHeight	边界	0	原版同量的边界行为（出处：文档里有出处）	常量=0.45f	一致	client/Assets/Scripts/Core/CsConst.cs
S1	CsConst.StepUpHeight	边界	上限	原版同量的边界行为（出处：文档里有出处）	常量=0.45f	一致	client/Assets/Scripts/Core/CsConst.cs
S1	CsConst.StepUpHeight	边界	上限+1	原版同量的边界行为（出处：文档里有出处）	常量=0.45f	一致	client/Assets/Scripts/Core/CsConst.cs
S1	CsConst.StepUpHeight	边界	阈值±1	原版同量的边界行为（出处：文档里有出处）	常量=0.45f	一致	client/Assets/Scripts/Core/CsConst.cs
S1	CsConst.SwitchTimeKnife	边界	0	原版同量的边界行为（出处：文档里有出处）	常量=0.2f	一致	client/Assets/Scripts/Core/CsConst.cs
S1	CsConst.SwitchTimeKnife	边界	上限	原版同量的边界行为（出处：文档里有出处）	常量=0.2f	一致	client/Assets/Scripts/Core/CsConst.cs
S1	CsConst.SwitchTimeKnife	边界	上限+1	原版同量的边界行为（出处：文档里有出处）	常量=0.2f	一致	client/Assets/Scripts/Core/CsConst.cs
S1	CsConst.SwitchTimeKnife	边界	阈值±1	原版同量的边界行为（出处：文档里有出处）	常量=0.2f	一致	client/Assets/Scripts/Core/CsConst.cs
S1	CsConst.SwitchTimePistol	边界	0	原版同量的边界行为（出处：文档里有出处）	常量=0.3f	一致	client/Assets/Scripts/Core/CsConst.cs
S1	CsConst.SwitchTimePistol	边界	上限	原版同量的边界行为（出处：文档里有出处）	常量=0.3f	一致	client/Assets/Scripts/Core/CsConst.cs
S1	CsConst.SwitchTimePistol	边界	上限+1	原版同量的边界行为（出处：文档里有出处）	常量=0.3f	一致	client/Assets/Scripts/Core/CsConst.cs
S1	CsConst.SwitchTimePistol	边界	阈值±1	原版同量的边界行为（出处：文档里有出处）	常量=0.3f	一致	client/Assets/Scripts/Core/CsConst.cs
S1	CsConst.SwitchTimePrimary	边界	0	原版同量的边界行为（出处：文档里有出处）	常量=0.6f	一致	client/Assets/Scripts/Core/CsConst.cs
S1	CsConst.SwitchTimePrimary	边界	上限	原版同量的边界行为（出处：文档里有出处）	常量=0.6f	一致	client/Assets/Scripts/Core/CsConst.cs
S1	CsConst.SwitchTimePrimary	边界	上限+1	原版同量的边界行为（出处：文档里有出处）	常量=0.6f	一致	client/Assets/Scripts/Core/CsConst.cs
S1	CsConst.SwitchTimePrimary	边界	阈值±1	原版同量的边界行为（出处：文档里有出处）	常量=0.6f	一致	client/Assets/Scripts/Core/CsConst.cs
S1	CsConst.ViewBobAmount	边界	0	原版同量的边界行为（出处：文档里有出处）	常量=0.035f	一致	client/Assets/Scripts/Core/CsConst.cs
S1	CsConst.ViewBobAmount	边界	上限	原版同量的边界行为（出处：文档里有出处）	常量=0.035f	一致	client/Assets/Scripts/Core/CsConst.cs
S1	CsConst.ViewBobAmount	边界	上限+1	原版同量的边界行为（出处：文档里有出处）	常量=0.035f	一致	client/Assets/Scripts/Core/CsConst.cs
S1	CsConst.ViewBobAmount	边界	阈值±1	原版同量的边界行为（出处：文档里有出处）	常量=0.035f	一致	client/Assets/Scripts/Core/CsConst.cs
S1	CsConst.ViewBobSpeed	边界	0	原版同量的边界行为（出处：文档里有出处）	常量=9.5f	一致	client/Assets/Scripts/Core/CsConst.cs
S1	CsConst.ViewBobSpeed	边界	上限	原版同量的边界行为（出处：文档里有出处）	常量=9.5f	一致	client/Assets/Scripts/Core/CsConst.cs
S1	CsConst.ViewBobSpeed	边界	上限+1	原版同量的边界行为（出处：文档里有出处）	常量=9.5f	一致	client/Assets/Scripts/Core/CsConst.cs
S1	CsConst.ViewBobSpeed	边界	阈值±1	原版同量的边界行为（出处：文档里有出处）	常量=9.5f	一致	client/Assets/Scripts/Core/CsConst.cs
S1	CsConst.World	边界	0	原版同量的边界行为（出处：文档里有出处）	常量=10	一致	client/Assets/Scripts/Core/CsConst.cs
S1	CsConst.World	边界	上限	原版同量的边界行为（出处：文档里有出处）	常量=10	一致	client/Assets/Scripts/Core/CsConst.cs
S1	CsConst.World	边界	上限+1	原版同量的边界行为（出处：文档里有出处）	常量=10	一致	client/Assets/Scripts/Core/CsConst.cs
S1	CsConst.World	边界	阈值±1	原版同量的边界行为（出处：文档里有出处）	常量=10	一致	client/Assets/Scripts/Core/CsConst.cs
S1	CsConst.ZoomFov	边界	0	原版同量的边界行为（出处：文档里有出处）	常量=40f	一致	client/Assets/Scripts/Core/CsConst.cs
S1	CsConst.ZoomFov	边界	上限	原版同量的边界行为（出处：文档里有出处）	常量=40f	一致	client/Assets/Scripts/Core/CsConst.cs
S1	CsConst.ZoomFov	边界	上限+1	原版同量的边界行为（出处：文档里有出处）	常量=40f	一致	client/Assets/Scripts/Core/CsConst.cs
S1	CsConst.ZoomFov	边界	阈值±1	原版同量的边界行为（出处：文档里有出处）	常量=40f	一致	client/Assets/Scripts/Core/CsConst.cs
S1	CsHudTheme.ClockBoxWidthPx	边界	0	原版同量的边界行为（出处：文档里有出处）	常量=64f	一致	client/Assets/Scripts/UI/InGame/CsHudTheme.cs
S1	CsHudTheme.ClockBoxWidthPx	边界	上限	原版同量的边界行为（出处：文档里有出处）	常量=64f	一致	client/Assets/Scripts/UI/InGame/CsHudTheme.cs
S1	CsHudTheme.ClockBoxWidthPx	边界	上限+1	原版同量的边界行为（出处：文档里有出处）	常量=64f	一致	client/Assets/Scripts/UI/InGame/CsHudTheme.cs
S1	CsHudTheme.ClockBoxWidthPx	边界	阈值±1	原版同量的边界行为（出处：文档里有出处）	常量=64f	一致	client/Assets/Scripts/UI/InGame/CsHudTheme.cs
S1	CsHudTheme.ClockRightInsetPx	边界	0	原版同量的边界行为（出处：文档里有出处）	常量=51f	一致	client/Assets/Scripts/UI/InGame/CsHudTheme.cs
S1	CsHudTheme.ClockRightInsetPx	边界	上限	原版同量的边界行为（出处：文档里有出处）	常量=51f	一致	client/Assets/Scripts/UI/InGame/CsHudTheme.cs
S1	CsHudTheme.ClockRightInsetPx	边界	上限+1	原版同量的边界行为（出处：文档里有出处）	常量=51f	一致	client/Assets/Scripts/UI/InGame/CsHudTheme.cs
S1	CsHudTheme.ClockRightInsetPx	边界	阈值±1	原版同量的边界行为（出处：文档里有出处）	常量=51f	一致	client/Assets/Scripts/UI/InGame/CsHudTheme.cs
S1	CsHudTheme.GoldSrcUnitToMetre	边界	0	原版同量的边界行为（出处：文档里有出处）	常量=0.0254f	一致	client/Assets/Scripts/UI/InGame/CsHudTheme.cs
S1	CsHudTheme.GoldSrcUnitToMetre	边界	上限	原版同量的边界行为（出处：文档里有出处）	常量=0.0254f	一致	client/Assets/Scripts/UI/InGame/CsHudTheme.cs
S1	CsHudTheme.GoldSrcUnitToMetre	边界	上限+1	原版同量的边界行为（出处：文档里有出处）	常量=0.0254f	一致	client/Assets/Scripts/UI/InGame/CsHudTheme.cs
S1	CsHudTheme.GoldSrcUnitToMetre	边界	阈值±1	原版同量的边界行为（出处：文档里有出处）	常量=0.0254f	一致	client/Assets/Scripts/UI/InGame/CsHudTheme.cs
S1	CsHudTheme.HealthLowThreshold	边界	0	原版同量的边界行为（出处：文档里有出处）	常量=25	一致	client/Assets/Scripts/UI/InGame/CsHudTheme.cs
S1	CsHudTheme.HealthLowThreshold	边界	上限	原版同量的边界行为（出处：文档里有出处）	常量=25	一致	client/Assets/Scripts/UI/InGame/CsHudTheme.cs
S1	CsHudTheme.HealthLowThreshold	边界	上限+1	原版同量的边界行为（出处：文档里有出处）	常量=25	一致	client/Assets/Scripts/UI/InGame/CsHudTheme.cs
S1	CsHudTheme.HealthLowThreshold	边界	阈值±1	原版同量的边界行为（出处：文档里有出处）	常量=25	一致	client/Assets/Scripts/UI/InGame/CsHudTheme.cs
S1	CsHudTheme.HealthMidThreshold	边界	0	原版同量的边界行为（出处：文档里有出处）	常量=60	一致	client/Assets/Scripts/UI/InGame/CsHudTheme.cs
S1	CsHudTheme.HealthMidThreshold	边界	上限	原版同量的边界行为（出处：文档里有出处）	常量=60	一致	client/Assets/Scripts/UI/InGame/CsHudTheme.cs
S1	CsHudTheme.HealthMidThreshold	边界	上限+1	原版同量的边界行为（出处：文档里有出处）	常量=60	一致	client/Assets/Scripts/UI/InGame/CsHudTheme.cs
S1	CsHudTheme.HealthMidThreshold	边界	阈值±1	原版同量的边界行为（出处：文档里有出处）	常量=60	一致	client/Assets/Scripts/UI/InGame/CsHudTheme.cs
S1	CsHudTheme.HudIconNumberGapPx	边界	0	原版同量的边界行为（出处：文档里有出处）	常量=6f	一致	client/Assets/Scripts/UI/InGame/CsHudTheme.cs
S1	CsHudTheme.HudIconNumberGapPx	边界	上限	原版同量的边界行为（出处：文档里有出处）	常量=6f	一致	client/Assets/Scripts/UI/InGame/CsHudTheme.cs
S1	CsHudTheme.HudIconNumberGapPx	边界	上限+1	原版同量的边界行为（出处：文档里有出处）	常量=6f	一致	client/Assets/Scripts/UI/InGame/CsHudTheme.cs
S1	CsHudTheme.HudIconNumberGapPx	边界	阈值±1	原版同量的边界行为（出处：文档里有出处）	常量=6f	一致	client/Assets/Scripts/UI/InGame/CsHudTheme.cs
S1	CsHudTheme.HudIconSizePx	边界	0	原版同量的边界行为（出处：文档里有出处）	常量=24f	一致	client/Assets/Scripts/UI/InGame/CsHudTheme.cs
S1	CsHudTheme.HudIconSizePx	边界	上限	原版同量的边界行为（出处：文档里有出处）	常量=24f	一致	client/Assets/Scripts/UI/InGame/CsHudTheme.cs
S1	CsHudTheme.HudIconSizePx	边界	上限+1	原版同量的边界行为（出处：文档里有出处）	常量=24f	一致	client/Assets/Scripts/UI/InGame/CsHudTheme.cs
S1	CsHudTheme.HudIconSizePx	边界	阈值±1	原版同量的边界行为（出处：文档里有出处）	常量=24f	一致	client/Assets/Scripts/UI/InGame/CsHudTheme.cs
S1	CsHudTheme.MapRightInsetPx	边界	0	原版同量的边界行为（出处：文档里有出处）	常量=15f	一致	client/Assets/Scripts/UI/InGame/CsHudTheme.cs
S1	CsHudTheme.MapRightInsetPx	边界	上限	原版同量的边界行为（出处：文档里有出处）	常量=15f	一致	client/Assets/Scripts/UI/InGame/CsHudTheme.cs
S1	CsHudTheme.MapRightInsetPx	边界	上限+1	原版同量的边界行为（出处：文档里有出处）	常量=15f	一致	client/Assets/Scripts/UI/InGame/CsHudTheme.cs
S1	CsHudTheme.MapRightInsetPx	边界	阈值±1	原版同量的边界行为（出处：文档里有出处）	常量=15f	一致	client/Assets/Scripts/UI/InGame/CsHudTheme.cs
S1	CsHudTheme.MapTopPx	边界	0	原版同量的边界行为（出处：文档里有出处）	常量=ScoreCTTopPx	一致	client/Assets/Scripts/UI/InGame/CsHudTheme.cs
S1	CsHudTheme.MapTopPx	边界	上限	原版同量的边界行为（出处：文档里有出处）	常量=ScoreCTTopPx	一致	client/Assets/Scripts/UI/InGame/CsHudTheme.cs
S1	CsHudTheme.MapTopPx	边界	上限+1	原版同量的边界行为（出处：文档里有出处）	常量=ScoreCTTopPx	一致	client/Assets/Scripts/UI/InGame/CsHudTheme.cs
S1	CsHudTheme.MapTopPx	边界	阈值±1	原版同量的边界行为（出处：文档里有出处）	常量=ScoreCTTopPx	一致	client/Assets/Scripts/UI/InGame/CsHudTheme.cs
S1	CsHudTheme.MessageLifetime	边界	0	原版同量的边界行为（出处：文档里有出处）	常量=6f	一致	client/Assets/Scripts/UI/InGame/CsHudTheme.cs
S1	CsHudTheme.MessageLifetime	边界	上限	原版同量的边界行为（出处：文档里有出处）	常量=6f	一致	client/Assets/Scripts/UI/InGame/CsHudTheme.cs
S1	CsHudTheme.MessageLifetime	边界	上限+1	原版同量的边界行为（出处：文档里有出处）	常量=6f	一致	client/Assets/Scripts/UI/InGame/CsHudTheme.cs
S1	CsHudTheme.MessageLifetime	边界	阈值±1	原版同量的边界行为（出处：文档里有出处）	常量=6f	一致	client/Assets/Scripts/UI/InGame/CsHudTheme.cs
S1	CsHudTheme.RadarBombDotPx	边界	0	原版同量的边界行为（出处：文档里有出处）	常量=7f	一致	client/Assets/Scripts/UI/InGame/CsHudTheme.cs
S1	CsHudTheme.RadarBombDotPx	边界	上限	原版同量的边界行为（出处：文档里有出处）	常量=7f	一致	client/Assets/Scripts/UI/InGame/CsHudTheme.cs
S1	CsHudTheme.RadarBombDotPx	边界	上限+1	原版同量的边界行为（出处：文档里有出处）	常量=7f	一致	client/Assets/Scripts/UI/InGame/CsHudTheme.cs
S1	CsHudTheme.RadarBombDotPx	边界	阈值±1	原版同量的边界行为（出处：文档里有出处）	常量=7f	一致	client/Assets/Scripts/UI/InGame/CsHudTheme.cs
S1	CsHudTheme.RadarInnerSize	边界	0	原版同量的边界行为（出处：文档里有出处）	常量=RadarSize - 6f	一致	client/Assets/Scripts/UI/InGame/CsHudTheme.cs
S1	CsHudTheme.RadarInnerSize	边界	上限	原版同量的边界行为（出处：文档里有出处）	常量=RadarSize - 6f	一致	client/Assets/Scripts/UI/InGame/CsHudTheme.cs
S1	CsHudTheme.RadarInnerSize	边界	上限+1	原版同量的边界行为（出处：文档里有出处）	常量=RadarSize - 6f	一致	client/Assets/Scripts/UI/InGame/CsHudTheme.cs
S1	CsHudTheme.RadarInnerSize	边界	阈值±1	原版同量的边界行为（出处：文档里有出处）	常量=RadarSize - 6f	一致	client/Assets/Scripts/UI/InGame/CsHudTheme.cs
S1	CsHudTheme.RadarMapPixelAspect	边界	0	原版同量的边界行为（出处：文档里有出处）	常量=1024f / 768f	一致	client/Assets/Scripts/UI/InGame/CsHudTheme.cs
S1	CsHudTheme.RadarMapPixelAspect	边界	上限	原版同量的边界行为（出处：文档里有出处）	常量=1024f / 768f	一致	client/Assets/Scripts/UI/InGame/CsHudTheme.cs
S1	CsHudTheme.RadarMapPixelAspect	边界	上限+1	原版同量的边界行为（出处：文档里有出处）	常量=1024f / 768f	一致	client/Assets/Scripts/UI/InGame/CsHudTheme.cs
S1	CsHudTheme.RadarMapPixelAspect	边界	阈值±1	原版同量的边界行为（出处：文档里有出处）	常量=1024f / 768f	一致	client/Assets/Scripts/UI/InGame/CsHudTheme.cs
S1	CsHudTheme.RadarMateDotPx	边界	0	原版同量的边界行为（出处：文档里有出处）	常量=5f	一致	client/Assets/Scripts/UI/InGame/CsHudTheme.cs
S1	CsHudTheme.RadarMateDotPx	边界	上限	原版同量的边界行为（出处：文档里有出处）	常量=5f	一致	client/Assets/Scripts/UI/InGame/CsHudTheme.cs
S1	CsHudTheme.RadarMateDotPx	边界	上限+1	原版同量的边界行为（出处：文档里有出处）	常量=5f	一致	client/Assets/Scripts/UI/InGame/CsHudTheme.cs
S1	CsHudTheme.RadarMateDotPx	边界	阈值±1	原版同量的边界行为（出处：文档里有出处）	常量=5f	一致	client/Assets/Scripts/UI/InGame/CsHudTheme.cs
S1	CsHudTheme.RadarOverviewZoom	边界	0	原版同量的边界行为（出处：文档里有出处）	常量=1.50f	一致	client/Assets/Scripts/UI/InGame/CsHudTheme.cs
S1	CsHudTheme.RadarOverviewZoom	边界	上限	原版同量的边界行为（出处：文档里有出处）	常量=1.50f	一致	client/Assets/Scripts/UI/InGame/CsHudTheme.cs
S1	CsHudTheme.RadarOverviewZoom	边界	上限+1	原版同量的边界行为（出处：文档里有出处）	常量=1.50f	一致	client/Assets/Scripts/UI/InGame/CsHudTheme.cs
S1	CsHudTheme.RadarOverviewZoom	边界	阈值±1	原版同量的边界行为（出处：文档里有出处）	常量=1.50f	一致	client/Assets/Scripts/UI/InGame/CsHudTheme.cs
S1	CsHudTheme.RadarSelfDotPx	边界	0	原版同量的边界行为（出处：文档里有出处）	常量=7f	一致	client/Assets/Scripts/UI/InGame/CsHudTheme.cs
S1	CsHudTheme.RadarSelfDotPx	边界	上限	原版同量的边界行为（出处：文档里有出处）	常量=7f	一致	client/Assets/Scripts/UI/InGame/CsHudTheme.cs
S1	CsHudTheme.RadarSelfDotPx	边界	上限+1	原版同量的边界行为（出处：文档里有出处）	常量=7f	一致	client/Assets/Scripts/UI/InGame/CsHudTheme.cs
S1	CsHudTheme.RadarSelfDotPx	边界	阈值±1	原版同量的边界行为（出处：文档里有出处）	常量=7f	一致	client/Assets/Scripts/UI/InGame/CsHudTheme.cs
S1	CsHudTheme.RadarSize	边界	0	原版同量的边界行为（出处：文档里有出处）	常量=128f	一致	client/Assets/Scripts/UI/InGame/CsHudTheme.cs
S1	CsHudTheme.RadarSize	边界	上限	原版同量的边界行为（出处：文档里有出处）	常量=128f	一致	client/Assets/Scripts/UI/InGame/CsHudTheme.cs
S1	CsHudTheme.RadarSize	边界	上限+1	原版同量的边界行为（出处：文档里有出处）	常量=128f	一致	client/Assets/Scripts/UI/InGame/CsHudTheme.cs
S1	CsHudTheme.RadarSize	边界	阈值±1	原版同量的边界行为（出处：文档里有出处）	常量=128f	一致	client/Assets/Scripts/UI/InGame/CsHudTheme.cs
S1	CsHudTheme.RadarSpecDotPx	边界	0	原版同量的边界行为（出处：文档里有出处）	常量=4f	一致	client/Assets/Scripts/UI/InGame/CsHudTheme.cs
S1	CsHudTheme.RadarSpecDotPx	边界	上限	原版同量的边界行为（出处：文档里有出处）	常量=4f	一致	client/Assets/Scripts/UI/InGame/CsHudTheme.cs
S1	CsHudTheme.RadarSpecDotPx	边界	上限+1	原版同量的边界行为（出处：文档里有出处）	常量=4f	一致	client/Assets/Scripts/UI/InGame/CsHudTheme.cs
S1	CsHudTheme.RadarSpecDotPx	边界	阈值±1	原版同量的边界行为（出处：文档里有出处）	常量=4f	一致	client/Assets/Scripts/UI/InGame/CsHudTheme.cs
S1	CsHudTheme.RadarWindowHalfXUnits	边界	0	原版同量的边界行为（出处：文档里有出处）	常量=6144f / (2f * RadarOverviewZoom)	一致	client/Assets/Scripts/UI/InGame/CsHudTheme.cs
S1	CsHudTheme.RadarWindowHalfXUnits	边界	上限	原版同量的边界行为（出处：文档里有出处）	常量=6144f / (2f * RadarOverviewZoom)	一致	client/Assets/Scripts/UI/InGame/CsHudTheme.cs
S1	CsHudTheme.RadarWindowHalfXUnits	边界	上限+1	原版同量的边界行为（出处：文档里有出处）	常量=6144f / (2f * RadarOverviewZoom)	一致	client/Assets/Scripts/UI/InGame/CsHudTheme.cs
S1	CsHudTheme.RadarWindowHalfXUnits	边界	阈值±1	原版同量的边界行为（出处：文档里有出处）	常量=6144f / (2f * RadarOverviewZoom)	一致	client/Assets/Scripts/UI/InGame/CsHudTheme.cs
S1	CsHudTheme.RadarWindowHalfZUnits	边界	0	原版同量的边界行为（出处：文档里有出处）	常量=8192f / (2f * RadarOverviewZoom)	一致	client/Assets/Scripts/UI/InGame/CsHudTheme.cs
S1	CsHudTheme.RadarWindowHalfZUnits	边界	上限	原版同量的边界行为（出处：文档里有出处）	常量=8192f / (2f * RadarOverviewZoom)	一致	client/Assets/Scripts/UI/InGame/CsHudTheme.cs
S1	CsHudTheme.RadarWindowHalfZUnits	边界	上限+1	原版同量的边界行为（出处：文档里有出处）	常量=8192f / (2f * RadarOverviewZoom)	一致	client/Assets/Scripts/UI/InGame/CsHudTheme.cs
S1	CsHudTheme.RadarWindowHalfZUnits	边界	阈值±1	原版同量的边界行为（出处：文档里有出处）	常量=8192f / (2f * RadarOverviewZoom)	一致	client/Assets/Scripts/UI/InGame/CsHudTheme.cs
S1	CsHudTheme.ScoreBoxWidthPx	边界	0	原版同量的边界行为（出处：文档里有出处）	常量=240f	一致	client/Assets/Scripts/UI/InGame/CsHudTheme.cs
S1	CsHudTheme.ScoreBoxWidthPx	边界	上限	原版同量的边界行为（出处：文档里有出处）	常量=240f	一致	client/Assets/Scripts/UI/InGame/CsHudTheme.cs
S1	CsHudTheme.ScoreBoxWidthPx	边界	上限+1	原版同量的边界行为（出处：文档里有出处）	常量=240f	一致	client/Assets/Scripts/UI/InGame/CsHudTheme.cs
S1	CsHudTheme.ScoreBoxWidthPx	边界	阈值±1	原版同量的边界行为（出处：文档里有出处）	常量=240f	一致	client/Assets/Scripts/UI/InGame/CsHudTheme.cs
S1	CsHudTheme.ScoreCTTopPx	边界	0	原版同量的边界行为（出处：文档里有出处）	常量=38f	一致	client/Assets/Scripts/UI/InGame/CsHudTheme.cs
S1	CsHudTheme.ScoreCTTopPx	边界	上限	原版同量的边界行为（出处：文档里有出处）	常量=38f	一致	client/Assets/Scripts/UI/InGame/CsHudTheme.cs
S1	CsHudTheme.ScoreCTTopPx	边界	上限+1	原版同量的边界行为（出处：文档里有出处）	常量=38f	一致	client/Assets/Scripts/UI/InGame/CsHudTheme.cs
S1	CsHudTheme.ScoreCTTopPx	边界	阈值±1	原版同量的边界行为（出处：文档里有出处）	常量=38f	一致	client/Assets/Scripts/UI/InGame/CsHudTheme.cs
S1	CsHudTheme.ScoreDividerHeightPx	边界	0	原版同量的边界行为（出处：文档里有出处）	常量=67f	一致	client/Assets/Scripts/UI/InGame/CsHudTheme.cs
S1	CsHudTheme.ScoreDividerHeightPx	边界	上限	原版同量的边界行为（出处：文档里有出处）	常量=67f	一致	client/Assets/Scripts/UI/InGame/CsHudTheme.cs
S1	CsHudTheme.ScoreDividerHeightPx	边界	上限+1	原版同量的边界行为（出处：文档里有出处）	常量=67f	一致	client/Assets/Scripts/UI/InGame/CsHudTheme.cs
S1	CsHudTheme.ScoreDividerHeightPx	边界	阈值±1	原版同量的边界行为（出处：文档里有出处）	常量=67f	一致	client/Assets/Scripts/UI/InGame/CsHudTheme.cs
S1	CsHudTheme.ScoreDividerInsetPx	边界	0	原版同量的边界行为（出处：文档里有出处）	常量=142f	一致	client/Assets/Scripts/UI/InGame/CsHudTheme.cs
S1	CsHudTheme.ScoreDividerInsetPx	边界	上限	原版同量的边界行为（出处：文档里有出处）	常量=142f	一致	client/Assets/Scripts/UI/InGame/CsHudTheme.cs
S1	CsHudTheme.ScoreDividerInsetPx	边界	上限+1	原版同量的边界行为（出处：文档里有出处）	常量=142f	一致	client/Assets/Scripts/UI/InGame/CsHudTheme.cs
S1	CsHudTheme.ScoreDividerInsetPx	边界	阈值±1	原版同量的边界行为（出处：文档里有出处）	常量=142f	一致	client/Assets/Scripts/UI/InGame/CsHudTheme.cs
S1	CsHudTheme.ScoreDividerTopPx	边界	0	原版同量的边界行为（出处：文档里有出处）	常量=27f	一致	client/Assets/Scripts/UI/InGame/CsHudTheme.cs
S1	CsHudTheme.ScoreDividerTopPx	边界	上限	原版同量的边界行为（出处：文档里有出处）	常量=27f	一致	client/Assets/Scripts/UI/InGame/CsHudTheme.cs
S1	CsHudTheme.ScoreDividerTopPx	边界	上限+1	原版同量的边界行为（出处：文档里有出处）	常量=27f	一致	client/Assets/Scripts/UI/InGame/CsHudTheme.cs
S1	CsHudTheme.ScoreDividerTopPx	边界	阈值±1	原版同量的边界行为（出处：文档里有出处）	常量=27f	一致	client/Assets/Scripts/UI/InGame/CsHudTheme.cs
S1	CsHudTheme.ScoreDividerWidthPx	边界	0	原版同量的边界行为（出处：文档里有出处）	常量=2f	一致	client/Assets/Scripts/UI/InGame/CsHudTheme.cs
S1	CsHudTheme.ScoreDividerWidthPx	边界	上限	原版同量的边界行为（出处：文档里有出处）	常量=2f	一致	client/Assets/Scripts/UI/InGame/CsHudTheme.cs
S1	CsHudTheme.ScoreDividerWidthPx	边界	上限+1	原版同量的边界行为（出处：文档里有出处）	常量=2f	一致	client/Assets/Scripts/UI/InGame/CsHudTheme.cs
S1	CsHudTheme.ScoreDividerWidthPx	边界	阈值±1	原版同量的边界行为（出处：文档里有出处）	常量=2f	一致	client/Assets/Scripts/UI/InGame/CsHudTheme.cs
S1	CsHudTheme.ScoreFontSize	边界	0	原版同量的边界行为（出处：文档里有出处）	常量=16	一致	client/Assets/Scripts/UI/InGame/CsHudTheme.cs
S1	CsHudTheme.ScoreFontSize	边界	上限	原版同量的边界行为（出处：文档里有出处）	常量=16	一致	client/Assets/Scripts/UI/InGame/CsHudTheme.cs
S1	CsHudTheme.ScoreFontSize	边界	上限+1	原版同量的边界行为（出处：文档里有出处）	常量=16	一致	client/Assets/Scripts/UI/InGame/CsHudTheme.cs
S1	CsHudTheme.ScoreFontSize	边界	阈值±1	原版同量的边界行为（出处：文档里有出处）	常量=16	一致	client/Assets/Scripts/UI/InGame/CsHudTheme.cs
S1	CsHudTheme.ScoreLineHeightPx	边界	0	原版同量的边界行为（出处：文档里有出处）	常量=12f	一致	client/Assets/Scripts/UI/InGame/CsHudTheme.cs
S1	CsHudTheme.ScoreLineHeightPx	边界	上限	原版同量的边界行为（出处：文档里有出处）	常量=12f	一致	client/Assets/Scripts/UI/InGame/CsHudTheme.cs
S1	CsHudTheme.ScoreLineHeightPx	边界	上限+1	原版同量的边界行为（出处：文档里有出处）	常量=12f	一致	client/Assets/Scripts/UI/InGame/CsHudTheme.cs
S1	CsHudTheme.ScoreLineHeightPx	边界	阈值±1	原版同量的边界行为（出处：文档里有出处）	常量=12f	一致	client/Assets/Scripts/UI/InGame/CsHudTheme.cs
S1	CsHudTheme.ScoreRightInsetPx	边界	0	原版同量的边界行为（出处：文档里有出处）	常量=170f	一致	client/Assets/Scripts/UI/InGame/CsHudTheme.cs
S1	CsHudTheme.ScoreRightInsetPx	边界	上限	原版同量的边界行为（出处：文档里有出处）	常量=170f	一致	client/Assets/Scripts/UI/InGame/CsHudTheme.cs
S1	CsHudTheme.ScoreRightInsetPx	边界	上限+1	原版同量的边界行为（出处：文档里有出处）	常量=170f	一致	client/Assets/Scripts/UI/InGame/CsHudTheme.cs
S1	CsHudTheme.ScoreRightInsetPx	边界	阈值±1	原版同量的边界行为（出处：文档里有出处）	常量=170f	一致	client/Assets/Scripts/UI/InGame/CsHudTheme.cs
S1	CsHudTheme.ScoreTTopPx	边界	0	原版同量的边界行为（出处：文档里有出处）	常量=65f	一致	client/Assets/Scripts/UI/InGame/CsHudTheme.cs
S1	CsHudTheme.ScoreTTopPx	边界	上限	原版同量的边界行为（出处：文档里有出处）	常量=65f	一致	client/Assets/Scripts/UI/InGame/CsHudTheme.cs
S1	CsHudTheme.ScoreTTopPx	边界	上限+1	原版同量的边界行为（出处：文档里有出处）	常量=65f	一致	client/Assets/Scripts/UI/InGame/CsHudTheme.cs
S1	CsHudTheme.ScoreTTopPx	边界	阈值±1	原版同量的边界行为（出处：文档里有出处）	常量=65f	一致	client/Assets/Scripts/UI/InGame/CsHudTheme.cs
S1	CsHudTheme.StopwatchRightInsetPx	边界	0	原版同量的边界行为（出处：文档里有出处）	常量=102f	一致	client/Assets/Scripts/UI/InGame/CsHudTheme.cs
S1	CsHudTheme.StopwatchRightInsetPx	边界	上限	原版同量的边界行为（出处：文档里有出处）	常量=102f	一致	client/Assets/Scripts/UI/InGame/CsHudTheme.cs
S1	CsHudTheme.StopwatchRightInsetPx	边界	上限+1	原版同量的边界行为（出处：文档里有出处）	常量=102f	一致	client/Assets/Scripts/UI/InGame/CsHudTheme.cs
S1	CsHudTheme.StopwatchRightInsetPx	边界	阈值±1	原版同量的边界行为（出处：文档里有出处）	常量=102f	一致	client/Assets/Scripts/UI/InGame/CsHudTheme.cs
S1	CsHudTheme.StopwatchSizePx	边界	0	原版同量的边界行为（出处：文档里有出处）	常量=24f	一致	client/Assets/Scripts/UI/InGame/CsHudTheme.cs
S1	CsHudTheme.StopwatchSizePx	边界	上限	原版同量的边界行为（出处：文档里有出处）	常量=24f	一致	client/Assets/Scripts/UI/InGame/CsHudTheme.cs
S1	CsHudTheme.StopwatchSizePx	边界	上限+1	原版同量的边界行为（出处：文档里有出处）	常量=24f	一致	client/Assets/Scripts/UI/InGame/CsHudTheme.cs
S1	CsHudTheme.StopwatchSizePx	边界	阈值±1	原版同量的边界行为（出处：文档里有出处）	常量=24f	一致	client/Assets/Scripts/UI/InGame/CsHudTheme.cs
S1	CsHudTheme.StopwatchTopPx	边界	0	原版同量的边界行为（出处：文档里有出处）	常量=58f	一致	client/Assets/Scripts/UI/InGame/CsHudTheme.cs
S1	CsHudTheme.StopwatchTopPx	边界	上限	原版同量的边界行为（出处：文档里有出处）	常量=58f	一致	client/Assets/Scripts/UI/InGame/CsHudTheme.cs
S1	CsHudTheme.StopwatchTopPx	边界	上限+1	原版同量的边界行为（出处：文档里有出处）	常量=58f	一致	client/Assets/Scripts/UI/InGame/CsHudTheme.cs
S1	CsHudTheme.StopwatchTopPx	边界	阈值±1	原版同量的边界行为（出处：文档里有出处）	常量=58f	一致	client/Assets/Scripts/UI/InGame/CsHudTheme.cs
S1	CsMatch.BombBeepFastThreshold	边界	0	原版同量的边界行为（出处：文档里有出处）	常量=10f	一致	client/Assets/Scripts/Module/Match/CsMatch.cs
S1	CsMatch.BombBeepFastThreshold	边界	上限	原版同量的边界行为（出处：文档里有出处）	常量=10f	一致	client/Assets/Scripts/Module/Match/CsMatch.cs
S1	CsMatch.BombBeepFastThreshold	边界	上限+1	原版同量的边界行为（出处：文档里有出处）	常量=10f	一致	client/Assets/Scripts/Module/Match/CsMatch.cs
S1	CsMatch.BombBeepFastThreshold	边界	阈值±1	原版同量的边界行为（出处：文档里有出处）	常量=10f	一致	client/Assets/Scripts/Module/Match/CsMatch.cs
S1	CsMatch.BombExplosionMaxDamage	边界	0	原版同量的边界行为（出处：文档里有出处）	常量=500	一致	client/Assets/Scripts/Module/Match/CsMatch.cs
S1	CsMatch.BombExplosionMaxDamage	边界	上限	原版同量的边界行为（出处：文档里有出处）	常量=500	一致	client/Assets/Scripts/Module/Match/CsMatch.cs
S1	CsMatch.BombExplosionMaxDamage	边界	上限+1	原版同量的边界行为（出处：文档里有出处）	常量=500	一致	client/Assets/Scripts/Module/Match/CsMatch.cs
S1	CsMatch.BombExplosionMaxDamage	边界	阈值±1	原版同量的边界行为（出处：文档里有出处）	常量=500	一致	client/Assets/Scripts/Module/Match/CsMatch.cs
S1	CsMatch.BombExplosionRadius	边界	0	原版同量的边界行为（出处：文档里有出处）	常量=12f	一致	client/Assets/Scripts/Module/Match/CsMatch.cs
S1	CsMatch.BombExplosionRadius	边界	上限	原版同量的边界行为（出处：文档里有出处）	常量=12f	一致	client/Assets/Scripts/Module/Match/CsMatch.cs
S1	CsMatch.BombExplosionRadius	边界	上限+1	原版同量的边界行为（出处：文档里有出处）	常量=12f	一致	client/Assets/Scripts/Module/Match/CsMatch.cs
S1	CsMatch.BombExplosionRadius	边界	阈值±1	原版同量的边界行为（出处：文档里有出处）	常量=12f	一致	client/Assets/Scripts/Module/Match/CsMatch.cs
S1	CsMatch.BotAimErrorRefresh	边界	0	原版同量的边界行为（出处：文档里有出处）	常量=0.35f	一致	client/Assets/Scripts/Module/Match/CsMatch.cs
S1	CsMatch.BotAimErrorRefresh	边界	上限	原版同量的边界行为（出处：文档里有出处）	常量=0.35f	一致	client/Assets/Scripts/Module/Match/CsMatch.cs
S1	CsMatch.BotAimErrorRefresh	边界	上限+1	原版同量的边界行为（出处：文档里有出处）	常量=0.35f	一致	client/Assets/Scripts/Module/Match/CsMatch.cs
S1	CsMatch.BotAimErrorRefresh	边界	阈值±1	原版同量的边界行为（出处：文档里有出处）	常量=0.35f	一致	client/Assets/Scripts/Module/Match/CsMatch.cs
S1	CsMatch.BotHitBufferSize	边界	0	原版同量的边界行为（出处：文档里有出处）	常量=32	一致	client/Assets/Scripts/Module/Match/CsMatch.cs
S1	CsMatch.BotHitBufferSize	边界	上限	原版同量的边界行为（出处：文档里有出处）	常量=32	一致	client/Assets/Scripts/Module/Match/CsMatch.cs
S1	CsMatch.BotHitBufferSize	边界	上限+1	原版同量的边界行为（出处：文档里有出处）	常量=32	一致	client/Assets/Scripts/Module/Match/CsMatch.cs
S1	CsMatch.BotHitBufferSize	边界	阈值±1	原版同量的边界行为（出处：文档里有出处）	常量=32	一致	client/Assets/Scripts/Module/Match/CsMatch.cs
S1	CsMatch.BotShotDiagInterval	边界	0	原版同量的边界行为（出处：文档里有出处）	常量=10f	一致	client/Assets/Scripts/Module/Match/CsMatch.cs
S1	CsMatch.BotShotDiagInterval	边界	上限	原版同量的边界行为（出处：文档里有出处）	常量=10f	一致	client/Assets/Scripts/Module/Match/CsMatch.cs
S1	CsMatch.BotShotDiagInterval	边界	上限+1	原版同量的边界行为（出处：文档里有出处）	常量=10f	一致	client/Assets/Scripts/Module/Match/CsMatch.cs
S1	CsMatch.BotShotDiagInterval	边界	阈值±1	原版同量的边界行为（出处：文档里有出处）	常量=10f	一致	client/Assets/Scripts/Module/Match/CsMatch.cs
S1	CsMatch.DefuseRadius	边界	0	原版同量的边界行为（出处：文档里有出处）	常量=1.5f	一致	client/Assets/Scripts/Module/Match/CsMatch.cs
S1	CsMatch.DefuseRadius	边界	上限	原版同量的边界行为（出处：文档里有出处）	常量=1.5f	一致	client/Assets/Scripts/Module/Match/CsMatch.cs
S1	CsMatch.DefuseRadius	边界	上限+1	原版同量的边界行为（出处：文档里有出处）	常量=1.5f	一致	client/Assets/Scripts/Module/Match/CsMatch.cs
S1	CsMatch.DefuseRadius	边界	阈值±1	原版同量的边界行为（出处：文档里有出处）	常量=1.5f	一致	client/Assets/Scripts/Module/Match/CsMatch.cs
S1	CsMatch.FallRecoverY	边界	0	原版同量的边界行为（出处：文档里有出处）	常量=-6f	一致	client/Assets/Scripts/Module/Match/CsMatch.cs
S1	CsMatch.FallRecoverY	边界	上限	原版同量的边界行为（出处：文档里有出处）	常量=-6f	一致	client/Assets/Scripts/Module/Match/CsMatch.cs
S1	CsMatch.FallRecoverY	边界	上限+1	原版同量的边界行为（出处：文档里有出处）	常量=-6f	一致	client/Assets/Scripts/Module/Match/CsMatch.cs
S1	CsMatch.FallRecoverY	边界	阈值±1	原版同量的边界行为（出处：文档里有出处）	常量=-6f	一致	client/Assets/Scripts/Module/Match/CsMatch.cs
S1	CsMatch.FlashRadius	边界	0	原版同量的边界行为（出处：文档里有出处）	常量=CsConst.GrenadeHeRadius	一致	client/Assets/Scripts/Module/Match/CsMatch.cs
S1	CsMatch.FlashRadius	边界	上限	原版同量的边界行为（出处：文档里有出处）	常量=CsConst.GrenadeHeRadius	一致	client/Assets/Scripts/Module/Match/CsMatch.cs
S1	CsMatch.FlashRadius	边界	上限+1	原版同量的边界行为（出处：文档里有出处）	常量=CsConst.GrenadeHeRadius	一致	client/Assets/Scripts/Module/Match/CsMatch.cs
S1	CsMatch.FlashRadius	边界	阈值±1	原版同量的边界行为（出处：文档里有出处）	常量=CsConst.GrenadeHeRadius	一致	client/Assets/Scripts/Module/Match/CsMatch.cs
S1	CsMatch.GroundProbeDrop	边界	0	原版同量的边界行为（出处：文档里有出处）	常量=15f	一致	client/Assets/Scripts/Module/Match/CsMatch.cs
S1	CsMatch.GroundProbeDrop	边界	上限	原版同量的边界行为（出处：文档里有出处）	常量=15f	一致	client/Assets/Scripts/Module/Match/CsMatch.cs
S1	CsMatch.GroundProbeDrop	边界	上限+1	原版同量的边界行为（出处：文档里有出处）	常量=15f	一致	client/Assets/Scripts/Module/Match/CsMatch.cs
S1	CsMatch.GroundProbeDrop	边界	阈值±1	原版同量的边界行为（出处：文档里有出处）	常量=15f	一致	client/Assets/Scripts/Module/Match/CsMatch.cs
S1	CsMatch.JumpRepeatDelay	边界	0	原版同量的边界行为（出处：文档里有出处）	常量=0.35f	一致	client/Assets/Scripts/Module/Match/CsMatch.cs
S1	CsMatch.JumpRepeatDelay	边界	上限	原版同量的边界行为（出处：文档里有出处）	常量=0.35f	一致	client/Assets/Scripts/Module/Match/CsMatch.cs
S1	CsMatch.JumpRepeatDelay	边界	上限+1	原版同量的边界行为（出处：文档里有出处）	常量=0.35f	一致	client/Assets/Scripts/Module/Match/CsMatch.cs
S1	CsMatch.JumpRepeatDelay	边界	阈值±1	原版同量的边界行为（出处：文档里有出处）	常量=0.35f	一致	client/Assets/Scripts/Module/Match/CsMatch.cs
S1	CsMatch.KillFeedLifetime	边界	0	原版同量的边界行为（出处：文档里有出处）	常量=6f	一致	client/Assets/Scripts/Module/Match/CsMatch.cs
S1	CsMatch.KillFeedLifetime	边界	上限	原版同量的边界行为（出处：文档里有出处）	常量=6f	一致	client/Assets/Scripts/Module/Match/CsMatch.cs
S1	CsMatch.KillFeedLifetime	边界	上限+1	原版同量的边界行为（出处：文档里有出处）	常量=6f	一致	client/Assets/Scripts/Module/Match/CsMatch.cs
S1	CsMatch.KillFeedLifetime	边界	阈值±1	原版同量的边界行为（出处：文档里有出处）	常量=6f	一致	client/Assets/Scripts/Module/Match/CsMatch.cs
S1	CsMatch.LogRateEvery	边界	0	原版同量的边界行为（出处：文档里有出处）	常量=1000	一致	client/Assets/Scripts/Module/Match/CsMatch.cs
S1	CsMatch.LogRateEvery	边界	上限	原版同量的边界行为（出处：文档里有出处）	常量=1000	一致	client/Assets/Scripts/Module/Match/CsMatch.cs
S1	CsMatch.LogRateEvery	边界	上限+1	原版同量的边界行为（出处：文档里有出处）	常量=1000	一致	client/Assets/Scripts/Module/Match/CsMatch.cs
S1	CsMatch.LogRateEvery	边界	阈值±1	原版同量的边界行为（出处：文档里有出处）	常量=1000	一致	client/Assets/Scripts/Module/Match/CsMatch.cs
S1	CsMatch.MaxFlashbangs	边界	0	原版同量的边界行为（出处：文档里有出处）	常量=2	一致	client/Assets/Scripts/Module/Match/CsMatch.cs
S1	CsMatch.MaxFlashbangs	边界	上限	原版同量的边界行为（出处：文档里有出处）	常量=2	一致	client/Assets/Scripts/Module/Match/CsMatch.cs
S1	CsMatch.MaxFlashbangs	边界	上限+1	原版同量的边界行为（出处：文档里有出处）	常量=2	一致	client/Assets/Scripts/Module/Match/CsMatch.cs
S1	CsMatch.MaxFlashbangs	边界	阈值±1	原版同量的边界行为（出处：文档里有出处）	常量=2	一致	client/Assets/Scripts/Module/Match/CsMatch.cs
S1	CsMatch.MaxGrenadesTotal	边界	0	原版同量的边界行为（出处：文档里有出处）	常量=4	一致	client/Assets/Scripts/Module/Match/CsMatch.cs
S1	CsMatch.MaxGrenadesTotal	边界	上限	原版同量的边界行为（出处：文档里有出处）	常量=4	一致	client/Assets/Scripts/Module/Match/CsMatch.cs
S1	CsMatch.MaxGrenadesTotal	边界	上限+1	原版同量的边界行为（出处：文档里有出处）	常量=4	一致	client/Assets/Scripts/Module/Match/CsMatch.cs
S1	CsMatch.MaxGrenadesTotal	边界	阈值±1	原版同量的边界行为（出处：文档里有出处）	常量=4	一致	client/Assets/Scripts/Module/Match/CsMatch.cs
S1	CsMatch.MaxHeGrenades	边界	0	原版同量的边界行为（出处：文档里有出处）	常量=1	一致	client/Assets/Scripts/Module/Match/CsMatch.cs
S1	CsMatch.MaxHeGrenades	边界	上限	原版同量的边界行为（出处：文档里有出处）	常量=1	一致	client/Assets/Scripts/Module/Match/CsMatch.cs
S1	CsMatch.MaxHeGrenades	边界	上限+1	原版同量的边界行为（出处：文档里有出处）	常量=1	一致	client/Assets/Scripts/Module/Match/CsMatch.cs
S1	CsMatch.MaxHeGrenades	边界	阈值±1	原版同量的边界行为（出处：文档里有出处）	常量=1	一致	client/Assets/Scripts/Module/Match/CsMatch.cs
S1	CsMatch.MaxKillFeedStore	边界	0	原版同量的边界行为（出处：文档里有出处）	常量=12	一致	client/Assets/Scripts/Module/Match/CsMatch.cs
S1	CsMatch.MaxKillFeedStore	边界	上限	原版同量的边界行为（出处：文档里有出处）	常量=12	一致	client/Assets/Scripts/Module/Match/CsMatch.cs
S1	CsMatch.MaxKillFeedStore	边界	上限+1	原版同量的边界行为（出处：文档里有出处）	常量=12	一致	client/Assets/Scripts/Module/Match/CsMatch.cs
S1	CsMatch.MaxKillFeedStore	边界	阈值±1	原版同量的边界行为（出处：文档里有出处）	常量=12	一致	client/Assets/Scripts/Module/Match/CsMatch.cs
S1	CsMatch.MaxPendingShots	边界	0	原版同量的边界行为（出处：文档里有出处）	常量=16	一致	client/Assets/Scripts/Module/Match/CsMatch.cs
S1	CsMatch.MaxPendingShots	边界	上限	原版同量的边界行为（出处：文档里有出处）	常量=16	一致	client/Assets/Scripts/Module/Match/CsMatch.cs
S1	CsMatch.MaxPendingShots	边界	上限+1	原版同量的边界行为（出处：文档里有出处）	常量=16	一致	client/Assets/Scripts/Module/Match/CsMatch.cs
S1	CsMatch.MaxPendingShots	边界	阈值±1	原版同量的边界行为（出处：文档里有出处）	常量=16	一致	client/Assets/Scripts/Module/Match/CsMatch.cs
S1	CsMatch.MaxSmokes	边界	0	原版同量的边界行为（出处：文档里有出处）	常量=1	一致	client/Assets/Scripts/Module/Match/CsMatch.cs
S1	CsMatch.MaxSmokes	边界	上限	原版同量的边界行为（出处：文档里有出处）	常量=1	一致	client/Assets/Scripts/Module/Match/CsMatch.cs
S1	CsMatch.MaxSmokes	边界	上限+1	原版同量的边界行为（出处：文档里有出处）	常量=1	一致	client/Assets/Scripts/Module/Match/CsMatch.cs
S1	CsMatch.MaxSmokes	边界	阈值±1	原版同量的边界行为（出处：文档里有出处）	常量=1	一致	client/Assets/Scripts/Module/Match/CsMatch.cs
S1	CsMatch.MaxTeamSize	边界	0	原版同量的边界行为（出处：文档里有出处）	常量=16	一致	client/Assets/Scripts/Module/Match/CsMatch.cs
S1	CsMatch.MaxTeamSize	边界	上限	原版同量的边界行为（出处：文档里有出处）	常量=16	一致	client/Assets/Scripts/Module/Match/CsMatch.cs
S1	CsMatch.MaxTeamSize	边界	上限+1	原版同量的边界行为（出处：文档里有出处）	常量=16	一致	client/Assets/Scripts/Module/Match/CsMatch.cs
S1	CsMatch.MaxTeamSize	边界	阈值±1	原版同量的边界行为（出处：文档里有出处）	常量=16	一致	client/Assets/Scripts/Module/Match/CsMatch.cs
S1	CsMatch.MoveCancelSpeedSqr	边界	0	原版同量的边界行为（出处：文档里有出处）	常量=0.01f	一致	client/Assets/Scripts/Module/Match/CsMatch.cs
S1	CsMatch.MoveCancelSpeedSqr	边界	上限	原版同量的边界行为（出处：文档里有出处）	常量=0.01f	一致	client/Assets/Scripts/Module/Match/CsMatch.cs
S1	CsMatch.MoveCancelSpeedSqr	边界	上限+1	原版同量的边界行为（出处：文档里有出处）	常量=0.01f	一致	client/Assets/Scripts/Module/Match/CsMatch.cs
S1	CsMatch.MoveCancelSpeedSqr	边界	阈值±1	原版同量的边界行为（出处：文档里有出处）	常量=0.01f	一致	client/Assets/Scripts/Module/Match/CsMatch.cs
S1	CsMatch.PenetrationDamageScale	边界	0	原版同量的边界行为（出处：文档里有出处）	常量=0.5f	一致	client/Assets/Scripts/Module/Match/CsMatch.cs
S1	CsMatch.PenetrationDamageScale	边界	上限	原版同量的边界行为（出处：文档里有出处）	常量=0.5f	一致	client/Assets/Scripts/Module/Match/CsMatch.cs
S1	CsMatch.PenetrationDamageScale	边界	上限+1	原版同量的边界行为（出处：文档里有出处）	常量=0.5f	一致	client/Assets/Scripts/Module/Match/CsMatch.cs
S1	CsMatch.PenetrationDamageScale	边界	阈值±1	原版同量的边界行为（出处：文档里有出处）	常量=0.5f	一致	client/Assets/Scripts/Module/Match/CsMatch.cs
S1	CsMatch.PickupRadius	边界	0	原版同量的边界行为（出处：文档里有出处）	常量=1.2f	一致	client/Assets/Scripts/Module/Match/CsMatch.cs
S1	CsMatch.PickupRadius	边界	上限	原版同量的边界行为（出处：文档里有出处）	常量=1.2f	一致	client/Assets/Scripts/Module/Match/CsMatch.cs
S1	CsMatch.PickupRadius	边界	上限+1	原版同量的边界行为（出处：文档里有出处）	常量=1.2f	一致	client/Assets/Scripts/Module/Match/CsMatch.cs
S1	CsMatch.PickupRadius	边界	阈值±1	原版同量的边界行为（出处：文档里有出处）	常量=1.2f	一致	client/Assets/Scripts/Module/Match/CsMatch.cs
S1	CsMatch.PitchLimit	边界	0	原版同量的边界行为（出处：文档里有出处）	常量=89f	一致	client/Assets/Scripts/Module/Match/CsMatch.cs
S1	CsMatch.PitchLimit	边界	上限	原版同量的边界行为（出处：文档里有出处）	常量=89f	一致	client/Assets/Scripts/Module/Match/CsMatch.cs
S1	CsMatch.PitchLimit	边界	上限+1	原版同量的边界行为（出处：文档里有出处）	常量=89f	一致	client/Assets/Scripts/Module/Match/CsMatch.cs
S1	CsMatch.PitchLimit	边界	阈值±1	原版同量的边界行为（出处：文档里有出处）	常量=89f	一致	client/Assets/Scripts/Module/Match/CsMatch.cs
S1	CsMatch.RecoilRecoverDelay	边界	0	原版同量的边界行为（出处：文档里有出处）	常量=0.25f	一致	client/Assets/Scripts/Module/Match/CsMatch.cs
S1	CsMatch.RecoilRecoverDelay	边界	上限	原版同量的边界行为（出处：文档里有出处）	常量=0.25f	一致	client/Assets/Scripts/Module/Match/CsMatch.cs
S1	CsMatch.RecoilRecoverDelay	边界	上限+1	原版同量的边界行为（出处：文档里有出处）	常量=0.25f	一致	client/Assets/Scripts/Module/Match/CsMatch.cs
S1	CsMatch.RecoilRecoverDelay	边界	阈值±1	原版同量的边界行为（出处：文档里有出处）	常量=0.25f	一致	client/Assets/Scripts/Module/Match/CsMatch.cs
S1	CsMatch.RecoilRecoverSpeed	边界	0	原版同量的边界行为（出处：文档里有出处）	常量=6f	一致	client/Assets/Scripts/Module/Match/CsMatch.cs
S1	CsMatch.RecoilRecoverSpeed	边界	上限	原版同量的边界行为（出处：文档里有出处）	常量=6f	一致	client/Assets/Scripts/Module/Match/CsMatch.cs
S1	CsMatch.RecoilRecoverSpeed	边界	上限+1	原版同量的边界行为（出处：文档里有出处）	常量=6f	一致	client/Assets/Scripts/Module/Match/CsMatch.cs
S1	CsMatch.RecoilRecoverSpeed	边界	阈值±1	原版同量的边界行为（出处：文档里有出处）	常量=6f	一致	client/Assets/Scripts/Module/Match/CsMatch.cs
S1	CsMatch.ScorePerBombObjective	边界	0	原版同量的边界行为（出处：文档里有出处）	常量=2	一致	client/Assets/Scripts/Module/Match/CsMatch.cs
S1	CsMatch.ScorePerBombObjective	边界	上限	原版同量的边界行为（出处：文档里有出处）	常量=2	一致	client/Assets/Scripts/Module/Match/CsMatch.cs
S1	CsMatch.ScorePerBombObjective	边界	上限+1	原版同量的边界行为（出处：文档里有出处）	常量=2	一致	client/Assets/Scripts/Module/Match/CsMatch.cs
S1	CsMatch.ScorePerBombObjective	边界	阈值±1	原版同量的边界行为（出处：文档里有出处）	常量=2	一致	client/Assets/Scripts/Module/Match/CsMatch.cs
S1	CsMatch.ScorePerKill	边界	0	原版同量的边界行为（出处：文档里有出处）	常量=1	一致	client/Assets/Scripts/Module/Match/CsMatch.cs
S1	CsMatch.ScorePerKill	边界	上限	原版同量的边界行为（出处：文档里有出处）	常量=1	一致	client/Assets/Scripts/Module/Match/CsMatch.cs
S1	CsMatch.ScorePerKill	边界	上限+1	原版同量的边界行为（出处：文档里有出处）	常量=1	一致	client/Assets/Scripts/Module/Match/CsMatch.cs
S1	CsMatch.ScorePerKill	边界	阈值±1	原版同量的边界行为（出处：文档里有出处）	常量=1	一致	client/Assets/Scripts/Module/Match/CsMatch.cs
S1	CsMatch.SmokeBlockRadius	边界	0	原版同量的边界行为（出处：文档里有出处）	常量=3.5f	一致	client/Assets/Scripts/Module/Match/CsMatch.cs
S1	CsMatch.SmokeBlockRadius	边界	上限	原版同量的边界行为（出处：文档里有出处）	常量=3.5f	一致	client/Assets/Scripts/Module/Match/CsMatch.cs
S1	CsMatch.SmokeBlockRadius	边界	上限+1	原版同量的边界行为（出处：文档里有出处）	常量=3.5f	一致	client/Assets/Scripts/Module/Match/CsMatch.cs
S1	CsMatch.SmokeBlockRadius	边界	阈值±1	原版同量的边界行为（出处：文档里有出处）	常量=3.5f	一致	client/Assets/Scripts/Module/Match/CsMatch.cs
S1	CsMatch.SmokeRadius	边界	0	原版同量的边界行为（出处：文档里有出处）	常量=3.5f	一致	client/Assets/Scripts/Module/Match/CsMatch.cs
S1	CsMatch.SmokeRadius	边界	上限	原版同量的边界行为（出处：文档里有出处）	常量=3.5f	一致	client/Assets/Scripts/Module/Match/CsMatch.cs
S1	CsMatch.SmokeRadius	边界	上限+1	原版同量的边界行为（出处：文档里有出处）	常量=3.5f	一致	client/Assets/Scripts/Module/Match/CsMatch.cs
S1	CsMatch.SmokeRadius	边界	阈值±1	原版同量的边界行为（出处：文档里有出处）	常量=3.5f	一致	client/Assets/Scripts/Module/Match/CsMatch.cs
S1	CsMatch.SoftFloorKeepFrames	边界	0	原版同量的边界行为（出处：文档里有出处）	常量=600	一致	client/Assets/Scripts/Module/Match/CsMatch.cs
S1	CsMatch.SoftFloorKeepFrames	边界	上限	原版同量的边界行为（出处：文档里有出处）	常量=600	一致	client/Assets/Scripts/Module/Match/CsMatch.cs
S1	CsMatch.SoftFloorKeepFrames	边界	上限+1	原版同量的边界行为（出处：文档里有出处）	常量=600	一致	client/Assets/Scripts/Module/Match/CsMatch.cs
S1	CsMatch.SoftFloorKeepFrames	边界	阈值±1	原版同量的边界行为（出处：文档里有出处）	常量=600	一致	client/Assets/Scripts/Module/Match/CsMatch.cs
S1	CsMatch.SpawnGroundProbeDrop	边界	0	原版同量的边界行为（出处：文档里有出处）	常量=4f	一致	client/Assets/Scripts/Module/Match/CsMatch.cs
S1	CsMatch.SpawnGroundProbeDrop	边界	上限	原版同量的边界行为（出处：文档里有出处）	常量=4f	一致	client/Assets/Scripts/Module/Match/CsMatch.cs
S1	CsMatch.SpawnGroundProbeDrop	边界	上限+1	原版同量的边界行为（出处：文档里有出处）	常量=4f	一致	client/Assets/Scripts/Module/Match/CsMatch.cs
S1	CsMatch.SpawnGroundProbeDrop	边界	阈值±1	原版同量的边界行为（出处：文档里有出处）	常量=4f	一致	client/Assets/Scripts/Module/Match/CsMatch.cs
S1	CsMatch.SpawnGroundProbeUp	边界	0	原版同量的边界行为（出处：文档里有出处）	常量=2f	一致	client/Assets/Scripts/Module/Match/CsMatch.cs
S1	CsMatch.SpawnGroundProbeUp	边界	上限	原版同量的边界行为（出处：文档里有出处）	常量=2f	一致	client/Assets/Scripts/Module/Match/CsMatch.cs
S1	CsMatch.SpawnGroundProbeUp	边界	上限+1	原版同量的边界行为（出处：文档里有出处）	常量=2f	一致	client/Assets/Scripts/Module/Match/CsMatch.cs
S1	CsMatch.SpawnGroundProbeUp	边界	阈值±1	原版同量的边界行为（出处：文档里有出处）	常量=2f	一致	client/Assets/Scripts/Module/Match/CsMatch.cs
S1	CsMatch.SpawnGroundSnapTolerance	边界	0	原版同量的边界行为（出处：文档里有出处）	常量=2f	一致	client/Assets/Scripts/Module/Match/CsMatch.cs
S1	CsMatch.SpawnGroundSnapTolerance	边界	上限	原版同量的边界行为（出处：文档里有出处）	常量=2f	一致	client/Assets/Scripts/Module/Match/CsMatch.cs
S1	CsMatch.SpawnGroundSnapTolerance	边界	上限+1	原版同量的边界行为（出处：文档里有出处）	常量=2f	一致	client/Assets/Scripts/Module/Match/CsMatch.cs
S1	CsMatch.SpawnGroundSnapTolerance	边界	阈值±1	原版同量的边界行为（出处：文档里有出处）	常量=2f	一致	client/Assets/Scripts/Module/Match/CsMatch.cs
S1	CsMatch.SpawnYawRandomDeg	边界	0	原版同量的边界行为（出处：文档里有出处）	常量=360f	一致	client/Assets/Scripts/Module/Match/CsMatch.cs
S1	CsMatch.SpawnYawRandomDeg	边界	上限	原版同量的边界行为（出处：文档里有出处）	常量=360f	一致	client/Assets/Scripts/Module/Match/CsMatch.cs
S1	CsMatch.SpawnYawRandomDeg	边界	上限+1	原版同量的边界行为（出处：文档里有出处）	常量=360f	一致	client/Assets/Scripts/Module/Match/CsMatch.cs
S1	CsMatch.SpawnYawRandomDeg	边界	阈值±1	原版同量的边界行为（出处：文档里有出处）	常量=360f	一致	client/Assets/Scripts/Module/Match/CsMatch.cs
S1	CsMatch.TerminalFallSpeed	边界	0	原版同量的边界行为（出处：文档里有出处）	常量=88.9f	一致	client/Assets/Scripts/Module/Match/CsMatch.cs
S1	CsMatch.TerminalFallSpeed	边界	上限	原版同量的边界行为（出处：文档里有出处）	常量=88.9f	一致	client/Assets/Scripts/Module/Match/CsMatch.cs
S1	CsMatch.TerminalFallSpeed	边界	上限+1	原版同量的边界行为（出处：文档里有出处）	常量=88.9f	一致	client/Assets/Scripts/Module/Match/CsMatch.cs
S1	CsMatch.TerminalFallSpeed	边界	阈值±1	原版同量的边界行为（出处：文档里有出处）	常量=88.9f	一致	client/Assets/Scripts/Module/Match/CsMatch.cs
S1	CsMatch.WallBlockVelocityRatio	边界	0	原版同量的边界行为（出处：文档里有出处）	常量=0.5f	一致	client/Assets/Scripts/Module/Match/CsMatch.cs
S1	CsMatch.WallBlockVelocityRatio	边界	上限	原版同量的边界行为（出处：文档里有出处）	常量=0.5f	一致	client/Assets/Scripts/Module/Match/CsMatch.cs
S1	CsMatch.WallBlockVelocityRatio	边界	上限+1	原版同量的边界行为（出处：文档里有出处）	常量=0.5f	一致	client/Assets/Scripts/Module/Match/CsMatch.cs
S1	CsMatch.WallBlockVelocityRatio	边界	阈值±1	原版同量的边界行为（出处：文档里有出处）	常量=0.5f	一致	client/Assets/Scripts/Module/Match/CsMatch.cs
S1	CsViewTuning.AnimCrossFade	边界	0	原版同量的边界行为（出处：文档里有出处）	常量=0.06f	一致	client/Assets/Scripts/Module/View/CsViewTuning.cs
S1	CsViewTuning.AnimCrossFade	边界	上限	原版同量的边界行为（出处：文档里有出处）	常量=0.06f	一致	client/Assets/Scripts/Module/View/CsViewTuning.cs
S1	CsViewTuning.AnimCrossFade	边界	上限+1	原版同量的边界行为（出处：文档里有出处）	常量=0.06f	一致	client/Assets/Scripts/Module/View/CsViewTuning.cs
S1	CsViewTuning.AnimCrossFade	边界	阈值±1	原版同量的边界行为（出处：文档里有出处）	常量=0.06f	一致	client/Assets/Scripts/Module/View/CsViewTuning.cs
S1	CsViewTuning.AnimMoveSpeedEpsilon	边界	0	原版同量的边界行为（出处：文档里有出处）	常量=0.15f	一致	client/Assets/Scripts/Module/View/CsViewTuning.cs
S1	CsViewTuning.AnimMoveSpeedEpsilon	边界	上限	原版同量的边界行为（出处：文档里有出处）	常量=0.15f	一致	client/Assets/Scripts/Module/View/CsViewTuning.cs
S1	CsViewTuning.AnimMoveSpeedEpsilon	边界	上限+1	原版同量的边界行为（出处：文档里有出处）	常量=0.15f	一致	client/Assets/Scripts/Module/View/CsViewTuning.cs
S1	CsViewTuning.AnimMoveSpeedEpsilon	边界	阈值±1	原版同量的边界行为（出处：文档里有出处）	常量=0.15f	一致	client/Assets/Scripts/Module/View/CsViewTuning.cs
S1	CsViewTuning.CorpseAnimSpeed	边界	0	原版同量的边界行为（出处：文档里有出处）	常量=0f	一致	client/Assets/Scripts/Module/View/CsViewTuning.cs
S1	CsViewTuning.CorpseAnimSpeed	边界	上限	原版同量的边界行为（出处：文档里有出处）	常量=0f	一致	client/Assets/Scripts/Module/View/CsViewTuning.cs
S1	CsViewTuning.CorpseAnimSpeed	边界	上限+1	原版同量的边界行为（出处：文档里有出处）	常量=0f	一致	client/Assets/Scripts/Module/View/CsViewTuning.cs
S1	CsViewTuning.CorpseAnimSpeed	边界	阈值±1	原版同量的边界行为（出处：文档里有出处）	常量=0f	一致	client/Assets/Scripts/Module/View/CsViewTuning.cs
S1	CsViewTuning.CrouchBlendTau	边界	0	原版同量的边界行为（出处：文档里有出处）	常量=0.08f	一致	client/Assets/Scripts/Module/View/CsViewTuning.cs
S1	CsViewTuning.CrouchBlendTau	边界	上限	原版同量的边界行为（出处：文档里有出处）	常量=0.08f	一致	client/Assets/Scripts/Module/View/CsViewTuning.cs
S1	CsViewTuning.CrouchBlendTau	边界	上限+1	原版同量的边界行为（出处：文档里有出处）	常量=0.08f	一致	client/Assets/Scripts/Module/View/CsViewTuning.cs
S1	CsViewTuning.CrouchBlendTau	边界	阈值±1	原版同量的边界行为（出处：文档里有出处）	常量=0.08f	一致	client/Assets/Scripts/Module/View/CsViewTuning.cs
S1	CsViewTuning.CrouchScale	边界	0	原版同量的边界行为（出处：文档里有出处）	常量=1f	一致	client/Assets/Scripts/Module/View/CsViewTuning.cs
S1	CsViewTuning.CrouchScale	边界	上限	原版同量的边界行为（出处：文档里有出处）	常量=1f	一致	client/Assets/Scripts/Module/View/CsViewTuning.cs
S1	CsViewTuning.CrouchScale	边界	上限+1	原版同量的边界行为（出处：文档里有出处）	常量=1f	一致	client/Assets/Scripts/Module/View/CsViewTuning.cs
S1	CsViewTuning.CrouchScale	边界	阈值±1	原版同量的边界行为（出处：文档里有出处）	常量=1f	一致	client/Assets/Scripts/Module/View/CsViewTuning.cs
S1	CsViewTuning.HeightTolerance	边界	0	原版同量的边界行为（出处：文档里有出处）	常量=0.03f	一致	client/Assets/Scripts/Module/View/CsViewTuning.cs
S1	CsViewTuning.HeightTolerance	边界	上限	原版同量的边界行为（出处：文档里有出处）	常量=0.03f	一致	client/Assets/Scripts/Module/View/CsViewTuning.cs
S1	CsViewTuning.HeightTolerance	边界	上限+1	原版同量的边界行为（出处：文档里有出处）	常量=0.03f	一致	client/Assets/Scripts/Module/View/CsViewTuning.cs
S1	CsViewTuning.HeightTolerance	边界	阈值±1	原版同量的边界行为（出处：文档里有出处）	常量=0.03f	一致	client/Assets/Scripts/Module/View/CsViewTuning.cs
S1	CsViewTuning.LogRateEvery	边界	0	原版同量的边界行为（出处：文档里有出处）	常量=50	一致	client/Assets/Scripts/Module/View/CsViewTuning.cs
S1	CsViewTuning.LogRateEvery	边界	上限	原版同量的边界行为（出处：文档里有出处）	常量=50	一致	client/Assets/Scripts/Module/View/CsViewTuning.cs
S1	CsViewTuning.LogRateEvery	边界	上限+1	原版同量的边界行为（出处：文档里有出处）	常量=50	一致	client/Assets/Scripts/Module/View/CsViewTuning.cs
S1	CsViewTuning.LogRateEvery	边界	阈值±1	原版同量的边界行为（出处：文档里有出处）	常量=50	一致	client/Assets/Scripts/Module/View/CsViewTuning.cs
S1	CsViewTuning.LosTargetHeight	边界	0	原版同量的边界行为（出处：文档里有出处）	常量=1.10f	一致	client/Assets/Scripts/Module/View/CsViewTuning.cs
S1	CsViewTuning.LosTargetHeight	边界	上限	原版同量的边界行为（出处：文档里有出处）	常量=1.10f	一致	client/Assets/Scripts/Module/View/CsViewTuning.cs
S1	CsViewTuning.LosTargetHeight	边界	上限+1	原版同量的边界行为（出处：文档里有出处）	常量=1.10f	一致	client/Assets/Scripts/Module/View/CsViewTuning.cs
S1	CsViewTuning.LosTargetHeight	边界	阈值±1	原版同量的边界行为（出处：文档里有出处）	常量=1.10f	一致	client/Assets/Scripts/Module/View/CsViewTuning.cs
S1	CsViewTuning.NameplateBarHeight	边界	0	原版同量的边界行为（出处：文档里有出处）	常量=0.075f	一致	client/Assets/Scripts/Module/View/CsViewTuning.cs
S1	CsViewTuning.NameplateBarHeight	边界	上限	原版同量的边界行为（出处：文档里有出处）	常量=0.075f	一致	client/Assets/Scripts/Module/View/CsViewTuning.cs
S1	CsViewTuning.NameplateBarHeight	边界	上限+1	原版同量的边界行为（出处：文档里有出处）	常量=0.075f	一致	client/Assets/Scripts/Module/View/CsViewTuning.cs
S1	CsViewTuning.NameplateBarHeight	边界	阈值±1	原版同量的边界行为（出处：文档里有出处）	常量=0.075f	一致	client/Assets/Scripts/Module/View/CsViewTuning.cs
S1	CsViewTuning.NameplateBarWidth	边界	0	原版同量的边界行为（出处：文档里有出处）	常量=0.70f	一致	client/Assets/Scripts/Module/View/CsViewTuning.cs
S1	CsViewTuning.NameplateBarWidth	边界	上限	原版同量的边界行为（出处：文档里有出处）	常量=0.70f	一致	client/Assets/Scripts/Module/View/CsViewTuning.cs
S1	CsViewTuning.NameplateBarWidth	边界	上限+1	原版同量的边界行为（出处：文档里有出处）	常量=0.70f	一致	client/Assets/Scripts/Module/View/CsViewTuning.cs
S1	CsViewTuning.NameplateBarWidth	边界	阈值±1	原版同量的边界行为（出处：文档里有出处）	常量=0.70f	一致	client/Assets/Scripts/Module/View/CsViewTuning.cs
S1	CsViewTuning.NameplateCanvasScale	边界	0	原版同量的边界行为（出处：文档里有出处）	常量=0.01f	一致	client/Assets/Scripts/Module/View/CsViewTuning.cs
S1	CsViewTuning.NameplateCanvasScale	边界	上限	原版同量的边界行为（出处：文档里有出处）	常量=0.01f	一致	client/Assets/Scripts/Module/View/CsViewTuning.cs
S1	CsViewTuning.NameplateCanvasScale	边界	上限+1	原版同量的边界行为（出处：文档里有出处）	常量=0.01f	一致	client/Assets/Scripts/Module/View/CsViewTuning.cs
S1	CsViewTuning.NameplateCanvasScale	边界	阈值±1	原版同量的边界行为（出处：文档里有出处）	常量=0.01f	一致	client/Assets/Scripts/Module/View/CsViewTuning.cs
S1	CsViewTuning.NameplateFadeStart	边界	0	原版同量的边界行为（出处：文档里有出处）	常量=45f	一致	client/Assets/Scripts/Module/View/CsViewTuning.cs
S1	CsViewTuning.NameplateFadeStart	边界	上限	原版同量的边界行为（出处：文档里有出处）	常量=45f	一致	client/Assets/Scripts/Module/View/CsViewTuning.cs
S1	CsViewTuning.NameplateFadeStart	边界	上限+1	原版同量的边界行为（出处：文档里有出处）	常量=45f	一致	client/Assets/Scripts/Module/View/CsViewTuning.cs
S1	CsViewTuning.NameplateFadeStart	边界	阈值±1	原版同量的边界行为（出处：文档里有出处）	常量=45f	一致	client/Assets/Scripts/Module/View/CsViewTuning.cs
S1	CsViewTuning.NameplateHeight	边界	0	原版同量的边界行为（出处：文档里有出处）	常量=(float)(CsConst.StandHeight + 0.20)	一致	client/Assets/Scripts/Module/View/CsViewTuning.cs
S1	CsViewTuning.NameplateHeight	边界	上限	原版同量的边界行为（出处：文档里有出处）	常量=(float)(CsConst.StandHeight + 0.20)	一致	client/Assets/Scripts/Module/View/CsViewTuning.cs
S1	CsViewTuning.NameplateHeight	边界	上限+1	原版同量的边界行为（出处：文档里有出处）	常量=(float)(CsConst.StandHeight + 0.20)	一致	client/Assets/Scripts/Module/View/CsViewTuning.cs
S1	CsViewTuning.NameplateHeight	边界	阈值±1	原版同量的边界行为（出处：文档里有出处）	常量=(float)(CsConst.StandHeight + 0.20)	一致	client/Assets/Scripts/Module/View/CsViewTuning.cs
S1	CsViewTuning.NameplateMaxDistance	边界	0	原版同量的边界行为（出处：文档里有出处）	常量=55f	一致	client/Assets/Scripts/Module/View/CsViewTuning.cs
S1	CsViewTuning.NameplateMaxDistance	边界	上限	原版同量的边界行为（出处：文档里有出处）	常量=55f	一致	client/Assets/Scripts/Module/View/CsViewTuning.cs
S1	CsViewTuning.NameplateMaxDistance	边界	上限+1	原版同量的边界行为（出处：文档里有出处）	常量=55f	一致	client/Assets/Scripts/Module/View/CsViewTuning.cs
S1	CsViewTuning.NameplateMaxDistance	边界	阈值±1	原版同量的边界行为（出处：文档里有出处）	常量=55f	一致	client/Assets/Scripts/Module/View/CsViewTuning.cs
S1	CsViewTuning.NameplateMinFacingDot	边界	0	原版同量的边界行为（出处：文档里有出处）	常量=0.34f	一致	client/Assets/Scripts/Module/View/CsViewTuning.cs
S1	CsViewTuning.NameplateMinFacingDot	边界	上限	原版同量的边界行为（出处：文档里有出处）	常量=0.34f	一致	client/Assets/Scripts/Module/View/CsViewTuning.cs
S1	CsViewTuning.NameplateMinFacingDot	边界	上限+1	原版同量的边界行为（出处：文档里有出处）	常量=0.34f	一致	client/Assets/Scripts/Module/View/CsViewTuning.cs
S1	CsViewTuning.NameplateMinFacingDot	边界	阈值±1	原版同量的边界行为（出处：文档里有出处）	常量=0.34f	一致	client/Assets/Scripts/Module/View/CsViewTuning.cs
S1	CsViewTuning.NameplateTextHeight	边界	0	原版同量的边界行为（出处：文档里有出处）	常量=0.16f	一致	client/Assets/Scripts/Module/View/CsViewTuning.cs
S1	CsViewTuning.NameplateTextHeight	边界	上限	原版同量的边界行为（出处：文档里有出处）	常量=0.16f	一致	client/Assets/Scripts/Module/View/CsViewTuning.cs
S1	CsViewTuning.NameplateTextHeight	边界	上限+1	原版同量的边界行为（出处：文档里有出处）	常量=0.16f	一致	client/Assets/Scripts/Module/View/CsViewTuning.cs
S1	CsViewTuning.NameplateTextHeight	边界	阈值±1	原版同量的边界行为（出处：文档里有出处）	常量=0.16f	一致	client/Assets/Scripts/Module/View/CsViewTuning.cs
S1	CsViewTuning.PositionSmoothTau	边界	0	原版同量的边界行为（出处：文档里有出处）	常量=0f	一致	client/Assets/Scripts/Module/View/CsViewTuning.cs
S1	CsViewTuning.PositionSmoothTau	边界	上限	原版同量的边界行为（出处：文档里有出处）	常量=0f	一致	client/Assets/Scripts/Module/View/CsViewTuning.cs
S1	CsViewTuning.PositionSmoothTau	边界	上限+1	原版同量的边界行为（出处：文档里有出处）	常量=0f	一致	client/Assets/Scripts/Module/View/CsViewTuning.cs
S1	CsViewTuning.PositionSmoothTau	边界	阈值±1	原版同量的边界行为（出处：文档里有出处）	常量=0f	一致	client/Assets/Scripts/Module/View/CsViewTuning.cs
S1	CsViewTuning.TargetHeight	边界	0	原版同量的边界行为（出处：文档里有出处）	常量=CsConst.StandHeight	一致	client/Assets/Scripts/Module/View/CsViewTuning.cs
S1	CsViewTuning.TargetHeight	边界	上限	原版同量的边界行为（出处：文档里有出处）	常量=CsConst.StandHeight	一致	client/Assets/Scripts/Module/View/CsViewTuning.cs
S1	CsViewTuning.TargetHeight	边界	上限+1	原版同量的边界行为（出处：文档里有出处）	常量=CsConst.StandHeight	一致	client/Assets/Scripts/Module/View/CsViewTuning.cs
S1	CsViewTuning.TargetHeight	边界	阈值±1	原版同量的边界行为（出处：文档里有出处）	常量=CsConst.StandHeight	一致	client/Assets/Scripts/Module/View/CsViewTuning.cs
S1	CsViewTuning.TeleportSnapDistance	边界	0	原版同量的边界行为（出处：文档里有出处）	常量=2.5f	一致	client/Assets/Scripts/Module/View/CsViewTuning.cs
S1	CsViewTuning.TeleportSnapDistance	边界	上限	原版同量的边界行为（出处：文档里有出处）	常量=2.5f	一致	client/Assets/Scripts/Module/View/CsViewTuning.cs
S1	CsViewTuning.TeleportSnapDistance	边界	上限+1	原版同量的边界行为（出处：文档里有出处）	常量=2.5f	一致	client/Assets/Scripts/Module/View/CsViewTuning.cs
S1	CsViewTuning.TeleportSnapDistance	边界	阈值±1	原版同量的边界行为（出处：文档里有出处）	常量=2.5f	一致	client/Assets/Scripts/Module/View/CsViewTuning.cs
S1	CsViewTuning.ViewModelScale	边界	0	原版同量的边界行为（出处：文档里有出处）	常量=1f	一致	client/Assets/Scripts/Module/View/CsViewTuning.cs
S1	CsViewTuning.ViewModelScale	边界	上限	原版同量的边界行为（出处：文档里有出处）	常量=1f	一致	client/Assets/Scripts/Module/View/CsViewTuning.cs
S1	CsViewTuning.ViewModelScale	边界	上限+1	原版同量的边界行为（出处：文档里有出处）	常量=1f	一致	client/Assets/Scripts/Module/View/CsViewTuning.cs
S1	CsViewTuning.ViewModelScale	边界	阈值±1	原版同量的边界行为（出处：文档里有出处）	常量=1f	一致	client/Assets/Scripts/Module/View/CsViewTuning.cs
S1	交叉 S1×D10 数值×逻辑分支	交叉状态	-	伤害公式 × 命中部位 × 护甲	地域研判	一致	patterns/full-coverage-audit.md §4
S2	内存	边界：0 负载（主菜单 / 空场）	0（空载下界）	内存下界 = 主菜单态（未进图）的占用	盘上三份内存产物（perf-result / sliceP-s2-env / p-perf）**都是进图稳态**，没有主菜单态读数 ⇒ 如实留待，⛔ 不拿进图稳态冒充空载	待采（数值类：需实机）	.ai-tmp/test/sliceP-s2-env.txt + .ai-tmp/test/p-perf.json
S2	内存	边界：上限+1（跨局增长越界）	上限+1（越界：连续多局不释放导致增长越过上限）	越界 = 回主菜单 → 再进图，多局之后占用越过上限（清场漏项时会这样）	需实机多局（单会话数据不能外推；清场清单见 client/Assets/Scripts/Module/Flow/AppFlow.cs:595-625）	待采（数值类：需实机）	.ai-tmp/test/sliceP-s2-env.txt
S2	内存	边界：上限（mono 堆容量）	上限（monoHeap 已分配容量 = 846426112 B）	上限 = mono 堆的已分配容量；越过即触发扩容（扩容本身不该发生在这个体量上）	monoUsedBytes = 145707008（= 上限的 17.2%）、monoHeapBytes = 846426112；同会话 monoUsedMB = 134.9 ⇒ 未触顶，在界内	一致	.ai-tmp/test/p-perf.json
S2	内存	边界：标称（进图稳态）	标称	进图稳态内存 = 比赛进行中的占用（同 build 基线）	同一 Play 会话两条通道：sliceP-s2-env.txt `mem totalAllocatedMB=977.0 totalReservedMB=2826.8 monoUsedMB=134.9 gfxDriverMB=504.3`；p-perf.json `totalAllocatedBytes=1024751743 totalReservedBytes=2964140032`（= 977.2 / 2826.8 MB，两通道互证）	一致	.ai-tmp/test/sliceP-s2-env.txt + .ai-tmp/test/p-perf.json
S2	场景加载耗时	边界：0（不触发加载：同地图二次进图）	0（不触发：命中同名跳过）	同地图再次进图不得重复加载（"已加载且同名 ⇒ 跳过"是载体上的同一条判据）	源码：client/Assets/Scripts/Module/Flow/AppFlow.cs:456-463「地图数据已加载且同名，跳过重复加载」；日志：client/Logs/Editor.log 里 `[Flow] 地图数据已加载且同名（de_dust2），跳过重复加载`（末次 2026-09-23 08:30:28.954）⇒ 加载次数 0	一致	client/Assets/Scripts/Module/Flow/AppFlow.cs:456-463 + client/Logs/Editor.log
S2	场景加载耗时	边界：上限+1（> 20 s 触发兜底）	上限+1（越界：> 20 s）	越界行为 = Error + Toast「加载 StageDust2 失败或超时，已返回主菜单」+ GoMainMenu（不得停在读条屏）	实机从未触发（client/Logs/Editor.log 里超时告警命中 0 次）；兜底路径在源码可复核（client/Assets/Scripts/Module/Flow/AppFlow.cs:402-411）⇒ 行为本身**需实机**才可判	待采（数值类：需实机）	client/Assets/Scripts/Module/Flow/AppFlow.cs:402-411
S2	场景加载耗时	边界：上限（代码里的读条超时阈值）	上限（阈值 = 20 s）	上限 = client/Assets/Scripts/Module/Flow/AppFlow.cs 的 StageLoadTimeout = 20 s（:36/:398），越过即放弃本次进图并回主菜单（:402-411）	实测最慢一次 = 0.534 s（热）/ 8.933 s（冷地图解析）⇒ 都远在 20 s 阈值内，兜底从未触发（client/Logs/Editor.log 里 `读条 20s 超时` 命中 0 次）	一致	client/Assets/Scripts/Module/Flow/AppFlow.cs:36,:398,:402-411 + client/Logs/Editor.log
S2	场景加载耗时	边界：标称（热路径 读条开始 → 场景加载完成）	标称（热路径）	热路径加载耗时（同一份载体的最短路径；冷路径是地图数据解析）	client/Logs/Editor.log 2026-09-23 六次进图：读条开始 → 舞台场景加载完成 = 0.189 / 0.203 / 0.213 / 0.287 / 0.353 / 0.534 s（例：08:30:28.952 → 08:30:29.486 = 0.534 s）；同一会话的地图数据解析 = 1.102 ~ 8.933 s（例：08:30:16.521 → 08:30:25.454 = 8.933 s，冷）	一致	client/Logs/Editor.log（[Flow] 读条开始 / 舞台场景加载完成）
S2	帧时间	边界：0 负载 / 最优帧	0（空载下界 = 最优帧）	帧时间下界 = 该 build 在同一台机器上能跑到的最优帧（判据 = 原始产物，⛔ 不是手写常量）；⚠️ min/p50/p95/max 都是**次序统计量**（口径 = tools/probes/bwm-s2-bounds.py），⛔ **不是 A 的官方阈值** —— 后人⛔ 不许把它读成「官方上限」	unscaledDeltaMs min = 4.550 ms（n=197；同刻 cpuFrameTimeMs min = 4.610 ms / gpuFrameTimeMs min = 0.000 ms）；设备 = AMD Radeon RX 5700 XT	一致	.ai-tmp/test/perf-result.txt（197 帧原始采样）
S2	帧时间	边界：上限+1（p95 之上的尾部）	上限+1（越界：p95 之上到 max）	越界帧 = 高于 p95 的尾部样本，必须能指认到具体那一帧（含 warmup / GC 突变）；⚠️ 同上：p95/max 是**次序统计量**，⛔ 不是 A 的官方阈值	unscaledDeltaMs max = 10.870 ms（第 1 帧 = 7.390 ms ⇒ 突刺不在 unscaledDelta 上）；cpuFrameTimeMs max = 124.980 ms 但**只在采样首帧**出现（warmup 突变），其余 196 帧 max = 10.800 ms（197 帧里唯一超过 11 ms 的就是那个 warmup 帧）	一致	.ai-tmp/test/perf-result.txt（197 帧原始采样）
S2	帧时间	边界：上限（p95）	上限（p95）	上限帧时间 = 95 分位；超过它的样本属于尾部（要逐条可指认，不能只说"偶有卡顿"）；⚠️ p95 是**次序统计量**（口径 = tools/probes/bwm-s2-bounds.py，输入 = 197 帧逐帧采样），⛔ **不是 A 的官方上限**（A 本体在盘上没有帧预算载体）	unscaledDeltaMs p95 = 7.844 ms（cpuFrameTimeMs p95 = 8.070 ms / gpuFrameTimeMs p95 = 0.500 ms）；设备 = AMD Radeon RX 5700 XT	一致	.ai-tmp/test/perf-result.txt（197 帧原始采样）
S2	帧时间	边界：标称（稳态 p50）	标称（p50）	标称帧时间 = 稳态跑图的中位帧（同 build 基线，越界采样从它往上算）；⚠️ p50 是**次序统计量**，⛔ 不是 A 的官方阈值	unscaledDeltaMs p50 = 6.210 ms（cpuFrameTimeMs p50 = 6.250 ms）；同一会话另一次采读 `frame=19786 unscaledDeltaMs=6.593 fps=151.7` ⇒ 两条通道同量级	一致	.ai-tmp/test/perf-result.txt + .ai-tmp/test/sliceP-s2-env.txt
S2	渲染设备	设备取证（先证伪软件渲染）	边界：软件光栅 vs 硬件设备（非此即彼）	S2 的前置条件：渲染设备名必须先证伪 —— 落到 Microsoft Basic Render Driver / WARP 时，本机一切帧时间数字无效	client/Logs/Editor.log 的 `[D3D12 Device Filter] Device Name: AMD Radeon RX 5700 XT`；sliceP-s2-env.txt 同源字符串 `device=AMD Radeon RX 5700 XT api=Direct3D12 vramMB=8151` ⇒ 非软件光栅（闸门第 21 项 graphics-device 同源）	一致	client/Logs/Editor.log（Device Name 行） + .ai-tmp/test/sliceP-s2-env.txt
S3	OptionsPanel	改后立即生效	任意值	立即影响当前局	需实机	待采(并排图)	client/Assets/Scripts/UI/Flow/OptionsPanel.cs
S3	OptionsPanel	重进 Play 仍生效	落 Game.Setting	持久化到磁盘	需实机	待采(并排图)	client/Assets/Scripts/UI/Flow/OptionsPanel.cs
